zone	role	tier	w	h	area	aspect	facing	family	dupCount	dupOf	group	pack	name	path
RESIDENTIAL_LOW	house	L	29	34	986	1.17	E	cabin	1		cabingunrang	Valley Station	lot_cabin_09_gunrange	Buildings Catalogue Curated\Valley Station\Other\lot_cabin_09_gunrange.tbx
RESIDENTIAL_LOW	house	L	30	30	900	1.0	W	house	3		housesmall	Dixie	lot_house_small_86	Buildings Catalogue Curated\Dixie\Residential\lot_house_small_86.tbx
RESIDENTIAL_LOW	house	L	30	30	900	1.0	W	house	3	Buildings Catalogue Curated\Dixie\Residential\lot_house_small_86.tbx	housesmall	Valley Station	lot_house_small_86	Buildings Catalogue Curated\Valley Station\Residential\lot_house_small_86.tbx
RESIDENTIAL_LOW	house	L	30	30	900	1.0	W	house	3	Buildings Catalogue Curated\Dixie\Residential\lot_house_small_86.tbx	housesmall	West Point	lot_house_small_86	Buildings Catalogue Curated\West Point\Residential\lot_house_small_86.tbx
RESIDENTIAL_LOW	house	L	40	20	800	2.0	N		1		homeyardfl	Loose	Home_14_Yard_1FL_3B	Residential\Home_14_Yard_1FL_3B.tbx
RESIDENTIAL_LOW	house	L	25	25	625	1.0	E	house	1		houselargee	Riverwood	lot_house_large_01_E_01	Buildings Catalogue Curated\Riverwood\Residential\lot_house_large_01_E_01.tbx
RESIDENTIAL_LOW	house	L	25	25	625	1.0	E	house	1		houselargee	Riverwood	lot_house_large_01_E_02	Buildings Catalogue Curated\Riverwood\Residential\lot_house_large_01_E_02.tbx
RESIDENTIAL_LOW	house	L	25	25	625	1.0	E	house	1		houselargee	Riverwood	lot_house_large_01_E_03	Buildings Catalogue Curated\Riverwood\Residential\lot_house_large_01_E_03.tbx
RESIDENTIAL_LOW	house	L	25	25	625	1.0	E	house	1		houselargee	Riverwood	lot_house_large_01_E_06	Buildings Catalogue Curated\Riverwood\Residential\lot_house_large_01_E_06.tbx
RESIDENTIAL_LOW	house	L	25	25	625	1.0	N	house	1		houselargen	Riverwood	lot_house_large_01_N_01	Buildings Catalogue Curated\Riverwood\Residential\lot_house_large_01_N_01.tbx
RESIDENTIAL_LOW	house	L	25	25	625	1.0	N	house	1		houselargen	Riverwood	lot_house_large_01_N_02	Buildings Catalogue Curated\Riverwood\Residential\lot_house_large_01_N_02.tbx
RESIDENTIAL_LOW	house	L	25	25	625	1.0	N	house	1		houselargen	Riverwood	lot_house_large_01_N_04	Buildings Catalogue Curated\Riverwood\Residential\lot_house_large_01_N_04.tbx
RESIDENTIAL_LOW	house	L	25	25	625	1.0	N	house	1		houselargen	Riverwood	lot_house_large_01_N_05	Buildings Catalogue Curated\Riverwood\Residential\lot_house_large_01_N_05.tbx
RESIDENTIAL_LOW	house	L	25	25	625	1.0	S	house	1		houselarges	Riverwood	lot_house_large_01_S_01	Buildings Catalogue Curated\Riverwood\Residential\lot_house_large_01_S_01.tbx
RESIDENTIAL_LOW	house	L	25	25	625	1.0	S	house	1		houselarges	Riverwood	lot_house_large_01_S_02	Buildings Catalogue Curated\Riverwood\Residential\lot_house_large_01_S_02.tbx
RESIDENTIAL_LOW	house	L	25	25	625	1.0	S	house	1		houselarges	Riverwood	lot_house_large_01_S_03	Buildings Catalogue Curated\Riverwood\Residential\lot_house_large_01_S_03.tbx
RESIDENTIAL_LOW	house	L	25	25	625	1.0	S	house	1		houselarges	Riverwood	lot_house_large_01_S_04	Buildings Catalogue Curated\Riverwood\Residential\lot_house_large_01_S_04.tbx
RESIDENTIAL_LOW	house	L	25	25	625	1.0	S	house	1		houselarges	Riverwood	lot_house_large_01_S_05	Buildings Catalogue Curated\Riverwood\Residential\lot_house_large_01_S_05.tbx
RESIDENTIAL_LOW	house	L	25	25	625	1.0	S	house	1		houselarges	Riverwood	lot_house_large_01_S_06	Buildings Catalogue Curated\Riverwood\Residential\lot_house_large_01_S_06.tbx
RESIDENTIAL_LOW	house	L	25	25	625	1.0	E	house	1		houselargew	Riverwood	lot_house_large_01_W_01	Buildings Catalogue Curated\Riverwood\Residential\lot_house_large_01_W_01.tbx
RESIDENTIAL_LOW	house	L	25	25	625	1.0	W	house	1		houselargew	Riverwood	lot_house_large_01_W_02	Buildings Catalogue Curated\Riverwood\Residential\lot_house_large_01_W_02.tbx
RESIDENTIAL_LOW	house	L	25	25	625	1.0	W	house	1		houselargew	Riverwood	lot_house_large_01_W_03	Buildings Catalogue Curated\Riverwood\Residential\lot_house_large_01_W_03.tbx
RESIDENTIAL_LOW	house	L	25	25	625	1.0	W	house	1		houselargew	Riverwood	lot_house_large_01_W_04	Buildings Catalogue Curated\Riverwood\Residential\lot_house_large_01_W_04.tbx
RESIDENTIAL_LOW	house	L	25	25	625	1.0	W	house	1		houselargew	Riverwood	lot_house_large_01_W_05	Buildings Catalogue Curated\Riverwood\Residential\lot_house_large_01_W_05.tbx
RESIDENTIAL_LOW	house	L	25	25	625	1.0	S	house	2		housemedium	Rosewood	lot_house_medium_55	Buildings Catalogue Curated\Rosewood\Residential\lot_house_medium_55.tbx
RESIDENTIAL_LOW	house	L	25	25	625	1.0	S	house	3		housemedium	Rosewood	lot_house_medium_61_52v	Buildings Catalogue Curated\Rosewood\Residential\lot_house_medium_61_52v.tbx
RESIDENTIAL_LOW	house	L	25	25	625	1.0	N	house	3		housemedium	Rosewood	lot_house_medium_66_58v	Buildings Catalogue Curated\Rosewood\Residential\lot_house_medium_66_58v.tbx
RESIDENTIAL_LOW	house	L	25	25	625	1.0	N	house	2		housemedium	Rosewood	lot_house_medium_67_55v	Buildings Catalogue Curated\Rosewood\Residential\lot_house_medium_67_55v.tbx
RESIDENTIAL_LOW	house	L	25	25	625	1.0	N	house	2		housemedium	Rosewood	lot_house_medium_69_58v	Buildings Catalogue Curated\Rosewood\Residential\lot_house_medium_69_58v.tbx
RESIDENTIAL_LOW	house	L	25	25	625	1.0	E	house	3		housemedium	Rosewood	lot_house_medium_70_55v	Buildings Catalogue Curated\Rosewood\Residential\lot_house_medium_70_55v.tbx
RESIDENTIAL_LOW	house	L	25	25	625	1.0	E	house	3		housemedium	Rosewood	lot_house_medium_72_60v	Buildings Catalogue Curated\Rosewood\Residential\lot_house_medium_72_60v.tbx
RESIDENTIAL_LOW	house	L	25	25	625	1.0	E	house	2		housemedium	Rosewood	lot_house_medium_73_61v	Buildings Catalogue Curated\Rosewood\Residential\lot_house_medium_73_61v.tbx
RESIDENTIAL_LOW	house	L	25	25	625	1.0	S	house	3		housemedium	Rosewood	lot_house_medium_74_60v	Buildings Catalogue Curated\Rosewood\Residential\lot_house_medium_74_60v.tbx
RESIDENTIAL_LOW	house	L	25	25	625	1.0	S	house	3		housemedium	Rosewood	lot_house_medium_79_58v	Buildings Catalogue Curated\Rosewood\Residential\lot_house_medium_79_58v.tbx
RESIDENTIAL_LOW	house	L	25	25	625	1.0	S	house	2		housemedium	Valley Station	lot_house_medium_57_55v	Buildings Catalogue Curated\Valley Station\Residential\lot_house_medium_57_55v.tbx
RESIDENTIAL_LOW	house	L	25	25	625	1.0	S	house	2		housemedium	Valley Station	lot_house_medium_59_58v	Buildings Catalogue Curated\Valley Station\Residential\lot_house_medium_59_58v.tbx
RESIDENTIAL_LOW	house	L	25	25	625	1.0	S	house	3	Buildings Catalogue Curated\Rosewood\Residential\lot_house_medium_61_52v.tbx	housemedium	Valley Station	lot_house_medium_61_52v	Buildings Catalogue Curated\Valley Station\Residential\lot_house_medium_61_52v.tbx
RESIDENTIAL_LOW	house	L	25	25	625	1.0	N	house	2		housemedium	Valley Station	lot_house_medium_62_52v	Buildings Catalogue Curated\Valley Station\Residential\lot_house_medium_62_52v.tbx
RESIDENTIAL_LOW	house	L	25	25	625	1.0	N	house	3	Buildings Catalogue Curated\Rosewood\Residential\lot_house_medium_66_58v.tbx	housemedium	Valley Station	lot_house_medium_66_58v	Buildings Catalogue Curated\Valley Station\Residential\lot_house_medium_66_58v.tbx
RESIDENTIAL_LOW	house	L	25	25	625	1.0	N	house	2		housemedium	Valley Station	lot_house_medium_68_55v	Buildings Catalogue Curated\Valley Station\Residential\lot_house_medium_68_55v.tbx
RESIDENTIAL_LOW	house	L	25	25	625	1.0	E	house	3	Buildings Catalogue Curated\Rosewood\Residential\lot_house_medium_70_55v.tbx	housemedium	Valley Station	lot_house_medium_70_55v	Buildings Catalogue Curated\Valley Station\Residential\lot_house_medium_70_55v.tbx
RESIDENTIAL_LOW	house	L	25	25	625	1.0	E	house	3	Buildings Catalogue Curated\Rosewood\Residential\lot_house_medium_72_60v.tbx	housemedium	Valley Station	lot_house_medium_72_60v	Buildings Catalogue Curated\Valley Station\Residential\lot_house_medium_72_60v.tbx
RESIDENTIAL_LOW	house	L	25	25	625	1.0	S	house	3	Buildings Catalogue Curated\Rosewood\Residential\lot_house_medium_74_60v.tbx	housemedium	Valley Station	lot_house_medium_74_60v	Buildings Catalogue Curated\Valley Station\Residential\lot_house_medium_74_60v.tbx
RESIDENTIAL_LOW	house	L	25	25	625	1.0	S	house	3	Buildings Catalogue Curated\Rosewood\Residential\lot_house_medium_79_58v.tbx	housemedium	Valley Station	lot_house_medium_79_58v	Buildings Catalogue Curated\Valley Station\Residential\lot_house_medium_79_58v.tbx
RESIDENTIAL_LOW	house	L	25	25	625	1.0	S	house	2		housemedium	Valley Station	lot_house_medium_80_79v	Buildings Catalogue Curated\Valley Station\Residential\lot_house_medium_80_79v.tbx
RESIDENTIAL_LOW	house	L	25	25	625	1.0	N	house	2		housemedium	Valley Station	lot_house_medium_83_52v	Buildings Catalogue Curated\Valley Station\Residential\lot_house_medium_83_52v.tbx
RESIDENTIAL_LOW	house	L	25	25	625	1.0	N	house	2		housemedium	Valley Station	lot_house_medium_84_52v	Buildings Catalogue Curated\Valley Station\Residential\lot_house_medium_84_52v.tbx
RESIDENTIAL_LOW	house	L	25	25	625	1.0	N	house	2		housemedium	Valley Station	lot_house_medium_85_58v	Buildings Catalogue Curated\Valley Station\Residential\lot_house_medium_85_58v.tbx
RESIDENTIAL_LOW	house	L	25	25	625	1.0	N	house	2		housemedium	Valley Station	lot_house_medium_86_55v	Buildings Catalogue Curated\Valley Station\Residential\lot_house_medium_86_55v.tbx
RESIDENTIAL_LOW	house	L	25	25	625	1.0	W	house	2		housemedium	Valley Station	lot_house_medium_87_58v	Buildings Catalogue Curated\Valley Station\Residential\lot_house_medium_87_58v.tbx
RESIDENTIAL_LOW	house	L	25	25	625	1.0	W	house	2		housemedium	Valley Station	lot_house_medium_88_55v	Buildings Catalogue Curated\Valley Station\Residential\lot_house_medium_88_55v.tbx
RESIDENTIAL_LOW	house	L	25	25	625	1.0	S	house	1		housemedium	West Point	lot_house_medium_52	Buildings Catalogue Curated\West Point\Residential\lot_house_medium_52.tbx
RESIDENTIAL_LOW	house	L	25	25	625	1.0	S	house	1		housemedium	West Point	lot_house_medium_53_52v	Buildings Catalogue Curated\West Point\Residential\lot_house_medium_53_52v.tbx
RESIDENTIAL_LOW	house	L	25	25	625	1.0	S	house	1		housemedium	West Point	lot_house_medium_54_52v	Buildings Catalogue Curated\West Point\Residential\lot_house_medium_54_52v.tbx
RESIDENTIAL_LOW	house	L	25	25	625	1.0	S	house	2	Buildings Catalogue Curated\Rosewood\Residential\lot_house_medium_55.tbx	housemedium	West Point	lot_house_medium_55	Buildings Catalogue Curated\West Point\Residential\lot_house_medium_55.tbx
RESIDENTIAL_LOW	house	L	25	25	625	1.0	S	house	1		housemedium	West Point	lot_house_medium_56_55v	Buildings Catalogue Curated\West Point\Residential\lot_house_medium_56_55v.tbx
RESIDENTIAL_LOW	house	L	25	25	625	1.0	S	house	2	Buildings Catalogue Curated\Valley Station\Residential\lot_house_medium_57_55v.tbx	housemedium	West Point	lot_house_medium_57_55v	Buildings Catalogue Curated\West Point\Residential\lot_house_medium_57_55v.tbx
RESIDENTIAL_LOW	house	L	25	25	625	1.0	S	house	1		housemedium	West Point	lot_house_medium_58v	Buildings Catalogue Curated\West Point\Residential\lot_house_medium_58v.tbx
RESIDENTIAL_LOW	house	L	25	25	625	1.0	S	house	2	Buildings Catalogue Curated\Valley Station\Residential\lot_house_medium_59_58v.tbx	housemedium	West Point	lot_house_medium_59_58v	Buildings Catalogue Curated\West Point\Residential\lot_house_medium_59_58v.tbx
RESIDENTIAL_LOW	house	L	25	25	625	1.0	S	house	1		housemedium	West Point	lot_house_medium_60_58v	Buildings Catalogue Curated\West Point\Residential\lot_house_medium_60_58v.tbx
RESIDENTIAL_LOW	house	L	25	25	625	1.0	S	house	3	Buildings Catalogue Curated\Rosewood\Residential\lot_house_medium_61_52v.tbx	housemedium	West Point	lot_house_medium_61_52v	Buildings Catalogue Curated\West Point\Residential\lot_house_medium_61_52v.tbx
RESIDENTIAL_LOW	house	L	25	25	625	1.0	N	house	2	Buildings Catalogue Curated\Valley Station\Residential\lot_house_medium_62_52v.tbx	housemedium	West Point	lot_house_medium_62_52v	Buildings Catalogue Curated\West Point\Residential\lot_house_medium_62_52v.tbx
RESIDENTIAL_LOW	house	L	25	25	625	1.0	N	house	1		housemedium	West Point	lot_house_medium_63_52v	Buildings Catalogue Curated\West Point\Residential\lot_house_medium_63_52v.tbx
RESIDENTIAL_LOW	house	L	25	25	625	1.0	N	house	3	Buildings Catalogue Curated\Rosewood\Residential\lot_house_medium_66_58v.tbx	housemedium	West Point	lot_house_medium_66_58v	Buildings Catalogue Curated\West Point\Residential\lot_house_medium_66_58v.tbx
RESIDENTIAL_LOW	house	L	25	25	625	1.0	N	house	2	Buildings Catalogue Curated\Rosewood\Residential\lot_house_medium_67_55v.tbx	housemedium	West Point	lot_house_medium_67_55v	Buildings Catalogue Curated\West Point\Residential\lot_house_medium_67_55v.tbx
RESIDENTIAL_LOW	house	L	25	25	625	1.0	N	house	2	Buildings Catalogue Curated\Valley Station\Residential\lot_house_medium_68_55v.tbx	housemedium	West Point	lot_house_medium_68_55v	Buildings Catalogue Curated\West Point\Residential\lot_house_medium_68_55v.tbx
RESIDENTIAL_LOW	house	L	25	25	625	1.0	N	house	2	Buildings Catalogue Curated\Rosewood\Residential\lot_house_medium_69_58v.tbx	housemedium	West Point	lot_house_medium_69_58v	Buildings Catalogue Curated\West Point\Residential\lot_house_medium_69_58v.tbx
RESIDENTIAL_LOW	house	L	25	25	625	1.0	E	house	3	Buildings Catalogue Curated\Rosewood\Residential\lot_house_medium_70_55v.tbx	housemedium	West Point	lot_house_medium_70_55v	Buildings Catalogue Curated\West Point\Residential\lot_house_medium_70_55v.tbx
RESIDENTIAL_LOW	house	L	25	25	625	1.0	E	house	3	Buildings Catalogue Curated\Rosewood\Residential\lot_house_medium_72_60v.tbx	housemedium	West Point	lot_house_medium_72_60v	Buildings Catalogue Curated\West Point\Residential\lot_house_medium_72_60v.tbx
RESIDENTIAL_LOW	house	L	25	25	625	1.0	E	house	2	Buildings Catalogue Curated\Rosewood\Residential\lot_house_medium_73_61v.tbx	housemedium	West Point	lot_house_medium_73_61v	Buildings Catalogue Curated\West Point\Residential\lot_house_medium_73_61v.tbx
RESIDENTIAL_LOW	house	L	25	25	625	1.0	S	house	3	Buildings Catalogue Curated\Rosewood\Residential\lot_house_medium_74_60v.tbx	housemedium	West Point	lot_house_medium_74_60v	Buildings Catalogue Curated\West Point\Residential\lot_house_medium_74_60v.tbx
RESIDENTIAL_LOW	house	L	25	25	625	1.0	N	house	1		housemedium	West Point	lot_house_medium_75_58v	Buildings Catalogue Curated\West Point\Residential\lot_house_medium_75_58v.tbx
RESIDENTIAL_LOW	house	L	25	25	625	1.0	S	house	3	Buildings Catalogue Curated\Rosewood\Residential\lot_house_medium_79_58v.tbx	housemedium	West Point	lot_house_medium_79_58v	Buildings Catalogue Curated\West Point\Residential\lot_house_medium_79_58v.tbx
RESIDENTIAL_LOW	house	L	25	25	625	1.0	S	house	2	Buildings Catalogue Curated\Valley Station\Residential\lot_house_medium_80_79v.tbx	housemedium	West Point	lot_house_medium_80_79v	Buildings Catalogue Curated\West Point\Residential\lot_house_medium_80_79v.tbx
RESIDENTIAL_LOW	house	L	25	25	625	1.0	S	house	1		housemedium	West Point	lot_house_medium_81_79v	Buildings Catalogue Curated\West Point\Residential\lot_house_medium_81_79v.tbx
RESIDENTIAL_LOW	house	L	25	25	625	1.0	N	house	2	Buildings Catalogue Curated\Valley Station\Residential\lot_house_medium_83_52v.tbx	housemedium	West Point	lot_house_medium_83_52v	Buildings Catalogue Curated\West Point\Residential\lot_house_medium_83_52v.tbx
RESIDENTIAL_LOW	house	L	25	25	625	1.0	N	house	2	Buildings Catalogue Curated\Valley Station\Residential\lot_house_medium_84_52v.tbx	housemedium	West Point	lot_house_medium_84_52v	Buildings Catalogue Curated\West Point\Residential\lot_house_medium_84_52v.tbx
RESIDENTIAL_LOW	house	L	25	25	625	1.0	N	house	2	Buildings Catalogue Curated\Valley Station\Residential\lot_house_medium_85_58v.tbx	housemedium	West Point	lot_house_medium_85_58v	Buildings Catalogue Curated\West Point\Residential\lot_house_medium_85_58v.tbx
RESIDENTIAL_LOW	house	L	25	25	625	1.0	N	house	2	Buildings Catalogue Curated\Valley Station\Residential\lot_house_medium_86_55v.tbx	housemedium	West Point	lot_house_medium_86_55v	Buildings Catalogue Curated\West Point\Residential\lot_house_medium_86_55v.tbx
RESIDENTIAL_LOW	house	L	25	25	625	1.0	W	house	2	Buildings Catalogue Curated\Valley Station\Residential\lot_house_medium_87_58v.tbx	housemedium	West Point	lot_house_medium_87_58v	Buildings Catalogue Curated\West Point\Residential\lot_house_medium_87_58v.tbx
RESIDENTIAL_LOW	house	L	25	25	625	1.0	W	house	2	Buildings Catalogue Curated\Valley Station\Residential\lot_house_medium_88_55v.tbx	housemedium	West Point	lot_house_medium_88_55v	Buildings Catalogue Curated\West Point\Residential\lot_house_medium_88_55v.tbx
RESIDENTIAL_LOW	house	L	25	25	625	1.0	E	house	1		housesmall	West Point	lot_house_small_97	Buildings Catalogue Curated\West Point\Residential\lot_house_small_97.tbx
RESIDENTIAL_LOW	house	L	28	20	560	1.4	S	house	3		housemediumfarmhou	Dixie	lot_house_medium_92_farmhouse	Buildings Catalogue Curated\Dixie\Residential\lot_house_medium_92_farmhouse.tbx
RESIDENTIAL_LOW	house	L	20	28	560	1.4	E	house	2		housemediumfarmhou	Dixie	lot_house_medium_95_farmhouse	Buildings Catalogue Curated\Dixie\Residential\lot_house_medium_95_farmhouse.tbx
RESIDENTIAL_LOW	house	L	28	20	560	1.4	S	house	2		housemediumcfarmhou	Riverwood	lot_house_medium_96c_farmhouse	Buildings Catalogue Curated\Riverwood\Residential\lot_house_medium_96c_farmhouse.tbx
RESIDENTIAL_LOW	house	L	28	20	560	1.4	S	house	2	Buildings Catalogue Curated\Riverwood\Residential\lot_house_medium_96c_farmhouse.tbx	housemediumcfarmhou	Rosewood	lot_house_medium_96c_farmhouse	Buildings Catalogue Curated\Rosewood\Residential\lot_house_medium_96c_farmhouse.tbx
RESIDENTIAL_LOW	house	L	20	28	560	1.4	W	house	2		housemediumfarmhou	Rosewood	lot_house_medium_96_farmhouse	Buildings Catalogue Curated\Rosewood\Residential\lot_house_medium_96_farmhouse.tbx
RESIDENTIAL_LOW	house	L	28	20	560	1.4	S	house	3	Buildings Catalogue Curated\Dixie\Residential\lot_house_medium_92_farmhouse.tbx	housemediumfarmhou	Valley Station	lot_house_medium_92_farmhouse	Buildings Catalogue Curated\Valley Station\Residential\lot_house_medium_92_farmhouse.tbx
RESIDENTIAL_LOW	house	L	20	28	560	1.4	E	house	2	Buildings Catalogue Curated\Dixie\Residential\lot_house_medium_95_farmhouse.tbx	housemediumfarmhou	Valley Station	lot_house_medium_95_farmhouse	Buildings Catalogue Curated\Valley Station\Residential\lot_house_medium_95_farmhouse.tbx
RESIDENTIAL_LOW	house	L	20	28	560	1.4	W	house	2	Buildings Catalogue Curated\Rosewood\Residential\lot_house_medium_96_farmhouse.tbx	housemediumfarmhou	Valley Station	lot_house_medium_96_farmhouse	Buildings Catalogue Curated\Valley Station\Residential\lot_house_medium_96_farmhouse.tbx
RESIDENTIAL_LOW	house	L	28	20	560	1.4	S	house	3	Buildings Catalogue Curated\Dixie\Residential\lot_house_medium_92_farmhouse.tbx	housemediumfarmhou	West Point	lot_house_medium_92_farmhouse	Buildings Catalogue Curated\West Point\Residential\lot_house_medium_92_farmhouse.tbx
RESIDENTIAL_LOW	house	L	25	21	525	1.19	S	house	1		housesuburbea	Riverwood	lot_house_suburb_01_E_08_a_empty	Buildings Catalogue Curated\Riverwood\Residential\lot_house_suburb_01_E_08_a_empty.tbx
RESIDENTIAL_LOW	house	L	21	25	525	1.19	N	house	1		housesuburbn	Riverwood	lot_house_suburb_01_N_03	Buildings Catalogue Curated\Riverwood\Residential\lot_house_suburb_01_N_03.tbx
RESIDENTIAL_LOW	house	L	21	25	525	1.19	E	house	1		housesuburbn	Riverwood	lot_house_suburb_01_N_05	Buildings Catalogue Curated\Riverwood\Residential\lot_house_suburb_01_N_05.tbx
RESIDENTIAL_LOW	house	L	21	25	525	1.19	N	house	1		housesuburbn	Riverwood	lot_house_suburb_01_N_06	Buildings Catalogue Curated\Riverwood\Residential\lot_house_suburb_01_N_06.tbx
RESIDENTIAL_LOW	house	L	21	25	525	1.19	N	house	1		housesuburbn	Riverwood	lot_house_suburb_01_N_09	Buildings Catalogue Curated\Riverwood\Residential\lot_house_suburb_01_N_09.tbx
RESIDENTIAL_LOW	house	L	21	25	525	1.19	S	house	1		housesuburbs	Riverwood	lot_house_suburb_01_S_06	Buildings Catalogue Curated\Riverwood\Residential\lot_house_suburb_01_S_06.tbx
RESIDENTIAL_LOW	house	L	21	25	525	1.19	W	house	1		housesuburbs	Riverwood	lot_house_suburb_01_S_08	Buildings Catalogue Curated\Riverwood\Residential\lot_house_suburb_01_S_08.tbx
RESIDENTIAL_LOW	house	L	25	21	525	1.19	S	house	1		housesuburbw	Riverwood	lot_house_suburb_01_W_04	Buildings Catalogue Curated\Riverwood\Residential\lot_house_suburb_01_W_04.tbx
RESIDENTIAL_LOW	house	L	25	21	525	1.19	N	house	2		housesuburbw	Riverwood	lot_house_suburb_01_W_05	Buildings Catalogue Curated\Riverwood\Residential\lot_house_suburb_01_W_05.tbx
RESIDENTIAL_LOW	house	L	25	21	525	1.19	W	house	1		housesuburbw	Riverwood	lot_house_suburb_01_W_06	Buildings Catalogue Curated\Riverwood\Residential\lot_house_suburb_01_W_06.tbx
RESIDENTIAL_LOW	house	L	25	21	525	1.19	N	house	1		housesuburbw	Riverwood	lot_house_suburb_01_W_08	Buildings Catalogue Curated\Riverwood\Residential\lot_house_suburb_01_W_08.tbx
RESIDENTIAL_LOW	house	L	25	21	525	1.19	N	house	2	Buildings Catalogue Curated\Riverwood\Residential\lot_house_suburb_01_W_05.tbx	housesuburbw	Rosewood	lot_house_suburb_01_W_05	Buildings Catalogue Curated\Rosewood\Residential\lot_house_suburb_01_W_05.tbx
RESIDENTIAL_LOW	house	L	25	21	525	1.19	E	house	1		housesuburbwagunhou	Rosewood	lot_house_suburb_01_W_06_a_gunhouse	Buildings Catalogue Curated\Rosewood\Residential\lot_house_suburb_01_W_06_a_gunhouse.tbx
RESIDENTIAL_LOW	house	L	18	29	522	1.61	E		1		ballbkmansio	Loose	Ball-bkmansion	Residential\Ball-bkmansion.tbx
RESIDENTIAL_LOW	house	M	24	20	480	1.2	E	house	2		housemedium	Dixie	lot_house_medium_94_17v	Buildings Catalogue Curated\Dixie\Residential\lot_house_medium_94_17v.tbx
RESIDENTIAL_LOW	house	M	24	20	480	1.2	E	house	2	Buildings Catalogue Curated\Dixie\Residential\lot_house_medium_94_17v.tbx	housemedium	Valley Station	lot_house_medium_94_17v	Buildings Catalogue Curated\Valley Station\Residential\lot_house_medium_94_17v.tbx
RESIDENTIAL_LOW	house	M	21	21	441	1.0	S		1		homeyardflbnswood	Loose	Home_10_Yard_1FL_2B_NS_Wood	Residential\Home_10_Yard_1FL_2B_NS_Wood.tbx
RESIDENTIAL_LOW	house	M	21	21	441	1.0	E		1		homeyardfl	Loose	Home_11_Yard_1FL_2B_E	Residential\Home_11_Yard_1FL_2B_E.tbx
RESIDENTIAL_LOW	house	M	21	21	441	1.0	E		1		homeyardfl	Loose	Home_13_Yard_1FL_2B_E	Residential\Home_13_Yard_1FL_2B_E.tbx
RESIDENTIAL_LOW	house	M	21	21	441	1.0	E		1		homeyardfl	Loose	Home_16_Yard_1FL_2B_E	Residential\Home_16_Yard_1FL_2B_E.tbx
RESIDENTIAL_LOW	house	M	21	21	441	1.0	E		1		homeyardfl	Loose	Home_17_Yard_1FL_2B_E	Residential\Home_17_Yard_1FL_2B_E.tbx
RESIDENTIAL_LOW	house	M	21	21	441	1.0	E		1		homeyardfl	Loose	Home_18_Yard_1FL_2B_E	Residential\Home_18_Yard_1FL_2B_E.tbx
RESIDENTIAL_LOW	house	M	21	21	441	1.0	W		1		homeyardfl	Loose	Home_27_Yard_1FL_3B_W	Residential\Home_27_Yard_1FL_3B_W.tbx
RESIDENTIAL_LOW	house	M	21	21	441	1.0	W		1		homeyardfl	Loose	Home_30_Yard_1FL_3B_W	Residential\Home_30_Yard_1FL_3B_W.tbx
RESIDENTIAL_LOW	house	M	21	21	441	1.0	W		1		homeyardfl	Loose	Home_33_Yard_1FL_3B_W	Residential\Home_33_Yard_1FL_3B_W.tbx
RESIDENTIAL_LOW	house	M	21	21	441	1.0	S		1		homeyardfl	Loose	Home_6_Yard_1FL_2B_NS	Residential\Home_6_Yard_1FL_2B_NS.tbx
RESIDENTIAL_LOW	house	M	21	21	441	1.0	S		1		homeyardflbnsbrick	Loose	Home_8_Yard_1FL_2B_NS_Brick	Residential\Home_8_Yard_1FL_2B_NS_Brick.tbx
RESIDENTIAL_LOW	house	M	21	21	441	1.0	S		1		homeyardflbnsbrickblk	Loose	Home_9_Yard_1FL_2B_NS_Brick_Blk	Residential\Home_9_Yard_1FL_2B_NS_Brick_Blk.tbx
RESIDENTIAL_LOW	house	M	20	22	440	1.1	S	house	2		housesmall	Muldraugh	lot_house_small_104	Buildings Catalogue Curated\Muldraugh\Residential\lot_house_small_104.tbx
RESIDENTIAL_LOW	house	M	20	22	440	1.1	S	house	2		housesmall	Muldraugh	lot_house_small_111_110v	Buildings Catalogue Curated\Muldraugh\Residential\lot_house_small_111_110v.tbx
RESIDENTIAL_LOW	house	M	20	22	440	1.1	S	house	4		housesmall	Muldraugh	lot_house_small_153_109v	Buildings Catalogue Curated\Muldraugh\Residential\lot_house_small_153_109v.tbx
RESIDENTIAL_LOW	house	M	20	22	440	1.1	W	house	1		housesmall	Muldraugh	lot_house_small_164	Buildings Catalogue Curated\Muldraugh\Residential\lot_house_small_164.tbx
RESIDENTIAL_LOW	house	M	20	22	440	1.1	S	house	3		housesmall	Riverwood	lot_house_small_110	Buildings Catalogue Curated\Riverwood\Residential\lot_house_small_110.tbx
RESIDENTIAL_LOW	house	M	22	20	440	1.1	W	house	3		housesmall	Riverwood	lot_house_small_115	Buildings Catalogue Curated\Riverwood\Residential\lot_house_small_115.tbx
RESIDENTIAL_LOW	house	M	20	22	440	1.1	S	house	4	Buildings Catalogue Curated\Muldraugh\Residential\lot_house_small_153_109v.tbx	housesmall	Riverwood	lot_house_small_153_109v	Buildings Catalogue Curated\Riverwood\Residential\lot_house_small_153_109v.tbx
RESIDENTIAL_LOW	house	M	20	22	440	1.1	S	house	1		housemedium	Rosewood	lot_house_medium_44	Buildings Catalogue Curated\Rosewood\Residential\lot_house_medium_44.tbx
RESIDENTIAL_LOW	house	M	20	22	440	1.1	S	house	2		housesmall	Rosewood	lot_house_small_105_104v	Buildings Catalogue Curated\Rosewood\Residential\lot_house_small_105_104v.tbx
RESIDENTIAL_LOW	house	M	20	22	440	1.1	S	house	4	Buildings Catalogue Curated\Muldraugh\Residential\lot_house_small_153_109v.tbx	housesmall	Rosewood	lot_house_small_153_109v	Buildings Catalogue Curated\Rosewood\Residential\lot_house_small_153_109v.tbx
RESIDENTIAL_LOW	house	M	20	22	440	1.1	S	house	3	Buildings Catalogue Curated\Riverwood\Residential\lot_house_small_110.tbx	housesmall	Valley Station	lot_house_small_110	Buildings Catalogue Curated\Valley Station\Residential\lot_house_small_110.tbx
RESIDENTIAL_LOW	house	M	22	20	440	1.1	W	house	3	Buildings Catalogue Curated\Riverwood\Residential\lot_house_small_115.tbx	housesmall	Valley Station	lot_house_small_115	Buildings Catalogue Curated\Valley Station\Residential\lot_house_small_115.tbx
RESIDENTIAL_LOW	house	M	20	22	440	1.1	S	house	4	Buildings Catalogue Curated\Muldraugh\Residential\lot_house_small_153_109v.tbx	housesmall	Valley Station	lot_house_small_153_109v	Buildings Catalogue Curated\Valley Station\Residential\lot_house_small_153_109v.tbx
RESIDENTIAL_LOW	house	M	20	22	440	1.1	S	house	2	Buildings Catalogue Curated\Muldraugh\Residential\lot_house_small_104.tbx	housesmall	West Point	lot_house_small_104	Buildings Catalogue Curated\West Point\Residential\lot_house_small_104.tbx
RESIDENTIAL_LOW	house	M	20	22	440	1.1	S	house	2	Buildings Catalogue Curated\Rosewood\Residential\lot_house_small_105_104v.tbx	housesmall	West Point	lot_house_small_105_104v	Buildings Catalogue Curated\West Point\Residential\lot_house_small_105_104v.tbx
RESIDENTIAL_LOW	house	M	20	22	440	1.1	S	house	1		housesmall	West Point	lot_house_small_109	Buildings Catalogue Curated\West Point\Residential\lot_house_small_109.tbx
RESIDENTIAL_LOW	house	M	20	22	440	1.1	S	house	3	Buildings Catalogue Curated\Riverwood\Residential\lot_house_small_110.tbx	housesmall	West Point	lot_house_small_110	Buildings Catalogue Curated\West Point\Residential\lot_house_small_110.tbx
RESIDENTIAL_LOW	house	M	20	22	440	1.1	S	house	2	Buildings Catalogue Curated\Muldraugh\Residential\lot_house_small_111_110v.tbx	housesmall	West Point	lot_house_small_111_110v	Buildings Catalogue Curated\West Point\Residential\lot_house_small_111_110v.tbx
RESIDENTIAL_LOW	house	M	22	20	440	1.1	W	house	3	Buildings Catalogue Curated\Riverwood\Residential\lot_house_small_115.tbx	housesmall	West Point	lot_house_small_115	Buildings Catalogue Curated\West Point\Residential\lot_house_small_115.tbx
RESIDENTIAL_LOW	house	M	20	21	420	1.05	E	house	1		houselargee	Riverwood	lot_house_large_01_E_07	Buildings Catalogue Curated\Riverwood\Residential\lot_house_large_01_E_07.tbx
RESIDENTIAL_LOW	house	M	20	21	420	1.05	E	house	1		houselargee	Riverwood	lot_house_large_01_E_08	Buildings Catalogue Curated\Riverwood\Residential\lot_house_large_01_E_08.tbx
RESIDENTIAL_LOW	house	M	20	21	420	1.05	E	house	1		houselargee	Riverwood	lot_house_large_01_E_09	Buildings Catalogue Curated\Riverwood\Residential\lot_house_large_01_E_09.tbx
RESIDENTIAL_LOW	house	M	21	20	420	1.05	N	house	1		houselargen	Riverwood	lot_house_large_01_N_07	Buildings Catalogue Curated\Riverwood\Residential\lot_house_large_01_N_07.tbx
RESIDENTIAL_LOW	house	M	21	20	420	1.05	N	house	1		houselargen	Riverwood	lot_house_large_01_N_08	Buildings Catalogue Curated\Riverwood\Residential\lot_house_large_01_N_08.tbx
RESIDENTIAL_LOW	house	M	21	20	420	1.05	S	house	1		houselarges	Riverwood	lot_house_large_01_S_07	Buildings Catalogue Curated\Riverwood\Residential\lot_house_large_01_S_07.tbx
RESIDENTIAL_LOW	house	M	21	20	420	1.05	S	house	1		houselarges	Riverwood	lot_house_large_01_S_08	Buildings Catalogue Curated\Riverwood\Residential\lot_house_large_01_S_08.tbx
RESIDENTIAL_LOW	house	M	21	20	420	1.05	S	house	1		houselarges	Riverwood	lot_house_large_01_S_09	Buildings Catalogue Curated\Riverwood\Residential\lot_house_large_01_S_09.tbx
RESIDENTIAL_LOW	house	M	20	21	420	1.05	W	house	1		houselargew	Riverwood	lot_house_large_01_W_07	Buildings Catalogue Curated\Riverwood\Residential\lot_house_large_01_W_07.tbx
RESIDENTIAL_LOW	house	M	20	21	420	1.05	W	house	1		houselargew	Riverwood	lot_house_large_01_W_09	Buildings Catalogue Curated\Riverwood\Residential\lot_house_large_01_W_09.tbx
RESIDENTIAL_LOW	house	M	23	18	414	1.28	N	house	2		housemediumdfarmhou	Dixie	lot_house_medium_96d_farmhouse	Buildings Catalogue Curated\Dixie\Residential\lot_house_medium_96d_farmhouse.tbx
RESIDENTIAL_LOW	house	M	23	18	414	1.28	N	house	2	Buildings Catalogue Curated\Dixie\Residential\lot_house_medium_96d_farmhouse.tbx	housemediumdfarmhou	Rosewood	lot_house_medium_96d_farmhouse	Buildings Catalogue Curated\Rosewood\Residential\lot_house_medium_96d_farmhouse.tbx
RESIDENTIAL_LOW	house	M	20	20	400	1.0	S	house	2		housemedium	Dixie	lot_house_medium_13	Buildings Catalogue Curated\Dixie\Residential\lot_house_medium_13.tbx
RESIDENTIAL_LOW	house	M	20	20	400	1.0	E	house	2		housesmall	Dixie	lot_house_small_114	Buildings Catalogue Curated\Dixie\Residential\lot_house_small_114.tbx
RESIDENTIAL_LOW	house	M	20	20	400	1.0	E	house	2		housesmall	Dixie	lot_house_small_43	Buildings Catalogue Curated\Dixie\Residential\lot_house_small_43.tbx
RESIDENTIAL_LOW	house	M	20	20	400	1.0	E	house	3		housesmall	Dixie	lot_house_small_70_40v	Buildings Catalogue Curated\Dixie\Residential\lot_house_small_70_40v.tbx
RESIDENTIAL_LOW	house	M	20	20	400	1.0	W	house	4		housesmall	Dixie	lot_house_small_71_27v	Buildings Catalogue Curated\Dixie\Residential\lot_house_small_71_27v.tbx
RESIDENTIAL_LOW	house	M	20	20	400	1.0	E	house	3		housesmall	Dixie	lot_house_small_72_24v	Buildings Catalogue Curated\Dixie\Residential\lot_house_small_72_24v.tbx
RESIDENTIAL_LOW	house	M	20	20	400	1.0	E	house	5		housesmall	Dixie	lot_house_small_73_24v	Buildings Catalogue Curated\Dixie\Residential\lot_house_small_73_24v.tbx
RESIDENTIAL_LOW	house	M	20	20	400	1.0	W	house	5		housesmall	Dixie	lot_house_small_74_19v	Buildings Catalogue Curated\Dixie\Residential\lot_house_small_74_19v.tbx
RESIDENTIAL_LOW	house	M	20	20	400	1.0	W	house	3		housesmall	Dixie	lot_house_small_75_19v	Buildings Catalogue Curated\Dixie\Residential\lot_house_small_75_19v.tbx
RESIDENTIAL_LOW	house	M	20	20	400	1.0	W	house	6		housesmall	Dixie	lot_house_small_76_12v	Buildings Catalogue Curated\Dixie\Residential\lot_house_small_76_12v.tbx
RESIDENTIAL_LOW	house	M	20	20	400	1.0	E	house	4		housesmall	Dixie	lot_house_small_77_12v	Buildings Catalogue Curated\Dixie\Residential\lot_house_small_77_12v.tbx
RESIDENTIAL_LOW	house	M	20	20	400	1.0	S	house	3		housesmall	Dixie	lot_house_small_84	Buildings Catalogue Curated\Dixie\Residential\lot_house_small_84.tbx
RESIDENTIAL_LOW	house	M	20	20	400	1.0	N	house	1		housesmall	Dixie	lot_house_small_85	Buildings Catalogue Curated\Dixie\Residential\lot_house_small_85.tbx
RESIDENTIAL_LOW	house	M	20	20	400	1.0	E	house	1		housesmall	Dixie	lot_house_small_88_84v	Buildings Catalogue Curated\Dixie\Residential\lot_house_small_88_84v.tbx
RESIDENTIAL_LOW	house	M	20	20	400	1.0	S	house	2		housesmall	Dixie	lot_house_small_89_v38	Buildings Catalogue Curated\Dixie\Residential\lot_house_small_89_v38.tbx
RESIDENTIAL_LOW	house	M	20	20	400	1.0	S	house	1		housemedium	Muldraugh	lot_house_medium_05	Buildings Catalogue Curated\Muldraugh\Residential\lot_house_medium_05.tbx
RESIDENTIAL_LOW	house	M	20	20	400	1.0	S	house	2	Buildings Catalogue Curated\Dixie\Residential\lot_house_medium_13.tbx	housemedium	Muldraugh	lot_house_medium_13	Buildings Catalogue Curated\Muldraugh\Residential\lot_house_medium_13.tbx
RESIDENTIAL_LOW	house	M	20	20	400	1.0	N	house	1		housemedium	Muldraugh	lot_house_medium_14	Buildings Catalogue Curated\Muldraugh\Residential\lot_house_medium_14.tbx
RESIDENTIAL_LOW	house	M	20	20	400	1.0	S	house	3	Residential\lot_house_medium_18_farmhouse.tbx	housemediumfarmhou	Muldraugh	lot_house_medium_18_farmhouse	Buildings Catalogue Curated\Muldraugh\Residential\lot_house_medium_18_farmhouse.tbx
RESIDENTIAL_LOW	house	M	20	20	400	1.0	S	house	1		housemediumredbrick	Muldraugh	lot_house_medium_19_redbrick	Buildings Catalogue Curated\Muldraugh\Residential\lot_house_medium_19_redbrick.tbx
RESIDENTIAL_LOW	house	M	20	20	400	1.0	N	house	1		housemediumredbrick	Muldraugh	lot_house_medium_20_redbrick	Buildings Catalogue Curated\Muldraugh\Residential\lot_house_medium_20_redbrick.tbx
RESIDENTIAL_LOW	house	M	20	20	400	1.0	N	house	1		housemediumredbrick	Muldraugh	lot_house_medium_21_redbrick	Buildings Catalogue Curated\Muldraugh\Residential\lot_house_medium_21_redbrick.tbx
RESIDENTIAL_LOW	house	M	20	20	400	1.0	E	house	1		housemediumredbrick	Muldraugh	lot_house_medium_22_redbrick	Buildings Catalogue Curated\Muldraugh\Residential\lot_house_medium_22_redbrick.tbx
RESIDENTIAL_LOW	house	M	20	20	400	1.0	E	house	1		housemediumredbrick	Muldraugh	lot_house_medium_23_redbrick	Buildings Catalogue Curated\Muldraugh\Residential\lot_house_medium_23_redbrick.tbx
RESIDENTIAL_LOW	house	M	20	20	400	1.0	W	house	1		housemediumredbrick	Muldraugh	lot_house_medium_24_redbrick	Buildings Catalogue Curated\Muldraugh\Residential\lot_house_medium_24_redbrick.tbx
RESIDENTIAL_LOW	house	M	20	20	400	1.0	E	house	1		housemediumredbrick	Muldraugh	lot_house_medium_25_redbrick	Buildings Catalogue Curated\Muldraugh\Residential\lot_house_medium_25_redbrick.tbx
RESIDENTIAL_LOW	house	M	20	20	400	1.0	E	house	1		housemediumredbrick	Muldraugh	lot_house_medium_26_redbrick	Buildings Catalogue Curated\Muldraugh\Residential\lot_house_medium_26_redbrick.tbx
RESIDENTIAL_LOW	house	M	20	20	400	1.0	E	house	1		housemediumredbrick	Muldraugh	lot_house_medium_27_redbrick	Buildings Catalogue Curated\Muldraugh\Residential\lot_house_medium_27_redbrick.tbx
RESIDENTIAL_LOW	house	M	20	20	400	1.0	W	house	1		housemediumredbrick	Muldraugh	lot_house_medium_28_redbrick	Buildings Catalogue Curated\Muldraugh\Residential\lot_house_medium_28_redbrick.tbx
RESIDENTIAL_LOW	house	M	20	20	400	1.0	E	house	3		housemedium	Muldraugh	lot_house_medium_38	Buildings Catalogue Curated\Muldraugh\Residential\lot_house_medium_38.tbx
RESIDENTIAL_LOW	house	M	20	20	400	1.0	N	house	2		housemedium	Muldraugh	lot_house_medium_89_40v	Buildings Catalogue Curated\Muldraugh\Residential\lot_house_medium_89_40v.tbx
RESIDENTIAL_LOW	house	M	20	20	400	1.0	W	house	1		housesmall	Muldraugh	lot_house_small_05	Buildings Catalogue Curated\Muldraugh\Residential\lot_house_small_05.tbx
RESIDENTIAL_LOW	house	M	20	20	400	1.0	S	house	1		housesmall	Muldraugh	lot_house_small_06	Buildings Catalogue Curated\Muldraugh\Residential\lot_house_small_06.tbx
RESIDENTIAL_LOW	house	M	20	20	400	1.0	E	house	1		housesmall	Muldraugh	lot_house_small_09	Buildings Catalogue Curated\Muldraugh\Residential\lot_house_small_09.tbx
RESIDENTIAL_LOW	house	M	20	20	400	1.0	E	house	2		housesmall	Muldraugh	lot_house_small_106	Buildings Catalogue Curated\Muldraugh\Residential\lot_house_small_106.tbx
RESIDENTIAL_LOW	house	M	20	20	400	1.0	S	house	1		housesmall	Muldraugh	lot_house_small_11	Buildings Catalogue Curated\Muldraugh\Residential\lot_house_small_11.tbx
RESIDENTIAL_LOW	house	M	20	20	400	1.0	W	house	1		housesmall	Muldraugh	lot_house_small_12	Buildings Catalogue Curated\Muldraugh\Residential\lot_house_small_12.tbx
RESIDENTIAL_LOW	house	M	20	20	400	1.0	E	house	2		housesmall	Muldraugh	lot_house_small_126_124v	Buildings Catalogue Curated\Muldraugh\Residential\lot_house_small_126_124v.tbx
RESIDENTIAL_LOW	house	M	20	20	400	1.0	W	house	1		housesmall	Muldraugh	lot_house_small_14	Buildings Catalogue Curated\Muldraugh\Residential\lot_house_small_14.tbx
RESIDENTIAL_LOW	house	M	20	20	400	1.0	E	house	1		housesmall	Muldraugh	lot_house_small_147	Buildings Catalogue Curated\Muldraugh\Residential\lot_house_small_147.tbx
RESIDENTIAL_LOW	house	M	20	20	400	1.0	S	house	1		housesmall	Muldraugh	lot_house_small_15	Buildings Catalogue Curated\Muldraugh\Residential\lot_house_small_15.tbx
RESIDENTIAL_LOW	house	M	20	20	400	1.0	E	house	1		housesmall	Muldraugh	lot_house_small_16	Buildings Catalogue Curated\Muldraugh\Residential\lot_house_small_16.tbx
RESIDENTIAL_LOW	house	M	20	20	400	1.0	E	house	1		housesmall	Muldraugh	lot_house_small_162	Buildings Catalogue Curated\Muldraugh\Residential\lot_house_small_162.tbx
RESIDENTIAL_LOW	house	M	20	20	400	1.0	E	house	1		housesmall	Muldraugh	lot_house_small_163	Buildings Catalogue Curated\Muldraugh\Residential\lot_house_small_163.tbx
RESIDENTIAL_LOW	house	M	20	20	400	1.0	S	house	1		housesmall	Muldraugh	lot_house_small_17	Buildings Catalogue Curated\Muldraugh\Residential\lot_house_small_17.tbx
RESIDENTIAL_LOW	house	M	20	20	400	1.0	E	house	1		housesmall	Muldraugh	lot_house_small_171_163v	Buildings Catalogue Curated\Muldraugh\Residential\lot_house_small_171_163v.tbx
RESIDENTIAL_LOW	house	M	20	20	400	1.0	E	house	2		housesmall	Muldraugh	lot_house_small_172	Buildings Catalogue Curated\Muldraugh\Residential\lot_house_small_172.tbx
RESIDENTIAL_LOW	house	M	20	20	400	1.0	W	house	2		housesmall	Muldraugh	lot_house_small_18	Buildings Catalogue Curated\Muldraugh\Residential\lot_house_small_18.tbx
RESIDENTIAL_LOW	house	M	20	20	400	1.0	S	house	3		housesmall	Muldraugh	lot_house_small_18b	Buildings Catalogue Curated\Muldraugh\Residential\lot_house_small_18b.tbx
RESIDENTIAL_LOW	house	M	20	20	400	1.0	S	house	1		housesmall	Muldraugh	lot_house_small_18c	Buildings Catalogue Curated\Muldraugh\Residential\lot_house_small_18c.tbx
RESIDENTIAL_LOW	house	M	20	20	400	1.0	W	house	1		housesmall	Muldraugh	lot_house_small_19	Buildings Catalogue Curated\Muldraugh\Residential\lot_house_small_19.tbx
RESIDENTIAL_LOW	house	M	20	20	400	1.0	W	house	1		housesmall	Muldraugh	lot_house_small_21	Buildings Catalogue Curated\Muldraugh\Residential\lot_house_small_21.tbx
RESIDENTIAL_LOW	house	M	20	20	400	1.0	N	house	1		housesmall	Muldraugh	lot_house_small_22	Buildings Catalogue Curated\Muldraugh\Residential\lot_house_small_22.tbx
RESIDENTIAL_LOW	house	M	20	20	400	1.0	E	house	1		housesmall	Muldraugh	lot_house_small_23	Buildings Catalogue Curated\Muldraugh\Residential\lot_house_small_23.tbx
RESIDENTIAL_LOW	house	M	20	20	400	1.0	E	house	2		housesmall	Muldraugh	lot_house_small_23b	Buildings Catalogue Curated\Muldraugh\Residential\lot_house_small_23b.tbx
RESIDENTIAL_LOW	house	M	20	20	400	1.0	E	house	2		housesmall	Muldraugh	lot_house_small_24	Buildings Catalogue Curated\Muldraugh\Residential\lot_house_small_24.tbx
RESIDENTIAL_LOW	house	M	20	20	400	1.0	N	house	1		housesmall	Muldraugh	lot_house_small_25	Buildings Catalogue Curated\Muldraugh\Residential\lot_house_small_25.tbx
RESIDENTIAL_LOW	house	M	20	20	400	1.0	N	house	2		housesmall	Muldraugh	lot_house_small_26	Buildings Catalogue Curated\Muldraugh\Residential\lot_house_small_26.tbx
RESIDENTIAL_LOW	house	M	20	20	400	1.0	W	house	2		housesmall	Muldraugh	lot_house_small_27	Buildings Catalogue Curated\Muldraugh\Residential\lot_house_small_27.tbx
RESIDENTIAL_LOW	house	M	20	20	400	1.0	W	house	1		housesmall	Muldraugh	lot_house_small_28	Buildings Catalogue Curated\Muldraugh\Residential\lot_house_small_28.tbx
RESIDENTIAL_LOW	house	M	20	20	400	1.0	N	house	1		housesmall	Muldraugh	lot_house_small_29	Buildings Catalogue Curated\Muldraugh\Residential\lot_house_small_29.tbx
RESIDENTIAL_LOW	house	M	20	20	400	1.0	N	house	1		housesmall	Muldraugh	lot_house_small_30	Buildings Catalogue Curated\Muldraugh\Residential\lot_house_small_30.tbx
RESIDENTIAL_LOW	house	M	20	20	400	1.0	N	house	1		housesmall	Muldraugh	lot_house_small_31	Buildings Catalogue Curated\Muldraugh\Residential\lot_house_small_31.tbx
RESIDENTIAL_LOW	house	M	20	20	400	1.0	S	house	2		housesmall	Muldraugh	lot_house_small_56	Buildings Catalogue Curated\Muldraugh\Residential\lot_house_small_56.tbx
RESIDENTIAL_LOW	house	M	20	20	400	1.0	S	house	1		housesmallvariant	Muldraugh	lot_house_small_59_15variant	Buildings Catalogue Curated\Muldraugh\Residential\lot_house_small_59_15variant.tbx
RESIDENTIAL_LOW	house	M	20	20	400	1.0	N	house	1		housesmallvariant	Muldraugh	lot_house_small_60_31variant	Buildings Catalogue Curated\Muldraugh\Residential\lot_house_small_60_31variant.tbx
RESIDENTIAL_LOW	house	M	20	20	400	1.0	N	house	3		housesmallvariant	Muldraugh	lot_house_small_61_30variant	Buildings Catalogue Curated\Muldraugh\Residential\lot_house_small_61_30variant.tbx
RESIDENTIAL_LOW	house	M	20	20	400	1.0	S	house	1		housesmall	Muldraugh	lot_house_small_62	Buildings Catalogue Curated\Muldraugh\Residential\lot_house_small_62.tbx
RESIDENTIAL_LOW	house	M	20	20	400	1.0	N	house	2		housesmallyello	Muldraugh	lot_house_small_63_yellow	Buildings Catalogue Curated\Muldraugh\Residential\lot_house_small_63_yellow.tbx
RESIDENTIAL_LOW	house	M	20	20	400	1.0	S	house	1		housesmallvariant	Muldraugh	lot_house_small_65_38variant	Buildings Catalogue Curated\Muldraugh\Residential\lot_house_small_65_38variant.tbx
RESIDENTIAL_LOW	house	M	20	20	400	1.0	W	house	1		housesmallvariant	Muldraugh	lot_house_small_67_42variant	Buildings Catalogue Curated\Muldraugh\Residential\lot_house_small_67_42variant.tbx
RESIDENTIAL_LOW	house	M	20	20	400	1.0	E	house	2		housesmall	Muldraugh	lot_house_small_69_40v	Buildings Catalogue Curated\Muldraugh\Residential\lot_house_small_69_40v.tbx
RESIDENTIAL_LOW	house	M	20	20	400	1.0	E	house	3	Buildings Catalogue Curated\Dixie\Residential\lot_house_small_70_40v.tbx	housesmall	Muldraugh	lot_house_small_70_40v	Buildings Catalogue Curated\Muldraugh\Residential\lot_house_small_70_40v.tbx
RESIDENTIAL_LOW	house	M	20	20	400	1.0	W	house	4	Buildings Catalogue Curated\Dixie\Residential\lot_house_small_71_27v.tbx	housesmall	Muldraugh	lot_house_small_71_27v	Buildings Catalogue Curated\Muldraugh\Residential\lot_house_small_71_27v.tbx
RESIDENTIAL_LOW	house	M	20	20	400	1.0	E	house	3	Buildings Catalogue Curated\Dixie\Residential\lot_house_small_72_24v.tbx	housesmall	Muldraugh	lot_house_small_72_24v	Buildings Catalogue Curated\Muldraugh\Residential\lot_house_small_72_24v.tbx
RESIDENTIAL_LOW	house	M	20	20	400	1.0	E	house	5	Buildings Catalogue Curated\Dixie\Residential\lot_house_small_73_24v.tbx	housesmall	Muldraugh	lot_house_small_73_24v	Buildings Catalogue Curated\Muldraugh\Residential\lot_house_small_73_24v.tbx
RESIDENTIAL_LOW	house	M	20	20	400	1.0	W	house	5	Buildings Catalogue Curated\Dixie\Residential\lot_house_small_74_19v.tbx	housesmall	Muldraugh	lot_house_small_74_19v	Buildings Catalogue Curated\Muldraugh\Residential\lot_house_small_74_19v.tbx
RESIDENTIAL_LOW	house	M	20	20	400	1.0	W	house	3	Buildings Catalogue Curated\Dixie\Residential\lot_house_small_75_19v.tbx	housesmall	Muldraugh	lot_house_small_75_19v	Buildings Catalogue Curated\Muldraugh\Residential\lot_house_small_75_19v.tbx
RESIDENTIAL_LOW	house	M	20	20	400	1.0	W	house	6	Buildings Catalogue Curated\Dixie\Residential\lot_house_small_76_12v.tbx	housesmall	Muldraugh	lot_house_small_76_12v	Buildings Catalogue Curated\Muldraugh\Residential\lot_house_small_76_12v.tbx
RESIDENTIAL_LOW	house	M	20	20	400	1.0	E	house	4	Buildings Catalogue Curated\Dixie\Residential\lot_house_small_77_12v.tbx	housesmall	Muldraugh	lot_house_small_77_12v	Buildings Catalogue Curated\Muldraugh\Residential\lot_house_small_77_12v.tbx
RESIDENTIAL_LOW	house	M	20	20	400	1.0	E	house	1		housesmall	Muldraugh	lot_house_small_78_13v	Buildings Catalogue Curated\Muldraugh\Residential\lot_house_small_78_13v.tbx
RESIDENTIAL_LOW	house	M	20	20	400	1.0	N	house	1		housesmall	Muldraugh	lot_house_small_81_31v	Buildings Catalogue Curated\Muldraugh\Residential\lot_house_small_81_31v.tbx
RESIDENTIAL_LOW	house	M	20	20	400	1.0	S	house	3		housesmall	Muldraugh	lot_house_small_91_38v	Buildings Catalogue Curated\Muldraugh\Residential\lot_house_small_91_38v.tbx
RESIDENTIAL_LOW	house	M	20	20	400	1.0	S	house	1		housetutorial	Muldraugh	lot_house_tutorial_01	Buildings Catalogue Curated\Muldraugh\Residential\lot_house_tutorial_01.tbx
RESIDENTIAL_LOW	house	M	20	20	400	1.0	S		1		shack	Muldraugh	lot_shack_01	Buildings Catalogue Curated\Muldraugh\Residential\lot_shack_01.tbx
RESIDENTIAL_LOW	house	M	20	20	400	1.0	N	house	2	Buildings Catalogue Curated\Muldraugh\Residential\lot_house_small_63_yellow.tbx	housesmallyello	Other	lot_house_small_63_yellow	Buildings Catalogue Curated\Other\Residential\lot_house_small_63_yellow.tbx
RESIDENTIAL_LOW	house	M	20	20	400	1.0	E	house	1		houseabandoned	Riverwood	lot_house_abandoned_16	Buildings Catalogue Curated\Riverwood\Residential\lot_house_abandoned_16.tbx
RESIDENTIAL_LOW	house	M	20	20	400	1.0	S	house	3	Residential\lot_house_medium_18_farmhouse.tbx	housemediumfarmhou	Riverwood	lot_house_medium_18_farmhouse	Buildings Catalogue Curated\Riverwood\Residential\lot_house_medium_18_farmhouse.tbx
RESIDENTIAL_LOW	house	M	20	20	400	1.0	S	house	3		housesmall	Riverwood	lot_house_small_103_v38	Buildings Catalogue Curated\Riverwood\Residential\lot_house_small_103_v38.tbx
RESIDENTIAL_LOW	house	M	20	20	400	1.0	E	house	3		housesmall	Riverwood	lot_house_small_116	Buildings Catalogue Curated\Riverwood\Residential\lot_house_small_116.tbx
RESIDENTIAL_LOW	house	M	20	20	400	1.0	N	house	2	Buildings Catalogue Curated\Muldraugh\Residential\lot_house_small_26.tbx	housesmall	Riverwood	lot_house_small_26	Buildings Catalogue Curated\Riverwood\Residential\lot_house_small_26.tbx
RESIDENTIAL_LOW	house	M	20	20	400	1.0	E	house	1		housesmall	Riverwood	lot_house_small_33	Buildings Catalogue Curated\Riverwood\Residential\lot_house_small_33.tbx
RESIDENTIAL_LOW	house	M	20	20	400	1.0	N	house	1		housesmall	Riverwood	lot_house_small_36	Buildings Catalogue Curated\Riverwood\Residential\lot_house_small_36.tbx
RESIDENTIAL_LOW	house	M	20	20	400	1.0	S	house	2		housesmall	Riverwood	lot_house_small_38	Buildings Catalogue Curated\Riverwood\Residential\lot_house_small_38.tbx
RESIDENTIAL_LOW	house	M	20	20	400	1.0	S	house	2	Buildings Catalogue Curated\Muldraugh\Residential\lot_house_small_56.tbx	housesmall	Riverwood	lot_house_small_56	Buildings Catalogue Curated\Riverwood\Residential\lot_house_small_56.tbx
RESIDENTIAL_LOW	house	M	20	20	400	1.0	N	house	3	Buildings Catalogue Curated\Muldraugh\Residential\lot_house_small_61_30variant.tbx	housesmallvariant	Riverwood	lot_house_small_61_30variant	Buildings Catalogue Curated\Riverwood\Residential\lot_house_small_61_30variant.tbx
RESIDENTIAL_LOW	house	M	20	20	400	1.0	W	house	6	Buildings Catalogue Curated\Dixie\Residential\lot_house_small_76_12v.tbx	housesmall	Riverwood	lot_house_small_76_12v	Buildings Catalogue Curated\Riverwood\Residential\lot_house_small_76_12v.tbx
RESIDENTIAL_LOW	house	M	20	20	400	1.0	S	house	2		housesmall	Riverwood	lot_house_small_98	Buildings Catalogue Curated\Riverwood\Residential\lot_house_small_98.tbx
RESIDENTIAL_LOW	house	M	20	20	400	1.0	E	house	3		housemedium	Rosewood	lot_house_medium_36	Buildings Catalogue Curated\Rosewood\Residential\lot_house_medium_36.tbx
RESIDENTIAL_LOW	house	M	20	20	400	1.0	E	house	3	Buildings Catalogue Curated\Muldraugh\Residential\lot_house_medium_38.tbx	housemedium	Rosewood	lot_house_medium_38	Buildings Catalogue Curated\Rosewood\Residential\lot_house_medium_38.tbx
RESIDENTIAL_LOW	house	M	20	20	400	1.0	E	house	2		housemedium	Rosewood	lot_house_medium_39	Buildings Catalogue Curated\Rosewood\Residential\lot_house_medium_39.tbx
RESIDENTIAL_LOW	house	M	20	20	400	1.0	W	house	2		housemedium	Rosewood	lot_house_medium_40	Buildings Catalogue Curated\Rosewood\Residential\lot_house_medium_40.tbx
RESIDENTIAL_LOW	house	M	20	20	400	1.0	E	house	2		housemedium	Rosewood	lot_house_medium_41	Buildings Catalogue Curated\Rosewood\Residential\lot_house_medium_41.tbx
RESIDENTIAL_LOW	house	M	20	20	400	1.0	N	house	2		housemedium	Rosewood	lot_house_medium_48_40v	Buildings Catalogue Curated\Rosewood\Residential\lot_house_medium_48_40v.tbx
RESIDENTIAL_LOW	house	M	20	20	400	1.0	S	house	3		housemedium	Rosewood	lot_house_medium_65_64v	Buildings Catalogue Curated\Rosewood\Residential\lot_house_medium_65_64v.tbx
RESIDENTIAL_LOW	house	M	20	20	400	1.0	S	house	3		housemedium	Rosewood	lot_house_medium_71_64v	Buildings Catalogue Curated\Rosewood\Residential\lot_house_medium_71_64v.tbx
RESIDENTIAL_LOW	house	M	20	20	400	1.0	N	house	2		housemedium	Rosewood	lot_house_medium_77_71v	Buildings Catalogue Curated\Rosewood\Residential\lot_house_medium_77_71v.tbx
RESIDENTIAL_LOW	house	M	20	20	400	1.0	E	house	3	Buildings Catalogue Curated\Riverwood\Residential\lot_house_small_116.tbx	housesmall	Rosewood	lot_house_small_116	Buildings Catalogue Curated\Rosewood\Residential\lot_house_small_116.tbx
RESIDENTIAL_LOW	house	M	20	20	400	1.0	E	house	2		housesmall	Rosewood	lot_house_small_117	Buildings Catalogue Curated\Rosewood\Residential\lot_house_small_117.tbx
RESIDENTIAL_LOW	house	M	20	20	400	1.0	N	house	2		housesmall	Rosewood	lot_house_small_123_119v	Buildings Catalogue Curated\Rosewood\Residential\lot_house_small_123_119v.tbx
RESIDENTIAL_LOW	house	M	20	20	400	1.0	E	house	2		housesmall	Rosewood	lot_house_small_124	Buildings Catalogue Curated\Rosewood\Residential\lot_house_small_124.tbx
RESIDENTIAL_LOW	house	M	20	20	400	1.0	E	house	2		housesmall	Rosewood	lot_house_small_125_124v	Buildings Catalogue Curated\Rosewood\Residential\lot_house_small_125_124v.tbx
RESIDENTIAL_LOW	house	M	20	20	400	1.0	E	house	2		housesmall	Rosewood	lot_house_small_129_128v	Buildings Catalogue Curated\Rosewood\Residential\lot_house_small_129_128v.tbx
RESIDENTIAL_LOW	house	M	20	20	400	1.0	S	house	3	Buildings Catalogue Curated\Muldraugh\Residential\lot_house_small_18b.tbx	housesmall	Rosewood	lot_house_small_18b	Buildings Catalogue Curated\Rosewood\Residential\lot_house_small_18b.tbx
RESIDENTIAL_LOW	house	M	20	20	400	1.0	E	house	2	Buildings Catalogue Curated\Muldraugh\Residential\lot_house_small_23b.tbx	housesmall	Rosewood	lot_house_small_23b	Buildings Catalogue Curated\Rosewood\Residential\lot_house_small_23b.tbx
RESIDENTIAL_LOW	house	M	20	20	400	1.0	S	house	2	Buildings Catalogue Curated\Riverwood\Residential\lot_house_small_38.tbx	housesmall	Rosewood	lot_house_small_38	Buildings Catalogue Curated\Rosewood\Residential\lot_house_small_38.tbx
RESIDENTIAL_LOW	house	M	20	20	400	1.0	E	house	5	Buildings Catalogue Curated\Dixie\Residential\lot_house_small_73_24v.tbx	housesmall	Rosewood	lot_house_small_73_24v	Buildings Catalogue Curated\Rosewood\Residential\lot_house_small_73_24v.tbx
RESIDENTIAL_LOW	house	M	20	20	400	1.0	W	house	5	Buildings Catalogue Curated\Dixie\Residential\lot_house_small_74_19v.tbx	housesmall	Rosewood	lot_house_small_74_19v	Buildings Catalogue Curated\Rosewood\Residential\lot_house_small_74_19v.tbx
RESIDENTIAL_LOW	house	M	20	20	400	1.0	W	house	6	Buildings Catalogue Curated\Dixie\Residential\lot_house_small_76_12v.tbx	housesmall	Rosewood	lot_house_small_76_12v	Buildings Catalogue Curated\Rosewood\Residential\lot_house_small_76_12v.tbx
RESIDENTIAL_LOW	house	M	20	20	400	1.0	E	house	4	Buildings Catalogue Curated\Dixie\Residential\lot_house_small_77_12v.tbx	housesmall	Rosewood	lot_house_small_77_12v	Buildings Catalogue Curated\Rosewood\Residential\lot_house_small_77_12v.tbx
RESIDENTIAL_LOW	house	M	20	20	400	1.0	S	house	2	Buildings Catalogue Curated\Dixie\Residential\lot_house_small_89_v38.tbx	housesmall	Rosewood	lot_house_small_89_v38	Buildings Catalogue Curated\Rosewood\Residential\lot_house_small_89_v38.tbx
RESIDENTIAL_LOW	house	M	20	20	400	1.0	S	house	3	Buildings Catalogue Curated\Muldraugh\Residential\lot_house_small_91_38v.tbx	housesmall	Rosewood	lot_house_small_91_38v	Buildings Catalogue Curated\Rosewood\Residential\lot_house_small_91_38v.tbx
RESIDENTIAL_LOW	house	M	20	20	400	1.0	E	house	3	Buildings Catalogue Curated\Rosewood\Residential\lot_house_medium_36.tbx	housemedium	Valley Station	lot_house_medium_36	Buildings Catalogue Curated\Valley Station\Residential\lot_house_medium_36.tbx
RESIDENTIAL_LOW	house	M	20	20	400	1.0	S	house	2		housemedium	Valley Station	lot_house_medium_64	Buildings Catalogue Curated\Valley Station\Residential\lot_house_medium_64.tbx
RESIDENTIAL_LOW	house	M	20	20	400	1.0	S	house	3	Buildings Catalogue Curated\Rosewood\Residential\lot_house_medium_65_64v.tbx	housemedium	Valley Station	lot_house_medium_65_64v	Buildings Catalogue Curated\Valley Station\Residential\lot_house_medium_65_64v.tbx
RESIDENTIAL_LOW	house	M	20	20	400	1.0	S	house	3	Buildings Catalogue Curated\Rosewood\Residential\lot_house_medium_71_64v.tbx	housemedium	Valley Station	lot_house_medium_71_64v	Buildings Catalogue Curated\Valley Station\Residential\lot_house_medium_71_64v.tbx
RESIDENTIAL_LOW	house	M	20	20	400	1.0	W	house	2		housemedium	Valley Station	lot_house_medium_76_71v	Buildings Catalogue Curated\Valley Station\Residential\lot_house_medium_76_71v.tbx
RESIDENTIAL_LOW	house	M	20	20	400	1.0	S	house	3	Buildings Catalogue Curated\Riverwood\Residential\lot_house_small_103_v38.tbx	housesmall	Valley Station	lot_house_small_103_v38	Buildings Catalogue Curated\Valley Station\Residential\lot_house_small_103_v38.tbx
RESIDENTIAL_LOW	house	M	20	20	400	1.0	W	house	2		housesmall	Valley Station	lot_house_small_122_119v	Buildings Catalogue Curated\Valley Station\Residential\lot_house_small_122_119v.tbx
RESIDENTIAL_LOW	house	M	20	20	400	1.0	E	house	2	Buildings Catalogue Curated\Muldraugh\Residential\lot_house_small_172.tbx	housesmall	Valley Station	lot_house_small_172	Buildings Catalogue Curated\Valley Station\Residential\lot_house_small_172.tbx
RESIDENTIAL_LOW	house	M	20	20	400	1.0	W	house	2	Buildings Catalogue Curated\Muldraugh\Residential\lot_house_small_18.tbx	housesmall	Valley Station	lot_house_small_18	Buildings Catalogue Curated\Valley Station\Residential\lot_house_small_18.tbx
RESIDENTIAL_LOW	house	M	20	20	400	1.0	E	house	1		housesmall	Valley Station	lot_house_small_189_128v	Buildings Catalogue Curated\Valley Station\Residential\lot_house_small_189_128v.tbx
RESIDENTIAL_LOW	house	M	20	20	400	1.0	S	house	3	Buildings Catalogue Curated\Muldraugh\Residential\lot_house_small_18b.tbx	housesmall	Valley Station	lot_house_small_18b	Buildings Catalogue Curated\Valley Station\Residential\lot_house_small_18b.tbx
RESIDENTIAL_LOW	house	M	20	20	400	1.0	S	house	1		housesmall	Valley Station	lot_house_small_20	Buildings Catalogue Curated\Valley Station\Residential\lot_house_small_20.tbx
RESIDENTIAL_LOW	house	M	20	20	400	1.0	E	house	2	Buildings Catalogue Curated\Muldraugh\Residential\lot_house_small_24.tbx	housesmall	Valley Station	lot_house_small_24	Buildings Catalogue Curated\Valley Station\Residential\lot_house_small_24.tbx
RESIDENTIAL_LOW	house	M	20	20	400	1.0	W	house	2	Buildings Catalogue Curated\Muldraugh\Residential\lot_house_small_27.tbx	housesmall	Valley Station	lot_house_small_27	Buildings Catalogue Curated\Valley Station\Residential\lot_house_small_27.tbx
RESIDENTIAL_LOW	house	M	20	20	400	1.0	N	house	2		housesmall	Valley Station	lot_house_small_35	Buildings Catalogue Curated\Valley Station\Residential\lot_house_small_35.tbx
RESIDENTIAL_LOW	house	M	20	20	400	1.0	N	house	3	Buildings Catalogue Curated\Muldraugh\Residential\lot_house_small_61_30variant.tbx	housesmallvariant	Valley Station	lot_house_small_61_30variant	Buildings Catalogue Curated\Valley Station\Residential\lot_house_small_61_30variant.tbx
RESIDENTIAL_LOW	house	M	20	20	400	1.0	E	house	2	Buildings Catalogue Curated\Muldraugh\Residential\lot_house_small_69_40v.tbx	housesmall	Valley Station	lot_house_small_69_40v	Buildings Catalogue Curated\Valley Station\Residential\lot_house_small_69_40v.tbx
RESIDENTIAL_LOW	house	M	20	20	400	1.0	E	house	3	Buildings Catalogue Curated\Dixie\Residential\lot_house_small_70_40v.tbx	housesmall	Valley Station	lot_house_small_70_40v	Buildings Catalogue Curated\Valley Station\Residential\lot_house_small_70_40v.tbx
RESIDENTIAL_LOW	house	M	20	20	400	1.0	W	house	4	Buildings Catalogue Curated\Dixie\Residential\lot_house_small_71_27v.tbx	housesmall	Valley Station	lot_house_small_71_27v	Buildings Catalogue Curated\Valley Station\Residential\lot_house_small_71_27v.tbx
RESIDENTIAL_LOW	house	M	20	20	400	1.0	E	house	3	Buildings Catalogue Curated\Dixie\Residential\lot_house_small_72_24v.tbx	housesmall	Valley Station	lot_house_small_72_24v	Buildings Catalogue Curated\Valley Station\Residential\lot_house_small_72_24v.tbx
RESIDENTIAL_LOW	house	M	20	20	400	1.0	E	house	5	Buildings Catalogue Curated\Dixie\Residential\lot_house_small_73_24v.tbx	housesmall	Valley Station	lot_house_small_73_24v	Buildings Catalogue Curated\Valley Station\Residential\lot_house_small_73_24v.tbx
RESIDENTIAL_LOW	house	M	20	20	400	1.0	W	house	5	Buildings Catalogue Curated\Dixie\Residential\lot_house_small_74_19v.tbx	housesmall	Valley Station	lot_house_small_74_19v	Buildings Catalogue Curated\Valley Station\Residential\lot_house_small_74_19v.tbx
RESIDENTIAL_LOW	house	M	20	20	400	1.0	W	house	3	Buildings Catalogue Curated\Dixie\Residential\lot_house_small_75_19v.tbx	housesmall	Valley Station	lot_house_small_75_19v	Buildings Catalogue Curated\Valley Station\Residential\lot_house_small_75_19v.tbx
RESIDENTIAL_LOW	house	M	20	20	400	1.0	W	house	6	Buildings Catalogue Curated\Dixie\Residential\lot_house_small_76_12v.tbx	housesmall	Valley Station	lot_house_small_76_12v	Buildings Catalogue Curated\Valley Station\Residential\lot_house_small_76_12v.tbx
RESIDENTIAL_LOW	house	M	20	20	400	1.0	E	house	4	Buildings Catalogue Curated\Dixie\Residential\lot_house_small_77_12v.tbx	housesmall	Valley Station	lot_house_small_77_12v	Buildings Catalogue Curated\Valley Station\Residential\lot_house_small_77_12v.tbx
RESIDENTIAL_LOW	house	M	20	20	400	1.0	S	house	3	Buildings Catalogue Curated\Dixie\Residential\lot_house_small_84.tbx	housesmall	Valley Station	lot_house_small_84	Buildings Catalogue Curated\Valley Station\Residential\lot_house_small_84.tbx
RESIDENTIAL_LOW	house	M	20	20	400	1.0	E	house	2		housesmallfirstwest	Valley Station	lot_house_small_96_firstwest	Buildings Catalogue Curated\Valley Station\Residential\lot_house_small_96_firstwest.tbx
RESIDENTIAL_LOW	house	M	20	20	400	1.0	W	house	1		housemediumfarmhou	West Point	lot_house_medium_35_farmhouse	Buildings Catalogue Curated\West Point\Residential\lot_house_medium_35_farmhouse.tbx
RESIDENTIAL_LOW	house	M	20	20	400	1.0	E	house	3	Buildings Catalogue Curated\Rosewood\Residential\lot_house_medium_36.tbx	housemedium	West Point	lot_house_medium_36	Buildings Catalogue Curated\West Point\Residential\lot_house_medium_36.tbx
RESIDENTIAL_LOW	house	M	20	20	400	1.0	W	house	1		housemedium	West Point	lot_house_medium_37	Buildings Catalogue Curated\West Point\Residential\lot_house_medium_37.tbx
RESIDENTIAL_LOW	house	M	20	20	400	1.0	E	house	3	Buildings Catalogue Curated\Muldraugh\Residential\lot_house_medium_38.tbx	housemedium	West Point	lot_house_medium_38	Buildings Catalogue Curated\West Point\Residential\lot_house_medium_38.tbx
RESIDENTIAL_LOW	house	M	20	20	400	1.0	E	house	2	Buildings Catalogue Curated\Rosewood\Residential\lot_house_medium_39.tbx	housemedium	West Point	lot_house_medium_39	Buildings Catalogue Curated\West Point\Residential\lot_house_medium_39.tbx
RESIDENTIAL_LOW	house	M	20	20	400	1.0	W	house	2	Buildings Catalogue Curated\Rosewood\Residential\lot_house_medium_40.tbx	housemedium	West Point	lot_house_medium_40	Buildings Catalogue Curated\West Point\Residential\lot_house_medium_40.tbx
RESIDENTIAL_LOW	house	M	20	20	400	1.0	E	house	2	Buildings Catalogue Curated\Rosewood\Residential\lot_house_medium_41.tbx	housemedium	West Point	lot_house_medium_41	Buildings Catalogue Curated\West Point\Residential\lot_house_medium_41.tbx
RESIDENTIAL_LOW	house	M	20	20	400	1.0	W	house	1		housemedium	West Point	lot_house_medium_43	Buildings Catalogue Curated\West Point\Residential\lot_house_medium_43.tbx
RESIDENTIAL_LOW	house	M	20	20	400	1.0	S	house	1		housemedium	West Point	lot_house_medium_45_39v	Buildings Catalogue Curated\West Point\Residential\lot_house_medium_45_39v.tbx
RESIDENTIAL_LOW	house	M	20	20	400	1.0	N	house	1		housemedium	West Point	lot_house_medium_47_41v	Buildings Catalogue Curated\West Point\Residential\lot_house_medium_47_41v.tbx
RESIDENTIAL_LOW	house	M	20	20	400	1.0	N	house	2	Buildings Catalogue Curated\Rosewood\Residential\lot_house_medium_48_40v.tbx	housemedium	West Point	lot_house_medium_48_40v	Buildings Catalogue Curated\West Point\Residential\lot_house_medium_48_40v.tbx
RESIDENTIAL_LOW	house	M	20	20	400	1.0	S	house	2	Buildings Catalogue Curated\Valley Station\Residential\lot_house_medium_64.tbx	housemedium	West Point	lot_house_medium_64	Buildings Catalogue Curated\West Point\Residential\lot_house_medium_64.tbx
RESIDENTIAL_LOW	house	M	20	20	400	1.0	S	house	3	Buildings Catalogue Curated\Rosewood\Residential\lot_house_medium_65_64v.tbx	housemedium	West Point	lot_house_medium_65_64v	Buildings Catalogue Curated\West Point\Residential\lot_house_medium_65_64v.tbx
RESIDENTIAL_LOW	house	M	20	20	400	1.0	S	house	3	Buildings Catalogue Curated\Rosewood\Residential\lot_house_medium_71_64v.tbx	housemedium	West Point	lot_house_medium_71_64v	Buildings Catalogue Curated\West Point\Residential\lot_house_medium_71_64v.tbx
RESIDENTIAL_LOW	house	M	20	20	400	1.0	W	house	2	Buildings Catalogue Curated\Valley Station\Residential\lot_house_medium_76_71v.tbx	housemedium	West Point	lot_house_medium_76_71v	Buildings Catalogue Curated\West Point\Residential\lot_house_medium_76_71v.tbx
RESIDENTIAL_LOW	house	M	20	20	400	1.0	N	house	2	Buildings Catalogue Curated\Rosewood\Residential\lot_house_medium_77_71v.tbx	housemedium	West Point	lot_house_medium_77_71v	Buildings Catalogue Curated\West Point\Residential\lot_house_medium_77_71v.tbx
RESIDENTIAL_LOW	house	M	20	20	400	1.0	S	house	1		housemedium	West Point	lot_house_medium_78_38v	Buildings Catalogue Curated\West Point\Residential\lot_house_medium_78_38v.tbx
RESIDENTIAL_LOW	house	M	20	20	400	1.0	N	house	2	Buildings Catalogue Curated\Muldraugh\Residential\lot_house_medium_89_40v.tbx	housemedium	West Point	lot_house_medium_89_40v	Buildings Catalogue Curated\West Point\Residential\lot_house_medium_89_40v.tbx
RESIDENTIAL_LOW	house	M	20	20	400	1.0	S	house	3	Buildings Catalogue Curated\Riverwood\Residential\lot_house_small_103_v38.tbx	housesmall	West Point	lot_house_small_103_v38	Buildings Catalogue Curated\West Point\Residential\lot_house_small_103_v38.tbx
RESIDENTIAL_LOW	house	M	20	20	400	1.0	E	house	2	Buildings Catalogue Curated\Muldraugh\Residential\lot_house_small_106.tbx	housesmall	West Point	lot_house_small_106	Buildings Catalogue Curated\West Point\Residential\lot_house_small_106.tbx
RESIDENTIAL_LOW	house	M	20	20	400	1.0	W	house	1		housesmall	West Point	lot_house_small_112_19v	Buildings Catalogue Curated\West Point\Residential\lot_house_small_112_19v.tbx
RESIDENTIAL_LOW	house	M	20	20	400	1.0	E	house	2	Buildings Catalogue Curated\Dixie\Residential\lot_house_small_114.tbx	housesmall	West Point	lot_house_small_114	Buildings Catalogue Curated\West Point\Residential\lot_house_small_114.tbx
RESIDENTIAL_LOW	house	M	20	20	400	1.0	E	house	3	Buildings Catalogue Curated\Riverwood\Residential\lot_house_small_116.tbx	housesmall	West Point	lot_house_small_116	Buildings Catalogue Curated\West Point\Residential\lot_house_small_116.tbx
RESIDENTIAL_LOW	house	M	20	20	400	1.0	E	house	2	Buildings Catalogue Curated\Rosewood\Residential\lot_house_small_117.tbx	housesmall	West Point	lot_house_small_117	Buildings Catalogue Curated\West Point\Residential\lot_house_small_117.tbx
RESIDENTIAL_LOW	house	M	20	20	400	1.0	E	house	1		housesmall	West Point	lot_house_small_119	Buildings Catalogue Curated\West Point\Residential\lot_house_small_119.tbx
RESIDENTIAL_LOW	house	M	20	20	400	1.0	W	house	1		housesmall	West Point	lot_house_small_120_119v	Buildings Catalogue Curated\West Point\Residential\lot_house_small_120_119v.tbx
RESIDENTIAL_LOW	house	M	20	20	400	1.0	W	house	1		housesmall	West Point	lot_house_small_121_119v	Buildings Catalogue Curated\West Point\Residential\lot_house_small_121_119v.tbx
RESIDENTIAL_LOW	house	M	20	20	400	1.0	W	house	2	Buildings Catalogue Curated\Valley Station\Residential\lot_house_small_122_119v.tbx	housesmall	West Point	lot_house_small_122_119v	Buildings Catalogue Curated\West Point\Residential\lot_house_small_122_119v.tbx
RESIDENTIAL_LOW	house	M	20	20	400	1.0	N	house	2	Buildings Catalogue Curated\Rosewood\Residential\lot_house_small_123_119v.tbx	housesmall	West Point	lot_house_small_123_119v	Buildings Catalogue Curated\West Point\Residential\lot_house_small_123_119v.tbx
RESIDENTIAL_LOW	house	M	20	20	400	1.0	E	house	2	Buildings Catalogue Curated\Rosewood\Residential\lot_house_small_124.tbx	housesmall	West Point	lot_house_small_124	Buildings Catalogue Curated\West Point\Residential\lot_house_small_124.tbx
RESIDENTIAL_LOW	house	M	20	20	400	1.0	E	house	2	Buildings Catalogue Curated\Rosewood\Residential\lot_house_small_125_124v.tbx	housesmall	West Point	lot_house_small_125_124v	Buildings Catalogue Curated\West Point\Residential\lot_house_small_125_124v.tbx
RESIDENTIAL_LOW	house	M	20	20	400	1.0	S	house	1		housesmall	West Point	lot_house_small_126_119v	Buildings Catalogue Curated\West Point\Residential\lot_house_small_126_119v.tbx
RESIDENTIAL_LOW	house	M	20	20	400	1.0	E	house	2	Buildings Catalogue Curated\Muldraugh\Residential\lot_house_small_126_124v.tbx	housesmall	West Point	lot_house_small_126_124v	Buildings Catalogue Curated\West Point\Residential\lot_house_small_126_124v.tbx
RESIDENTIAL_LOW	house	M	20	20	400	1.0	W	house	1		housesmall	West Point	lot_house_small_127_119v	Buildings Catalogue Curated\West Point\Residential\lot_house_small_127_119v.tbx
RESIDENTIAL_LOW	house	M	20	20	400	1.0	E	house	1		housesmall	West Point	lot_house_small_128	Buildings Catalogue Curated\West Point\Residential\lot_house_small_128.tbx
RESIDENTIAL_LOW	house	M	20	20	400	1.0	E	house	2	Buildings Catalogue Curated\Rosewood\Residential\lot_house_small_129_128v.tbx	housesmall	West Point	lot_house_small_129_128v	Buildings Catalogue Curated\West Point\Residential\lot_house_small_129_128v.tbx
RESIDENTIAL_LOW	house	M	20	20	400	1.0	W	house	1		housesmall	West Point	lot_house_small_134_128v	Buildings Catalogue Curated\West Point\Residential\lot_house_small_134_128v.tbx
RESIDENTIAL_LOW	house	M	20	20	400	1.0	N	house	2	Buildings Catalogue Curated\Valley Station\Residential\lot_house_small_35.tbx	housesmall	West Point	lot_house_small_35	Buildings Catalogue Curated\West Point\Residential\lot_house_small_35.tbx
RESIDENTIAL_LOW	house	M	20	20	400	1.0	E	house	2	Buildings Catalogue Curated\Dixie\Residential\lot_house_small_43.tbx	housesmall	West Point	lot_house_small_43	Buildings Catalogue Curated\West Point\Residential\lot_house_small_43.tbx
RESIDENTIAL_LOW	house	M	20	20	400	1.0	W	house	4	Buildings Catalogue Curated\Dixie\Residential\lot_house_small_71_27v.tbx	housesmall	West Point	lot_house_small_71_27v	Buildings Catalogue Curated\West Point\Residential\lot_house_small_71_27v.tbx
RESIDENTIAL_LOW	house	M	20	20	400	1.0	E	house	5	Buildings Catalogue Curated\Dixie\Residential\lot_house_small_73_24v.tbx	housesmall	West Point	lot_house_small_73_24v	Buildings Catalogue Curated\West Point\Residential\lot_house_small_73_24v.tbx
RESIDENTIAL_LOW	house	M	20	20	400	1.0	W	house	5	Buildings Catalogue Curated\Dixie\Residential\lot_house_small_74_19v.tbx	housesmall	West Point	lot_house_small_74_19v	Buildings Catalogue Curated\West Point\Residential\lot_house_small_74_19v.tbx
RESIDENTIAL_LOW	house	M	20	20	400	1.0	W	house	6	Buildings Catalogue Curated\Dixie\Residential\lot_house_small_76_12v.tbx	housesmall	West Point	lot_house_small_76_12v	Buildings Catalogue Curated\West Point\Residential\lot_house_small_76_12v.tbx
RESIDENTIAL_LOW	house	M	20	20	400	1.0	S	house	3	Buildings Catalogue Curated\Dixie\Residential\lot_house_small_84.tbx	housesmall	West Point	lot_house_small_84	Buildings Catalogue Curated\West Point\Residential\lot_house_small_84.tbx
RESIDENTIAL_LOW	house	M	20	20	400	1.0	S	house	3	Buildings Catalogue Curated\Muldraugh\Residential\lot_house_small_91_38v.tbx	housesmall	West Point	lot_house_small_91_38v	Buildings Catalogue Curated\West Point\Residential\lot_house_small_91_38v.tbx
RESIDENTIAL_LOW	house	M	20	20	400	1.0	E	house	2	Buildings Catalogue Curated\Valley Station\Residential\lot_house_small_96_firstwest.tbx	housesmallfirstwest	West Point	lot_house_small_96_firstwest	Buildings Catalogue Curated\West Point\Residential\lot_house_small_96_firstwest.tbx
RESIDENTIAL_LOW	house	M	20	20	400	1.0	S	house	2	Buildings Catalogue Curated\Riverwood\Residential\lot_house_small_98.tbx	housesmall	West Point	lot_house_small_98	Buildings Catalogue Curated\West Point\Residential\lot_house_small_98.tbx
RESIDENTIAL_LOW	house	M	20	20	400	1.0	E	house	1		housesmall	West Point	lot_house_small_99_84v	Buildings Catalogue Curated\West Point\Residential\lot_house_small_99_84v.tbx
RESIDENTIAL_LOW	house	M	20	20	400	1.0	E		1		homeyardfl	Loose	Home_37_Yard_2Fl_3b_W	Residential\Home_37_Yard_2Fl_3b_W.tbx
RESIDENTIAL_LOW	house	M	20	20	400	1.0	E		1		housesrandiny	Loose	house 1_srandiny	Residential\house 1_srandiny.tbx
RESIDENTIAL_LOW	house	M	20	20	400	1.0	S		1		house	Loose	House 32	Residential\House 32.tbx
RESIDENTIAL_LOW	house	M	20	20	400	1.0	S		1		house	Loose	house2	Residential\house2.tbx
RESIDENTIAL_LOW	house	M	20	20	400	1.0	N		1		japanesehou	Loose	japanese House	Residential\japanese House.tbx
RESIDENTIAL_LOW	house	M	20	20	400	1.0	S	house	3		housemediumfarmhou	Loose	lot_house_medium_18_farmhouse	Residential\lot_house_medium_18_farmhouse.tbx
RESIDENTIAL_LOW	house	M	20	20	400	1.0	E		1		modernhouse	Loose	Modern house 2	Residential\Modern house 2.tbx
RESIDENTIAL_LOW	house	M	20	20	400	1.0	E		1		smalldetachede	Loose	small_detached_E_1	Residential\small_detached_E_1.tbx
RESIDENTIAL_LOW	house	M	20	20	400	1.0	E		1		smalldetachede	Loose	small_detached_E_2	Residential\small_detached_E_2.tbx
RESIDENTIAL_LOW	house	M	20	20	400	1.0	W		1		smalldetachede	Loose	small_detached_E_3	Residential\small_detached_E_3.tbx
RESIDENTIAL_LOW	house	M	20	20	400	1.0	W		1		smalldetachede	Loose	small_detached_E_4	Residential\small_detached_E_4.tbx
RESIDENTIAL_LOW	house	M	20	20	400	1.0	N		1		survivorsgraveyard	Loose	survivor's graveyard	Special\survivor's graveyard.tbx
RESIDENTIAL_LOW	house	M	21	19	399	1.11	E	house	2		housesmall	Muldraugh	lot_house_small_154	Buildings Catalogue Curated\Muldraugh\Residential\lot_house_small_154.tbx
RESIDENTIAL_LOW	house	M	21	19	399	1.11	E	house	2	Buildings Catalogue Curated\Muldraugh\Residential\lot_house_small_154.tbx	housesmall	Valley Station	lot_house_small_154	Buildings Catalogue Curated\Valley Station\Residential\lot_house_small_154.tbx
RESIDENTIAL_LOW	house	M	16	24	384	1.5	E	cabin	1		cabinabandoned	Muldraugh	lot_cabin_03_abandoned	Buildings Catalogue Curated\Muldraugh\Other\lot_cabin_03_abandoned.tbx
RESIDENTIAL_LOW	house	M	24	16	384	1.5	S	cabin	2		cabinabandoned	Muldraugh	lot_cabin_04_abandoned	Buildings Catalogue Curated\Muldraugh\Other\lot_cabin_04_abandoned.tbx
RESIDENTIAL_LOW	house	M	24	16	384	1.5	S	cabin	2	Buildings Catalogue Curated\Muldraugh\Other\lot_cabin_04_abandoned.tbx	cabinabandoned	Valley Station	lot_cabin_04_abandoned	Buildings Catalogue Curated\Valley Station\Other\lot_cabin_04_abandoned.tbx
RESIDENTIAL_LOW	house	M	24	16	384	1.5	E	cabin	1		cabinabandoned	Valley Station	lot_cabin_12_abandoned	Buildings Catalogue Curated\Valley Station\Other\lot_cabin_12_abandoned.tbx
RESIDENTIAL_LOW	house	M	16	24	384	1.5	W	cabin	1		cabinabandoned	Valley Station	lot_cabin_13_abandoned	Buildings Catalogue Curated\Valley Station\Other\lot_cabin_13_abandoned.tbx
RESIDENTIAL_LOW	house	M	20	18	360	1.11	S	house	1		housesmall	Muldraugh	lot_house_small_149	Buildings Catalogue Curated\Muldraugh\Residential\lot_house_small_149.tbx
RESIDENTIAL_LOW	house	M	20	18	360	1.11	S	house	1		housesmall	Muldraugh	lot_house_small_173	Buildings Catalogue Curated\Muldraugh\Residential\lot_house_small_173.tbx
RESIDENTIAL_LOW	house	M	18	18	324	1.0	N		1		homeyardfl	Loose	Home_19_Yard_1FL_2B_S	Residential\Home_19_Yard_1FL_2B_S.tbx
RESIDENTIAL_LOW	house	M	18	18	324	1.0	N		1		homeyardfl	Loose	Home_20_Yard_1FL_2B_S	Residential\Home_20_Yard_1FL_2B_S.tbx
RESIDENTIAL_LOW	house	M	18	18	324	1.0	N		1		homeyardfl	Loose	Home_21_Yard_1FL_2B_S	Residential\Home_21_Yard_1FL_2B_S.tbx
RESIDENTIAL_LOW	house	M	18	18	324	1.0	N		1		homeyardfl	Loose	Home_22_Yard_1FL_2B_S	Residential\Home_22_Yard_1FL_2B_S.tbx
RESIDENTIAL_LOW	house	M	18	18	324	1.0	N		1		homeyardfl	Loose	Home_23_Yard_1FL_2B_S	Residential\Home_23_Yard_1FL_2B_S.tbx
RESIDENTIAL_LOW	house	M	18	18	324	1.0	N		1		homeyardfl	Loose	Home_24_Yard_1FL_2B_S	Residential\Home_24_Yard_1FL_2B_S.tbx
RESIDENTIAL_LOW	house	M	18	18	324	1.0	N		1		homeyardfl	Loose	Home_25_Yard_1FL_2B_S	Residential\Home_25_Yard_1FL_2B_S.tbx
RESIDENTIAL_LOW	house	M	18	18	324	1.0	E		1		homeyardfl	Loose	Home_26_Yard_1FL_2B_W	Residential\Home_26_Yard_1FL_2B_W.tbx
RESIDENTIAL_LOW	house	M	18	18	324	1.0	E		1		homeyardfl	Loose	Home_29_Yard_1FL_2B_W	Residential\Home_29_Yard_1FL_2B_W.tbx
RESIDENTIAL_LOW	house	M	18	18	324	1.0	E		1		homeyardfl	Loose	Home_32_Yard_1FL_2B_W	Residential\Home_32_Yard_1FL_2B_W.tbx
RESIDENTIAL_LOW	house	M	17	19	323	1.12	E	house	2		housecountrye	Dixie	lot_house_country_01_E_01	Buildings Catalogue Curated\Dixie\Residential\lot_house_country_01_E_01.tbx
RESIDENTIAL_LOW	house	M	19	17	323	1.12	N	house	2		housecountryn	Dixie	lot_house_country_01_N_01	Buildings Catalogue Curated\Dixie\Residential\lot_house_country_01_N_01.tbx
RESIDENTIAL_LOW	house	M	19	17	323	1.12	S	house	1		housecountrys	Dixie	lot_house_country_01_S_01	Buildings Catalogue Curated\Dixie\Residential\lot_house_country_01_S_01.tbx
RESIDENTIAL_LOW	house	M	17	19	323	1.12	W	house	2		housecountryw	Dixie	lot_house_country_01_W_01	Buildings Catalogue Curated\Dixie\Residential\lot_house_country_01_W_01.tbx
RESIDENTIAL_LOW	house	M	17	19	323	1.12	E	house	2		housecountrye	Dixie	lot_house_country_02_E_01	Buildings Catalogue Curated\Dixie\Residential\lot_house_country_02_E_01.tbx
RESIDENTIAL_LOW	house	M	19	17	323	1.12	N	house	3		housecountryn	Dixie	lot_house_country_02_N_01	Buildings Catalogue Curated\Dixie\Residential\lot_house_country_02_N_01.tbx
RESIDENTIAL_LOW	house	M	19	17	323	1.12	S	house	1		housecountrys	Dixie	lot_house_country_02_S_01	Buildings Catalogue Curated\Dixie\Residential\lot_house_country_02_S_01.tbx
RESIDENTIAL_LOW	house	M	17	19	323	1.12	W	house	1		housecountryw	Dixie	lot_house_country_02_W_01	Buildings Catalogue Curated\Dixie\Residential\lot_house_country_02_W_01.tbx
RESIDENTIAL_LOW	house	M	19	17	323	1.12	N	house	1		housecountryn	Dixie	lot_house_country_04_N_01	Buildings Catalogue Curated\Dixie\Residential\lot_house_country_04_N_01.tbx
RESIDENTIAL_LOW	house	M	19	17	323	1.12	S	house	2		housecountrys	Dixie	lot_house_country_04_S_01	Buildings Catalogue Curated\Dixie\Residential\lot_house_country_04_S_01.tbx
RESIDENTIAL_LOW	house	M	17	19	323	1.12	W	house	1		housecountryw	Dixie	lot_house_country_04_W_01	Buildings Catalogue Curated\Dixie\Residential\lot_house_country_04_W_01.tbx
RESIDENTIAL_LOW	house	M	17	19	323	1.12	E	house	2	Buildings Catalogue Curated\Dixie\Residential\lot_house_country_01_E_01.tbx	housecountrye	Riverwood	lot_house_country_01_E_01	Buildings Catalogue Curated\Riverwood\Residential\lot_house_country_01_E_01.tbx
RESIDENTIAL_LOW	house	M	17	19	323	1.12	W	house	2	Buildings Catalogue Curated\Dixie\Residential\lot_house_country_01_W_01.tbx	housecountryw	Riverwood	lot_house_country_01_W_01	Buildings Catalogue Curated\Riverwood\Residential\lot_house_country_01_W_01.tbx
RESIDENTIAL_LOW	house	M	17	19	323	1.12	E	house	2	Buildings Catalogue Curated\Dixie\Residential\lot_house_country_02_E_01.tbx	housecountrye	Riverwood	lot_house_country_02_E_01	Buildings Catalogue Curated\Riverwood\Residential\lot_house_country_02_E_01.tbx
RESIDENTIAL_LOW	house	M	19	17	323	1.12	N	house	3	Buildings Catalogue Curated\Dixie\Residential\lot_house_country_02_N_01.tbx	housecountryn	Riverwood	lot_house_country_02_N_01	Buildings Catalogue Curated\Riverwood\Residential\lot_house_country_02_N_01.tbx
RESIDENTIAL_LOW	house	M	19	17	323	1.12	S	house	2	Buildings Catalogue Curated\Dixie\Residential\lot_house_country_04_S_01.tbx	housecountrys	Riverwood	lot_house_country_04_S_01	Buildings Catalogue Curated\Riverwood\Residential\lot_house_country_04_S_01.tbx
RESIDENTIAL_LOW	house	M	17	19	323	1.12	E	house	1		housecountrye	Rosewood	lot_house_country_04_E_01	Buildings Catalogue Curated\Rosewood\Residential\lot_house_country_04_E_01.tbx
RESIDENTIAL_LOW	house	M	19	17	323	1.12	N	house	2	Buildings Catalogue Curated\Dixie\Residential\lot_house_country_01_N_01.tbx	housecountryn	West Point	lot_house_country_01_N_01	Buildings Catalogue Curated\West Point\Residential\lot_house_country_01_N_01.tbx
RESIDENTIAL_LOW	house	M	19	17	323	1.12	N	house	3	Buildings Catalogue Curated\Dixie\Residential\lot_house_country_02_N_01.tbx	housecountryn	West Point	lot_house_country_02_N_01	Buildings Catalogue Curated\West Point\Residential\lot_house_country_02_N_01.tbx
RESIDENTIAL_LOW	house	M	21	15	315	1.4	S		1		house	Loose	House 2 (2)	Residential\House 2 (2).tbx
RESIDENTIAL_LOW	house	M	17	18	306	1.06	E	house	3		housemediumfarmhou	Dixie	lot_house_medium_93_farmhouse	Buildings Catalogue Curated\Dixie\Residential\lot_house_medium_93_farmhouse.tbx
RESIDENTIAL_LOW	house	M	18	17	306	1.06	N	house	1		housemedium	Muldraugh	lot_house_medium_07	Buildings Catalogue Curated\Muldraugh\Residential\lot_house_medium_07.tbx
RESIDENTIAL_LOW	house	M	17	18	306	1.06	E	house	3	Buildings Catalogue Curated\Dixie\Residential\lot_house_medium_93_farmhouse.tbx	housemediumfarmhou	Rosewood	lot_house_medium_93_farmhouse	Buildings Catalogue Curated\Rosewood\Residential\lot_house_medium_93_farmhouse.tbx
RESIDENTIAL_LOW	house	M	17	18	306	1.06	E	house	3	Buildings Catalogue Curated\Dixie\Residential\lot_house_medium_93_farmhouse.tbx	housemediumfarmhou	Valley Station	lot_house_medium_93_farmhouse	Buildings Catalogue Curated\Valley Station\Residential\lot_house_medium_93_farmhouse.tbx
RESIDENTIAL_LOW	house	M	18	16	288	1.12	E	house	5		housesmall	Muldraugh	lot_house_small_140_136v	Buildings Catalogue Curated\Muldraugh\Residential\lot_house_small_140_136v.tbx
RESIDENTIAL_LOW	house	M	16	18	288	1.12	S	house	4		housesmall	Muldraugh	lot_house_small_141_136v	Buildings Catalogue Curated\Muldraugh\Residential\lot_house_small_141_136v.tbx
RESIDENTIAL_LOW	house	M	18	16	288	1.12	E	house	5	Buildings Catalogue Curated\Muldraugh\Residential\lot_house_small_140_136v.tbx	housesmall	Riverwood	lot_house_small_140_136v	Buildings Catalogue Curated\Riverwood\Residential\lot_house_small_140_136v.tbx
RESIDENTIAL_LOW	house	M	16	18	288	1.12	S	house	4	Buildings Catalogue Curated\Muldraugh\Residential\lot_house_small_141_136v.tbx	housesmall	Riverwood	lot_house_small_141_136v	Buildings Catalogue Curated\Riverwood\Residential\lot_house_small_141_136v.tbx
RESIDENTIAL_LOW	house	M	16	18	288	1.12	S	house	2		housesmall	Rosewood	lot_house_small_137_136v	Buildings Catalogue Curated\Rosewood\Residential\lot_house_small_137_136v.tbx
RESIDENTIAL_LOW	house	M	18	16	288	1.12	E	house	5	Buildings Catalogue Curated\Muldraugh\Residential\lot_house_small_140_136v.tbx	housesmall	Rosewood	lot_house_small_140_136v	Buildings Catalogue Curated\Rosewood\Residential\lot_house_small_140_136v.tbx
RESIDENTIAL_LOW	house	M	16	18	288	1.12	N	house	3		housesmall	Rosewood	lot_house_small_146_136v	Buildings Catalogue Curated\Rosewood\Residential\lot_house_small_146_136v.tbx
RESIDENTIAL_LOW	house	M	16	18	288	1.12	S	house	2		housesmall	Valley Station	lot_house_small_138_136v	Buildings Catalogue Curated\Valley Station\Residential\lot_house_small_138_136v.tbx
RESIDENTIAL_LOW	house	M	18	16	288	1.12	E	house	5	Buildings Catalogue Curated\Muldraugh\Residential\lot_house_small_140_136v.tbx	housesmall	Valley Station	lot_house_small_140_136v	Buildings Catalogue Curated\Valley Station\Residential\lot_house_small_140_136v.tbx
RESIDENTIAL_LOW	house	M	16	18	288	1.12	S	house	4	Buildings Catalogue Curated\Muldraugh\Residential\lot_house_small_141_136v.tbx	housesmall	Valley Station	lot_house_small_141_136v	Buildings Catalogue Curated\Valley Station\Residential\lot_house_small_141_136v.tbx
RESIDENTIAL_LOW	house	M	16	18	288	1.12	N	house	3	Buildings Catalogue Curated\Rosewood\Residential\lot_house_small_146_136v.tbx	housesmall	Valley Station	lot_house_small_146_136v	Buildings Catalogue Curated\Valley Station\Residential\lot_house_small_146_136v.tbx
RESIDENTIAL_LOW	house	M	16	18	288	1.12	S	house	1		housesmall	Valley Station	lot_house_small_185_136v	Buildings Catalogue Curated\Valley Station\Residential\lot_house_small_185_136v.tbx
RESIDENTIAL_LOW	house	M	16	18	288	1.12	S	house	1		housesmall	West Point	lot_house_small_136	Buildings Catalogue Curated\West Point\Residential\lot_house_small_136.tbx
RESIDENTIAL_LOW	house	M	16	18	288	1.12	S	house	2	Buildings Catalogue Curated\Rosewood\Residential\lot_house_small_137_136v.tbx	housesmall	West Point	lot_house_small_137_136v	Buildings Catalogue Curated\West Point\Residential\lot_house_small_137_136v.tbx
RESIDENTIAL_LOW	house	M	16	18	288	1.12	S	house	2	Buildings Catalogue Curated\Valley Station\Residential\lot_house_small_138_136v.tbx	housesmall	West Point	lot_house_small_138_136v	Buildings Catalogue Curated\West Point\Residential\lot_house_small_138_136v.tbx
RESIDENTIAL_LOW	house	M	18	16	288	1.12	E	house	5	Buildings Catalogue Curated\Muldraugh\Residential\lot_house_small_140_136v.tbx	housesmall	West Point	lot_house_small_140_136v	Buildings Catalogue Curated\West Point\Residential\lot_house_small_140_136v.tbx
RESIDENTIAL_LOW	house	M	16	18	288	1.12	S	house	4	Buildings Catalogue Curated\Muldraugh\Residential\lot_house_small_141_136v.tbx	housesmall	West Point	lot_house_small_141_136v	Buildings Catalogue Curated\West Point\Residential\lot_house_small_141_136v.tbx
RESIDENTIAL_LOW	house	M	16	18	288	1.12	N	house	3	Buildings Catalogue Curated\Rosewood\Residential\lot_house_small_146_136v.tbx	housesmall	West Point	lot_house_small_146_136v	Buildings Catalogue Curated\West Point\Residential\lot_house_small_146_136v.tbx
RESIDENTIAL_LOW	house	L	11	26	286	2.36	E	cabin	1		cabingunrang	Valley Station	lot_cabin_10_gunrange	Buildings Catalogue Curated\Valley Station\Other\lot_cabin_10_gunrange.tbx
RESIDENTIAL_LOW	house	M	14	20	280	1.43	E		1		middleclasshomefront	Loose	Middle Class Home Front (1)	Residential\Middle Class Home Front (1).tbx
RESIDENTIAL_LOW	house	M	17	16	272	1.06	N		1		ballhouse	Loose	Ball-house6	Residential\Ball-house6.tbx
RESIDENTIAL_LOW	house	M	16	17	272	1.06	S		1		ballhouse	Loose	Ball-house6a	Residential\Ball-house6a.tbx
RESIDENTIAL_LOW	house	M	16	17	272	1.06	W		1		ballhouse	Loose	Ball-house8	Residential\Ball-house8.tbx
RESIDENTIAL_LOW	house	M	16	17	272	1.06	S		1		mendoncamodernvilla	Loose	mendonca-modernvilla	Residential\mendonca-modernvilla.tbx
RESIDENTIAL_LOW	house	M	18	15	270	1.2	S	house	1		housesmall	Muldraugh	lot_house_small_165	Buildings Catalogue Curated\Muldraugh\Residential\lot_house_small_165.tbx
RESIDENTIAL_LOW	house	M	16	16	256	1.0	E	house	3		housesmall	Dixie	lot_house_small_13	Buildings Catalogue Curated\Dixie\Residential\lot_house_small_13.tbx
RESIDENTIAL_LOW	house	M	16	16	256	1.0	E	house	3	Buildings Catalogue Curated\Dixie\Residential\lot_house_small_13.tbx	housesmall	Muldraugh	lot_house_small_13	Buildings Catalogue Curated\Muldraugh\Residential\lot_house_small_13.tbx
RESIDENTIAL_LOW	house	M	16	16	256	1.0	E	house	3	Buildings Catalogue Curated\Dixie\Residential\lot_house_small_13.tbx	housesmall	Rosewood	lot_house_small_13	Buildings Catalogue Curated\Rosewood\Residential\lot_house_small_13.tbx
RESIDENTIAL_LOW	house	M	16	16	256	1.0	W		1		ballhouse	Loose	Ball-house7	Residential\Ball-house7.tbx
RESIDENTIAL_LOW	house	M	16	16	256	1.0	W		1		ballhouse	Loose	Ball-house7a	Residential\Ball-house7a.tbx
RESIDENTIAL_LOW	house	M	16	16	256	1.0	W		1		ballhouse	Loose	Ball-house7b	Residential\Ball-house7b.tbx
RESIDENTIAL_LOW	house	M	14	18	252	1.29	S	house	4		housesmall	Dixie	lot_house_small_131_130v	Buildings Catalogue Curated\Dixie\Residential\lot_house_small_131_130v.tbx
RESIDENTIAL_LOW	house	M	18	14	252	1.29	W	house	4		housesmall	Dixie	lot_house_small_143_132v	Buildings Catalogue Curated\Dixie\Residential\lot_house_small_143_132v.tbx
RESIDENTIAL_LOW	house	M	18	14	252	1.29	W	house	2		housesmall	Dixie	lot_house_small_144_130v	Buildings Catalogue Curated\Dixie\Residential\lot_house_small_144_130v.tbx
RESIDENTIAL_LOW	house	M	18	14	252	1.29	E	house	2		housesmall	Dixie	lot_house_small_150	Buildings Catalogue Curated\Dixie\Residential\lot_house_small_150.tbx
RESIDENTIAL_LOW	house	M	18	14	252	1.29	W	house	3		housesmall	Dixie	lot_house_small_174_150v	Buildings Catalogue Curated\Dixie\Residential\lot_house_small_174_150v.tbx
RESIDENTIAL_LOW	house	M	14	18	252	1.29	S	house	4		housesmall	Dixie	lot_house_small_186_152v	Buildings Catalogue Curated\Dixie\Residential\lot_house_small_186_152v.tbx
RESIDENTIAL_LOW	house	M	18	14	252	1.29	S	house	3		housesmall	Dixie	lot_house_small_187_165v	Buildings Catalogue Curated\Dixie\Residential\lot_house_small_187_165v.tbx
RESIDENTIAL_LOW	house	M	18	14	252	1.29	E	house	3		housemedium	Muldraugh	lot_house_medium_90	Buildings Catalogue Curated\Muldraugh\Residential\lot_house_medium_90.tbx
RESIDENTIAL_LOW	house	M	18	14	252	1.29	S	house	1		housesmall	Muldraugh	lot_house_small_02	Buildings Catalogue Curated\Muldraugh\Residential\lot_house_small_02.tbx
RESIDENTIAL_LOW	house	M	14	18	252	1.29	S	house	4	Buildings Catalogue Curated\Dixie\Residential\lot_house_small_131_130v.tbx	housesmall	Muldraugh	lot_house_small_131_130v	Buildings Catalogue Curated\Muldraugh\Residential\lot_house_small_131_130v.tbx
RESIDENTIAL_LOW	house	M	14	18	252	1.29	S	house	3		housesmall	Muldraugh	lot_house_small_132	Buildings Catalogue Curated\Muldraugh\Residential\lot_house_small_132.tbx
RESIDENTIAL_LOW	house	M	18	14	252	1.29	E	house	2	Buildings Catalogue Curated\Dixie\Residential\lot_house_small_150.tbx	housesmall	Muldraugh	lot_house_small_150	Buildings Catalogue Curated\Muldraugh\Residential\lot_house_small_150.tbx
RESIDENTIAL_LOW	house	M	18	14	252	1.29	E	house	1		housesmall	Muldraugh	lot_house_small_151	Buildings Catalogue Curated\Muldraugh\Residential\lot_house_small_151.tbx
RESIDENTIAL_LOW	house	M	18	14	252	1.29	E	house	1		housesmall	Muldraugh	lot_house_small_152	Buildings Catalogue Curated\Muldraugh\Residential\lot_house_small_152.tbx
RESIDENTIAL_LOW	house	M	14	18	252	1.29	N	house	2		housesmall	Muldraugh	lot_house_small_155	Buildings Catalogue Curated\Muldraugh\Residential\lot_house_small_155.tbx
RESIDENTIAL_LOW	house	M	14	18	252	1.29	N	house	5		housesmall	Muldraugh	lot_house_small_156	Buildings Catalogue Curated\Muldraugh\Residential\lot_house_small_156.tbx
RESIDENTIAL_LOW	house	M	18	14	252	1.29	W	house	1		housesmall	Muldraugh	lot_house_small_157	Buildings Catalogue Curated\Muldraugh\Residential\lot_house_small_157.tbx
RESIDENTIAL_LOW	house	M	14	18	252	1.29	N	house	2		housesmall	Muldraugh	lot_house_small_158	Buildings Catalogue Curated\Muldraugh\Residential\lot_house_small_158.tbx
RESIDENTIAL_LOW	house	M	18	14	252	1.29	W	house	2		housesmall	Muldraugh	lot_house_small_159_130v	Buildings Catalogue Curated\Muldraugh\Residential\lot_house_small_159_130v.tbx
RESIDENTIAL_LOW	house	M	14	18	252	1.29	S	house	1		housesmall	Muldraugh	lot_house_small_161	Buildings Catalogue Curated\Muldraugh\Residential\lot_house_small_161.tbx
RESIDENTIAL_LOW	house	M	18	14	252	1.29	E	house	3	Buildings Catalogue Curated\Muldraugh\Residential\lot_house_medium_90.tbx	housemedium	Other	lot_house_medium_90	Buildings Catalogue Curated\Other\Residential\lot_house_medium_90.tbx
RESIDENTIAL_LOW	house	M	14	18	252	1.29	N	house	5	Buildings Catalogue Curated\Muldraugh\Residential\lot_house_small_156.tbx	housesmall	Other	lot_house_small_156	Buildings Catalogue Curated\Other\Residential\lot_house_small_156.tbx
RESIDENTIAL_LOW	house	M	14	18	252	1.29	S	house	3		housesmall	Riverwood	lot_house_small_130	Buildings Catalogue Curated\Riverwood\Residential\lot_house_small_130.tbx
RESIDENTIAL_LOW	house	M	18	14	252	1.29	E	house	3		housesmall	Riverwood	lot_house_small_139_132v	Buildings Catalogue Curated\Riverwood\Residential\lot_house_small_139_132v.tbx
RESIDENTIAL_LOW	house	M	18	14	252	1.29	W	house	4	Buildings Catalogue Curated\Dixie\Residential\lot_house_small_143_132v.tbx	housesmall	Riverwood	lot_house_small_143_132v	Buildings Catalogue Curated\Riverwood\Residential\lot_house_small_143_132v.tbx
RESIDENTIAL_LOW	house	M	14	18	252	1.29	N	house	5	Buildings Catalogue Curated\Muldraugh\Residential\lot_house_small_156.tbx	housesmall	Riverwood	lot_house_small_156	Buildings Catalogue Curated\Riverwood\Residential\lot_house_small_156.tbx
RESIDENTIAL_LOW	house	M	18	14	252	1.29	W	house	2	Buildings Catalogue Curated\Muldraugh\Residential\lot_house_small_159_130v.tbx	housesmall	Riverwood	lot_house_small_159_130v	Buildings Catalogue Curated\Riverwood\Residential\lot_house_small_159_130v.tbx
RESIDENTIAL_LOW	house	M	18	14	252	1.29	E	house	2		housesmall	Riverwood	lot_house_small_160	Buildings Catalogue Curated\Riverwood\Residential\lot_house_small_160.tbx
RESIDENTIAL_LOW	house	M	18	14	252	1.29	W	house	3	Buildings Catalogue Curated\Dixie\Residential\lot_house_small_174_150v.tbx	housesmall	Riverwood	lot_house_small_174_150v	Buildings Catalogue Curated\Riverwood\Residential\lot_house_small_174_150v.tbx
RESIDENTIAL_LOW	house	M	14	18	252	1.29	S	house	4	Buildings Catalogue Curated\Dixie\Residential\lot_house_small_186_152v.tbx	housesmall	Riverwood	lot_house_small_186_152v	Buildings Catalogue Curated\Riverwood\Residential\lot_house_small_186_152v.tbx
RESIDENTIAL_LOW	house	M	18	14	252	1.29	S	house	3	Buildings Catalogue Curated\Dixie\Residential\lot_house_small_187_165v.tbx	housesmall	Riverwood	lot_house_small_187_165v	Buildings Catalogue Curated\Riverwood\Residential\lot_house_small_187_165v.tbx
RESIDENTIAL_LOW	house	M	14	18	252	1.29	S	house	4	Buildings Catalogue Curated\Dixie\Residential\lot_house_small_131_130v.tbx	housesmall	Rosewood	lot_house_small_131_130v	Buildings Catalogue Curated\Rosewood\Residential\lot_house_small_131_130v.tbx
RESIDENTIAL_LOW	house	M	14	18	252	1.29	N	house	5	Buildings Catalogue Curated\Muldraugh\Residential\lot_house_small_156.tbx	housesmall	Rosewood	lot_house_small_156	Buildings Catalogue Curated\Rosewood\Residential\lot_house_small_156.tbx
RESIDENTIAL_LOW	house	M	18	14	252	1.29	E	house	2	Buildings Catalogue Curated\Riverwood\Residential\lot_house_small_160.tbx	housesmall	Rosewood	lot_house_small_160	Buildings Catalogue Curated\Rosewood\Residential\lot_house_small_160.tbx
RESIDENTIAL_LOW	house	M	14	18	252	1.29	S	house	4	Buildings Catalogue Curated\Dixie\Residential\lot_house_small_186_152v.tbx	housesmall	Rosewood	lot_house_small_186_152v	Buildings Catalogue Curated\Rosewood\Residential\lot_house_small_186_152v.tbx
RESIDENTIAL_LOW	house	M	18	14	252	1.29	E	house	3	Buildings Catalogue Curated\Muldraugh\Residential\lot_house_medium_90.tbx	housemedium	Valley Station	lot_house_medium_90	Buildings Catalogue Curated\Valley Station\Residential\lot_house_medium_90.tbx
RESIDENTIAL_LOW	house	M	14	18	252	1.29	S	house	3	Buildings Catalogue Curated\Riverwood\Residential\lot_house_small_130.tbx	housesmall	Valley Station	lot_house_small_130	Buildings Catalogue Curated\Valley Station\Residential\lot_house_small_130.tbx
RESIDENTIAL_LOW	house	M	14	18	252	1.29	S	house	3	Buildings Catalogue Curated\Muldraugh\Residential\lot_house_small_132.tbx	housesmall	Valley Station	lot_house_small_132	Buildings Catalogue Curated\Valley Station\Residential\lot_house_small_132.tbx
RESIDENTIAL_LOW	house	M	18	14	252	1.29	E	house	3	Buildings Catalogue Curated\Riverwood\Residential\lot_house_small_139_132v.tbx	housesmall	Valley Station	lot_house_small_139_132v	Buildings Catalogue Curated\Valley Station\Residential\lot_house_small_139_132v.tbx
RESIDENTIAL_LOW	house	M	18	14	252	1.29	W	house	4	Buildings Catalogue Curated\Dixie\Residential\lot_house_small_143_132v.tbx	housesmall	Valley Station	lot_house_small_143_132v	Buildings Catalogue Curated\Valley Station\Residential\lot_house_small_143_132v.tbx
RESIDENTIAL_LOW	house	M	14	18	252	1.29	N	house	2		housesmall	Valley Station	lot_house_small_145_132v	Buildings Catalogue Curated\Valley Station\Residential\lot_house_small_145_132v.tbx
RESIDENTIAL_LOW	house	M	14	18	252	1.29	N	house	2	Buildings Catalogue Curated\Muldraugh\Residential\lot_house_small_155.tbx	housesmall	Valley Station	lot_house_small_155	Buildings Catalogue Curated\Valley Station\Residential\lot_house_small_155.tbx
RESIDENTIAL_LOW	house	M	14	18	252	1.29	N	house	5	Buildings Catalogue Curated\Muldraugh\Residential\lot_house_small_156.tbx	housesmall	Valley Station	lot_house_small_156	Buildings Catalogue Curated\Valley Station\Residential\lot_house_small_156.tbx
RESIDENTIAL_LOW	house	M	14	18	252	1.29	N	house	2	Buildings Catalogue Curated\Muldraugh\Residential\lot_house_small_158.tbx	housesmall	Valley Station	lot_house_small_158	Buildings Catalogue Curated\Valley Station\Residential\lot_house_small_158.tbx
RESIDENTIAL_LOW	house	M	18	14	252	1.29	W	house	3	Buildings Catalogue Curated\Dixie\Residential\lot_house_small_174_150v.tbx	housesmall	Valley Station	lot_house_small_174_150v	Buildings Catalogue Curated\Valley Station\Residential\lot_house_small_174_150v.tbx
RESIDENTIAL_LOW	house	M	14	18	252	1.29	S	house	4	Buildings Catalogue Curated\Dixie\Residential\lot_house_small_186_152v.tbx	housesmall	Valley Station	lot_house_small_186_152v	Buildings Catalogue Curated\Valley Station\Residential\lot_house_small_186_152v.tbx
RESIDENTIAL_LOW	house	M	18	14	252	1.29	S	house	3	Buildings Catalogue Curated\Dixie\Residential\lot_house_small_187_165v.tbx	housesmall	Valley Station	lot_house_small_187_165v	Buildings Catalogue Curated\Valley Station\Residential\lot_house_small_187_165v.tbx
RESIDENTIAL_LOW	house	M	14	18	252	1.29	S	house	1		housesmall	Valley Station	lot_house_small_190_132v	Buildings Catalogue Curated\Valley Station\Residential\lot_house_small_190_132v.tbx
RESIDENTIAL_LOW	house	M	14	18	252	1.29	S	house	3	Buildings Catalogue Curated\Riverwood\Residential\lot_house_small_130.tbx	housesmall	West Point	lot_house_small_130	Buildings Catalogue Curated\West Point\Residential\lot_house_small_130.tbx
RESIDENTIAL_LOW	house	M	14	18	252	1.29	S	house	4	Buildings Catalogue Curated\Dixie\Residential\lot_house_small_131_130v.tbx	housesmall	West Point	lot_house_small_131_130v	Buildings Catalogue Curated\West Point\Residential\lot_house_small_131_130v.tbx
RESIDENTIAL_LOW	house	M	14	18	252	1.29	S	house	3	Buildings Catalogue Curated\Muldraugh\Residential\lot_house_small_132.tbx	housesmall	West Point	lot_house_small_132	Buildings Catalogue Curated\West Point\Residential\lot_house_small_132.tbx
RESIDENTIAL_LOW	house	M	14	18	252	1.29	S	house	1		housesmall	West Point	lot_house_small_133_132v	Buildings Catalogue Curated\West Point\Residential\lot_house_small_133_132v.tbx
RESIDENTIAL_LOW	house	M	14	18	252	1.29	S	house	1		housesmall	West Point	lot_house_small_135_132v	Buildings Catalogue Curated\West Point\Residential\lot_house_small_135_132v.tbx
RESIDENTIAL_LOW	house	M	18	14	252	1.29	E	house	3	Buildings Catalogue Curated\Riverwood\Residential\lot_house_small_139_132v.tbx	housesmall	West Point	lot_house_small_139_132v	Buildings Catalogue Curated\West Point\Residential\lot_house_small_139_132v.tbx
RESIDENTIAL_LOW	house	M	18	14	252	1.29	E	house	1		housesmall	West Point	lot_house_small_142_130v	Buildings Catalogue Curated\West Point\Residential\lot_house_small_142_130v.tbx
RESIDENTIAL_LOW	house	M	18	14	252	1.29	W	house	4	Buildings Catalogue Curated\Dixie\Residential\lot_house_small_143_132v.tbx	housesmall	West Point	lot_house_small_143_132v	Buildings Catalogue Curated\West Point\Residential\lot_house_small_143_132v.tbx
RESIDENTIAL_LOW	house	M	18	14	252	1.29	W	house	2	Buildings Catalogue Curated\Dixie\Residential\lot_house_small_144_130v.tbx	housesmall	West Point	lot_house_small_144_130v	Buildings Catalogue Curated\West Point\Residential\lot_house_small_144_130v.tbx
RESIDENTIAL_LOW	house	M	14	18	252	1.29	N	house	2	Buildings Catalogue Curated\Valley Station\Residential\lot_house_small_145_132v.tbx	housesmall	West Point	lot_house_small_145_132v	Buildings Catalogue Curated\West Point\Residential\lot_house_small_145_132v.tbx
RESIDENTIAL_LOW	house	M	15	16	240	1.07	E		1		house	Loose	house 3 (2)	Residential\house 3 (2).tbx
RESIDENTIAL_LOW	house	M	15	16	240	1.07	E		1		house	Loose	house 4	Residential\house 4.tbx
RESIDENTIAL_LOW	house	M	16	15	240	1.07	S		1		wintervacationhom	Loose	wintervacationhome	Residential\wintervacationhome.tbx
RESIDENTIAL_LOW	house	M	13	18	234	1.38	E		1		jinjahouse	Loose	Jinja-house-2	Residential\Jinja-house-2.tbx
RESIDENTIAL_LOW	house	M	12	19	228	1.58	N		1		smallhouse	Loose	SmallHouse003	Residential\SmallHouse003.tbx
RESIDENTIAL_LOW	house	M	12	19	228	1.58	N		1		smallhouse	Loose	SmallHouse003v2	Residential\SmallHouse003v2.tbx
RESIDENTIAL_LOW	house	M	15	15	225	1.0	E	house	2		housesmall	Dixie	lot_house_small_87	Buildings Catalogue Curated\Dixie\Residential\lot_house_small_87.tbx
RESIDENTIAL_LOW	house	M	15	15	225	1.0	E	house	3		housesmall	Muldraugh	lot_house_small_108_87v	Buildings Catalogue Curated\Muldraugh\Residential\lot_house_small_108_87v.tbx
RESIDENTIAL_LOW	house	M	15	15	225	1.0	S	house	2		housesmall	Muldraugh	lot_house_small_94_41v	Buildings Catalogue Curated\Muldraugh\Residential\lot_house_small_94_41v.tbx
RESIDENTIAL_LOW	house	M	15	15	225	1.0	E	house	3	Buildings Catalogue Curated\Muldraugh\Residential\lot_house_small_108_87v.tbx	housesmall	Riverwood	lot_house_small_108_87v	Buildings Catalogue Curated\Riverwood\Residential\lot_house_small_108_87v.tbx
RESIDENTIAL_LOW	house	M	15	15	225	1.0	S	house	2	Buildings Catalogue Curated\Muldraugh\Residential\lot_house_small_94_41v.tbx	housesmall	Riverwood	lot_house_small_94_41v	Buildings Catalogue Curated\Riverwood\Residential\lot_house_small_94_41v.tbx
RESIDENTIAL_LOW	house	M	15	15	225	1.0	E	house	2		housesmall	Rosewood	lot_house_small_113_87v	Buildings Catalogue Curated\Rosewood\Residential\lot_house_small_113_87v.tbx
RESIDENTIAL_LOW	house	M	15	15	225	1.0	E	house	3	Buildings Catalogue Curated\Muldraugh\Residential\lot_house_small_108_87v.tbx	housesmall	West Point	lot_house_small_108_87v	Buildings Catalogue Curated\West Point\Residential\lot_house_small_108_87v.tbx
RESIDENTIAL_LOW	house	M	15	15	225	1.0	E	house	2	Buildings Catalogue Curated\Rosewood\Residential\lot_house_small_113_87v.tbx	housesmall	West Point	lot_house_small_113_87v	Buildings Catalogue Curated\West Point\Residential\lot_house_small_113_87v.tbx
RESIDENTIAL_LOW	house	M	15	15	225	1.0	E	house	2	Buildings Catalogue Curated\Dixie\Residential\lot_house_small_87.tbx	housesmall	West Point	lot_house_small_87	Buildings Catalogue Curated\West Point\Residential\lot_house_small_87.tbx
RESIDENTIAL_LOW	house	M	15	15	225	1.0	S		1		coloradohighlandranch	Loose	colorado_highlandranch_1a	Residential\colorado_highlandranch_1a.tbx
RESIDENTIAL_LOW	house	M	16	14	224	1.14	E	house	2		housesuburbe	Dixie	lot_house_suburb_04_E_06	Buildings Catalogue Curated\Dixie\Residential\lot_house_suburb_04_E_06.tbx
RESIDENTIAL_LOW	house	M	16	14	224	1.14	E	house	1		housesuburbe	Dixie	lot_house_suburb_05_E_07	Buildings Catalogue Curated\Dixie\Residential\lot_house_suburb_05_E_07.tbx
RESIDENTIAL_LOW	house	M	14	16	224	1.14	N	house	1		housesuburbn	Dixie	lot_house_suburb_05_N_03	Buildings Catalogue Curated\Dixie\Residential\lot_house_suburb_05_N_03.tbx
RESIDENTIAL_LOW	house	M	16	14	224	1.14	E	house	1		housesuburbe	Riverwood	lot_house_suburb_04_E_01	Buildings Catalogue Curated\Riverwood\Residential\lot_house_suburb_04_E_01.tbx
RESIDENTIAL_LOW	house	M	16	14	224	1.14	E	house	1		housesuburbe	Riverwood	lot_house_suburb_04_E_04	Buildings Catalogue Curated\Riverwood\Residential\lot_house_suburb_04_E_04.tbx
RESIDENTIAL_LOW	house	M	16	14	224	1.14	E	house	2	Buildings Catalogue Curated\Dixie\Residential\lot_house_suburb_04_E_06.tbx	housesuburbe	Riverwood	lot_house_suburb_04_E_06	Buildings Catalogue Curated\Riverwood\Residential\lot_house_suburb_04_E_06.tbx
RESIDENTIAL_LOW	house	M	16	14	224	1.14	E	house	1		housesuburbe	Riverwood	lot_house_suburb_04_E_07	Buildings Catalogue Curated\Riverwood\Residential\lot_house_suburb_04_E_07.tbx
RESIDENTIAL_LOW	house	M	16	14	224	1.14	S	house	1		housesuburbe	Riverwood	lot_house_suburb_04_E_14	Buildings Catalogue Curated\Riverwood\Residential\lot_house_suburb_04_E_14.tbx
RESIDENTIAL_LOW	house	M	14	16	224	1.14	N	house	1		housesuburbn	Riverwood	lot_house_suburb_04_N_03	Buildings Catalogue Curated\Riverwood\Residential\lot_house_suburb_04_N_03.tbx
RESIDENTIAL_LOW	house	M	14	16	224	1.14	N	house	1		housesuburbn	Riverwood	lot_house_suburb_04_N_04	Buildings Catalogue Curated\Riverwood\Residential\lot_house_suburb_04_N_04.tbx
RESIDENTIAL_LOW	house	M	14	16	224	1.14	N	house	1		housesuburbn	Riverwood	lot_house_suburb_04_N_05	Buildings Catalogue Curated\Riverwood\Residential\lot_house_suburb_04_N_05.tbx
RESIDENTIAL_LOW	house	M	14	16	224	1.14	N	house	1		housesuburbn	Riverwood	lot_house_suburb_04_N_06	Buildings Catalogue Curated\Riverwood\Residential\lot_house_suburb_04_N_06.tbx
RESIDENTIAL_LOW	house	M	14	16	224	1.14	N	house	1		housesuburbn	Riverwood	lot_house_suburb_04_N_07	Buildings Catalogue Curated\Riverwood\Residential\lot_house_suburb_04_N_07.tbx
RESIDENTIAL_LOW	house	M	14	16	224	1.14	N	house	1		housesuburbn	Riverwood	lot_house_suburb_04_N_08	Buildings Catalogue Curated\Riverwood\Residential\lot_house_suburb_04_N_08.tbx
RESIDENTIAL_LOW	house	M	14	16	224	1.14	N	house	1		housesuburbn	Riverwood	lot_house_suburb_04_N_09	Buildings Catalogue Curated\Riverwood\Residential\lot_house_suburb_04_N_09.tbx
RESIDENTIAL_LOW	house	M	14	16	224	1.14	N	house	1		housesuburbn	Riverwood	lot_house_suburb_04_N_10	Buildings Catalogue Curated\Riverwood\Residential\lot_house_suburb_04_N_10.tbx
RESIDENTIAL_LOW	house	M	14	16	224	1.14	E	house	1		housesuburbn	Riverwood	lot_house_suburb_04_N_11	Buildings Catalogue Curated\Riverwood\Residential\lot_house_suburb_04_N_11.tbx
RESIDENTIAL_LOW	house	M	14	16	224	1.14	W	house	1		housesuburbn	Riverwood	lot_house_suburb_04_N_12	Buildings Catalogue Curated\Riverwood\Residential\lot_house_suburb_04_N_12.tbx
RESIDENTIAL_LOW	house	M	14	16	224	1.14	E	house	1		housesuburbn	Riverwood	lot_house_suburb_04_N_14	Buildings Catalogue Curated\Riverwood\Residential\lot_house_suburb_04_N_14.tbx
RESIDENTIAL_LOW	house	M	14	16	224	1.14	S	house	1		housesuburbs	Riverwood	lot_house_suburb_04_S_01	Buildings Catalogue Curated\Riverwood\Residential\lot_house_suburb_04_S_01.tbx
RESIDENTIAL_LOW	house	M	14	16	224	1.14	S	house	1		housesuburbs	Riverwood	lot_house_suburb_04_S_03	Buildings Catalogue Curated\Riverwood\Residential\lot_house_suburb_04_S_03.tbx
RESIDENTIAL_LOW	house	M	14	16	224	1.14	S	house	1		housesuburbs	Riverwood	lot_house_suburb_04_S_04	Buildings Catalogue Curated\Riverwood\Residential\lot_house_suburb_04_S_04.tbx
RESIDENTIAL_LOW	house	M	14	16	224	1.14	S	house	1		housesuburbs	Riverwood	lot_house_suburb_04_S_05	Buildings Catalogue Curated\Riverwood\Residential\lot_house_suburb_04_S_05.tbx
RESIDENTIAL_LOW	house	M	14	16	224	1.14	S	house	1		housesuburbs	Riverwood	lot_house_suburb_04_S_06	Buildings Catalogue Curated\Riverwood\Residential\lot_house_suburb_04_S_06.tbx
RESIDENTIAL_LOW	house	M	14	16	224	1.14	S	house	1		housesuburbs	Riverwood	lot_house_suburb_04_S_07	Buildings Catalogue Curated\Riverwood\Residential\lot_house_suburb_04_S_07.tbx
RESIDENTIAL_LOW	house	M	14	16	224	1.14	N	house	1		housesuburbs	Riverwood	lot_house_suburb_04_S_08	Buildings Catalogue Curated\Riverwood\Residential\lot_house_suburb_04_S_08.tbx
RESIDENTIAL_LOW	house	M	14	16	224	1.14	S	house	1		housesuburbs	Riverwood	lot_house_suburb_04_S_09	Buildings Catalogue Curated\Riverwood\Residential\lot_house_suburb_04_S_09.tbx
RESIDENTIAL_LOW	house	M	14	16	224	1.14	S	house	1		housesuburbs	Riverwood	lot_house_suburb_04_S_10	Buildings Catalogue Curated\Riverwood\Residential\lot_house_suburb_04_S_10.tbx
RESIDENTIAL_LOW	house	M	14	16	224	1.14	W	house	1		housesuburbs	Riverwood	lot_house_suburb_04_S_14	Buildings Catalogue Curated\Riverwood\Residential\lot_house_suburb_04_S_14.tbx
RESIDENTIAL_LOW	house	M	16	14	224	1.14	W	house	1		housesuburbw	Riverwood	lot_house_suburb_04_W_03	Buildings Catalogue Curated\Riverwood\Residential\lot_house_suburb_04_W_03.tbx
RESIDENTIAL_LOW	house	M	17	13	221	1.31	E	house	1		housesuburbe	Dixie	lot_house_suburb_03_E_10	Buildings Catalogue Curated\Dixie\Residential\lot_house_suburb_03_E_10.tbx
RESIDENTIAL_LOW	house	M	13	17	221	1.31	S	house	1		housesuburbs	Dixie	lot_house_suburb_03_S_08	Buildings Catalogue Curated\Dixie\Residential\lot_house_suburb_03_S_08.tbx
RESIDENTIAL_LOW	house	M	13	17	221	1.31	S	house	1		housesuburbs	Dixie	lot_house_suburb_03_S_11	Buildings Catalogue Curated\Dixie\Residential\lot_house_suburb_03_S_11.tbx
RESIDENTIAL_LOW	house	M	17	13	221	1.31	E	house	2		housesuburbe	March Ridge	lot_house_suburb_02_E_01	Buildings Catalogue Curated\March Ridge\Residential\lot_house_suburb_02_E_01.tbx
RESIDENTIAL_LOW	house	M	17	13	221	1.31	E	house	1		housesuburbe	March Ridge	lot_house_suburb_02_E_03	Buildings Catalogue Curated\March Ridge\Residential\lot_house_suburb_02_E_03.tbx
RESIDENTIAL_LOW	house	M	17	13	221	1.31	E	house	1		housesuburbe	March Ridge	lot_house_suburb_02_E_05	Buildings Catalogue Curated\March Ridge\Residential\lot_house_suburb_02_E_05.tbx
RESIDENTIAL_LOW	house	M	17	13	221	1.31	E	house	1		housesuburbe	March Ridge	lot_house_suburb_02_E_07	Buildings Catalogue Curated\March Ridge\Residential\lot_house_suburb_02_E_07.tbx
RESIDENTIAL_LOW	house	M	17	13	221	1.31	E	house	1		housesuburbe	March Ridge	lot_house_suburb_02_E_13	Buildings Catalogue Curated\March Ridge\Residential\lot_house_suburb_02_E_13.tbx
RESIDENTIAL_LOW	house	M	17	13	221	1.31	N	house	1		housesuburbe	March Ridge	lot_house_suburb_02_E_15	Buildings Catalogue Curated\March Ridge\Residential\lot_house_suburb_02_E_15.tbx
RESIDENTIAL_LOW	house	M	13	17	221	1.31	N	house	1		housesuburbn	March Ridge	lot_house_suburb_02_N_01	Buildings Catalogue Curated\March Ridge\Residential\lot_house_suburb_02_N_01.tbx
RESIDENTIAL_LOW	house	M	13	17	221	1.31	N	house	1		housesuburbn	March Ridge	lot_house_suburb_02_N_02	Buildings Catalogue Curated\March Ridge\Residential\lot_house_suburb_02_N_02.tbx
RESIDENTIAL_LOW	house	M	13	17	221	1.31	N	house	1		housesuburbn	March Ridge	lot_house_suburb_02_N_04	Buildings Catalogue Curated\March Ridge\Residential\lot_house_suburb_02_N_04.tbx
RESIDENTIAL_LOW	house	M	13	17	221	1.31	N	house	1		housesuburbn	March Ridge	lot_house_suburb_02_N_07	Buildings Catalogue Curated\March Ridge\Residential\lot_house_suburb_02_N_07.tbx
RESIDENTIAL_LOW	house	M	13	17	221	1.31	N	house	1		housesuburbn	March Ridge	lot_house_suburb_02_N_09	Buildings Catalogue Curated\March Ridge\Residential\lot_house_suburb_02_N_09.tbx
RESIDENTIAL_LOW	house	M	13	17	221	1.31	N	house	1		housesuburbn	March Ridge	lot_house_suburb_02_N_10	Buildings Catalogue Curated\March Ridge\Residential\lot_house_suburb_02_N_10.tbx
RESIDENTIAL_LOW	house	M	13	17	221	1.31	N	house	1		housesuburbn	March Ridge	lot_house_suburb_02_N_11	Buildings Catalogue Curated\March Ridge\Residential\lot_house_suburb_02_N_11.tbx
RESIDENTIAL_LOW	house	M	13	17	221	1.31	N	house	1		housesuburbn	March Ridge	lot_house_suburb_02_N_14	Buildings Catalogue Curated\March Ridge\Residential\lot_house_suburb_02_N_14.tbx
RESIDENTIAL_LOW	house	M	13	17	221	1.31	W	house	1		housesuburbn	March Ridge	lot_house_suburb_02_N_15	Buildings Catalogue Curated\March Ridge\Residential\lot_house_suburb_02_N_15.tbx
RESIDENTIAL_LOW	house	M	13	17	221	1.31	N	house	1		housesuburbn	March Ridge	lot_house_suburb_02_N_17	Buildings Catalogue Curated\March Ridge\Residential\lot_house_suburb_02_N_17.tbx
RESIDENTIAL_LOW	house	M	13	17	221	1.31	S	house	1		housesuburbs	March Ridge	lot_house_suburb_02_S_02	Buildings Catalogue Curated\March Ridge\Residential\lot_house_suburb_02_S_02.tbx
RESIDENTIAL_LOW	house	M	13	17	221	1.31	S	house	1		housesuburbs	March Ridge	lot_house_suburb_02_S_03	Buildings Catalogue Curated\March Ridge\Residential\lot_house_suburb_02_S_03.tbx
RESIDENTIAL_LOW	house	M	13	17	221	1.31	S	house	1		housesuburbs	March Ridge	lot_house_suburb_02_S_04	Buildings Catalogue Curated\March Ridge\Residential\lot_house_suburb_02_S_04.tbx
RESIDENTIAL_LOW	house	M	13	17	221	1.31	S	house	1		housesuburbs	March Ridge	lot_house_suburb_02_S_05	Buildings Catalogue Curated\March Ridge\Residential\lot_house_suburb_02_S_05.tbx
RESIDENTIAL_LOW	house	M	13	17	221	1.31	S	house	1		housesuburbs	March Ridge	lot_house_suburb_02_S_07	Buildings Catalogue Curated\March Ridge\Residential\lot_house_suburb_02_S_07.tbx
RESIDENTIAL_LOW	house	M	13	17	221	1.31	S	house	1		housesuburbs	March Ridge	lot_house_suburb_02_S_08	Buildings Catalogue Curated\March Ridge\Residential\lot_house_suburb_02_S_08.tbx
RESIDENTIAL_LOW	house	M	13	17	221	1.31	S	house	1		housesuburbs	March Ridge	lot_house_suburb_02_S_09	Buildings Catalogue Curated\March Ridge\Residential\lot_house_suburb_02_S_09.tbx
RESIDENTIAL_LOW	house	M	13	17	221	1.31	S	house	1		housesuburbs	March Ridge	lot_house_suburb_02_S_10	Buildings Catalogue Curated\March Ridge\Residential\lot_house_suburb_02_S_10.tbx
RESIDENTIAL_LOW	house	M	13	17	221	1.31	S	house	1		housesuburbs	March Ridge	lot_house_suburb_02_S_11	Buildings Catalogue Curated\March Ridge\Residential\lot_house_suburb_02_S_11.tbx
RESIDENTIAL_LOW	house	M	13	17	221	1.31	S	house	1		housesuburbs	March Ridge	lot_house_suburb_02_S_12	Buildings Catalogue Curated\March Ridge\Residential\lot_house_suburb_02_S_12.tbx
RESIDENTIAL_LOW	house	M	13	17	221	1.31	S	house	1		housesuburbs	March Ridge	lot_house_suburb_02_S_13	Buildings Catalogue Curated\March Ridge\Residential\lot_house_suburb_02_S_13.tbx
RESIDENTIAL_LOW	house	M	13	17	221	1.31	S	house	1		housesuburbs	March Ridge	lot_house_suburb_02_S_14	Buildings Catalogue Curated\March Ridge\Residential\lot_house_suburb_02_S_14.tbx
RESIDENTIAL_LOW	house	M	13	17	221	1.31	E	house	2		housesuburbs	March Ridge	lot_house_suburb_02_S_15	Buildings Catalogue Curated\March Ridge\Residential\lot_house_suburb_02_S_15.tbx
RESIDENTIAL_LOW	house	M	13	17	221	1.31	W	house	1		housesuburbs	March Ridge	lot_house_suburb_02_S_16	Buildings Catalogue Curated\March Ridge\Residential\lot_house_suburb_02_S_16.tbx
RESIDENTIAL_LOW	house	M	13	17	221	1.31	S	house	1		housesuburbs	March Ridge	lot_house_suburb_02_S_17	Buildings Catalogue Curated\March Ridge\Residential\lot_house_suburb_02_S_17.tbx
RESIDENTIAL_LOW	house	M	13	17	221	1.31	S	house	1		housesuburbs	March Ridge	lot_house_suburb_02_S_18	Buildings Catalogue Curated\March Ridge\Residential\lot_house_suburb_02_S_18.tbx
RESIDENTIAL_LOW	house	M	17	13	221	1.31	W	house	1		housesuburbw	March Ridge	lot_house_suburb_02_W_01	Buildings Catalogue Curated\March Ridge\Residential\lot_house_suburb_02_W_01.tbx
RESIDENTIAL_LOW	house	M	17	13	221	1.31	W	house	1		housesuburbw	March Ridge	lot_house_suburb_02_W_03	Buildings Catalogue Curated\March Ridge\Residential\lot_house_suburb_02_W_03.tbx
RESIDENTIAL_LOW	house	M	17	13	221	1.31	W	house	1		housesuburbw	March Ridge	lot_house_suburb_02_W_07	Buildings Catalogue Curated\March Ridge\Residential\lot_house_suburb_02_W_07.tbx
RESIDENTIAL_LOW	house	M	17	13	221	1.31	W	house	1		housesuburbw	March Ridge	lot_house_suburb_02_W_08	Buildings Catalogue Curated\March Ridge\Residential\lot_house_suburb_02_W_08.tbx
RESIDENTIAL_LOW	house	M	17	13	221	1.31	W	house	1		housesuburbw	March Ridge	lot_house_suburb_02_W_09	Buildings Catalogue Curated\March Ridge\Residential\lot_house_suburb_02_W_09.tbx
RESIDENTIAL_LOW	house	M	17	13	221	1.31	W	house	1		housesuburbw	March Ridge	lot_house_suburb_02_W_10	Buildings Catalogue Curated\March Ridge\Residential\lot_house_suburb_02_W_10.tbx
RESIDENTIAL_LOW	house	M	17	13	221	1.31	W	house	1		housesuburbw	March Ridge	lot_house_suburb_02_W_11	Buildings Catalogue Curated\March Ridge\Residential\lot_house_suburb_02_W_11.tbx
RESIDENTIAL_LOW	house	M	17	13	221	1.31	W	house	1		housesuburbw	March Ridge	lot_house_suburb_02_W_13	Buildings Catalogue Curated\March Ridge\Residential\lot_house_suburb_02_W_13.tbx
RESIDENTIAL_LOW	house	M	17	13	221	1.31	N	house	1		housesuburbw	March Ridge	lot_house_suburb_02_W_16	Buildings Catalogue Curated\March Ridge\Residential\lot_house_suburb_02_W_16.tbx
RESIDENTIAL_LOW	house	M	17	13	221	1.31	E	house	2	Buildings Catalogue Curated\March Ridge\Residential\lot_house_suburb_02_E_01.tbx	housesuburbe	Riverwood	lot_house_suburb_02_E_01	Buildings Catalogue Curated\Riverwood\Residential\lot_house_suburb_02_E_01.tbx
RESIDENTIAL_LOW	house	M	13	17	221	1.31	N	house	1		housesuburbn	Riverwood	lot_house_suburb_03_N_01	Buildings Catalogue Curated\Riverwood\Residential\lot_house_suburb_03_N_01.tbx
RESIDENTIAL_LOW	house	M	13	17	221	1.31	N	house	1		housesuburbn	Riverwood	lot_house_suburb_03_N_04	Buildings Catalogue Curated\Riverwood\Residential\lot_house_suburb_03_N_04.tbx
RESIDENTIAL_LOW	house	M	17	13	221	1.31	W	house	1		housesuburbw	Riverwood	lot_house_suburb_03_W_04	Buildings Catalogue Curated\Riverwood\Residential\lot_house_suburb_03_W_04.tbx
RESIDENTIAL_LOW	house	M	17	13	221	1.31	S	house	1		housesuburbw	Riverwood	lot_house_suburb_03_W_15	Buildings Catalogue Curated\Riverwood\Residential\lot_house_suburb_03_W_15.tbx
RESIDENTIAL_LOW	house	M	13	17	221	1.31	E	house	2	Buildings Catalogue Curated\March Ridge\Residential\lot_house_suburb_02_S_15.tbx	housesuburbs	Rosewood	lot_house_suburb_02_S_15	Buildings Catalogue Curated\Rosewood\Residential\lot_house_suburb_02_S_15.tbx
RESIDENTIAL_LOW	house	M	17	13	221	1.31	E	house	1		housesuburbe	Rosewood	lot_house_suburb_03_E_02	Buildings Catalogue Curated\Rosewood\Residential\lot_house_suburb_03_E_02.tbx
RESIDENTIAL_LOW	house	M	13	17	221	1.31	E	house	1		housesuburbn	Rosewood	lot_house_suburb_03_N_16	Buildings Catalogue Curated\Rosewood\Residential\lot_house_suburb_03_N_16.tbx
RESIDENTIAL_LOW	house	M	17	13	221	1.31	W	house	1		housesuburbw	Rosewood	lot_house_suburb_03_W_13	Buildings Catalogue Curated\Rosewood\Residential\lot_house_suburb_03_W_13.tbx
RESIDENTIAL_LOW	house	M	17	13	221	1.31	W	house	1		housesuburbw	Rosewood	lot_house_suburb_03_W_18	Buildings Catalogue Curated\Rosewood\Residential\lot_house_suburb_03_W_18.tbx
RESIDENTIAL_LOW	house	M	13	17	221	1.31	W		1		homefl	Loose	Home_44_1FL_2B_W	Residential\Home_44_1FL_2B_W.tbx
RESIDENTIAL_LOW	house	M	14	15	210	1.07	S		1		westhouse	Loose	west_house1	Residential\west_house1.tbx
RESIDENTIAL_LOW	house	M	14	15	210	1.07	S		1		westhousevariation	Loose	west_house1_variation2	Residential\west_house1_variation2.tbx
RESIDENTIAL_LOW	house	M	13	16	208	1.23	N	house	1		housesuburbn	Riverwood	lot_house_suburb_04_N_01	Buildings Catalogue Curated\Riverwood\Residential\lot_house_suburb_04_N_01.tbx
RESIDENTIAL_LOW	house	M	13	16	208	1.23	N	house	1		housesuburbn	Riverwood	lot_house_suburb_05_N_01	Buildings Catalogue Curated\Riverwood\Residential\lot_house_suburb_05_N_01.tbx
RESIDENTIAL_LOW	house	M	16	13	208	1.23	W		1		house	Loose	House 5	Residential\House 5.tbx
RESIDENTIAL_LOW	house	M	10	20	200	2.0	E		1		ballbrenshed	Loose	Ball-brenshed	Residential\Ball-brenshed.tbx
RESIDENTIAL_LOW	house	M	20	10	200	2.0	S		1		house	Loose	House 1 (2)	Residential\House 1 (2).tbx
RESIDENTIAL_LOW	house	S	14	14	196	1.0	N		1		homefl	Loose	Home_2_1FL_2B_N	Residential\Home_2_1FL_2B_N.tbx
RESIDENTIAL_LOW	house	S	14	14	196	1.0	N		1		homefl	Loose	Home_4_1FL_2B_N	Residential\Home_4_1FL_2B_N.tbx
RESIDENTIAL_LOW	house	M	13	15	195	1.15	S	house	1		housesuburbs	Riverwood	lot_house_suburb_04_S_02	Buildings Catalogue Curated\Riverwood\Residential\lot_house_suburb_04_S_02.tbx
RESIDENTIAL_LOW	house	M	15	13	195	1.15	W	house	1		housesuburbw	Rosewood	lot_house_suburb_05_W_02	Buildings Catalogue Curated\Rosewood\Residential\lot_house_suburb_05_W_02.tbx
RESIDENTIAL_LOW	house	M	12	16	192	1.33	N	house	1		housesuburbnv	Louisville	lot_house_suburb_06_N_02V1A	Buildings Catalogue Curated\Louisville\Residential\lot_house_suburb_06_N_02V1A.tbx
RESIDENTIAL_LOW	house	M	16	12	192	1.33	W	house	1		housesuburbwv	Louisville	lot_house_suburb_06_W_02V1A	Buildings Catalogue Curated\Louisville\Residential\lot_house_suburb_06_W_02V1A.tbx
RESIDENTIAL_LOW	house	M	16	12	192	1.33	N	house	2		housesmall	Riverwood	lot_house_small_100_55v	Buildings Catalogue Curated\Riverwood\Residential\lot_house_small_100_55v.tbx
RESIDENTIAL_LOW	house	M	16	12	192	1.33	N	house	2	Buildings Catalogue Curated\Riverwood\Residential\lot_house_small_100_55v.tbx	housesmall	West Point	lot_house_small_100_55v	Buildings Catalogue Curated\West Point\Residential\lot_house_small_100_55v.tbx
RESIDENTIAL_LOW	house	M	12	16	192	1.33	S		1		westhouse	Loose	west_house2	Residential\west_house2.tbx
RESIDENTIAL_LOW	house	M	16	12	192	1.33	W		1		westhousefacingleft	Loose	west_house2_facing_left	Residential\west_house2_facing_left.tbx
RESIDENTIAL_LOW	house	M	16	12	192	1.33	S		1		westhouse	Loose	west_house4	Residential\west_house4.tbx
RESIDENTIAL_LOW	house	M	12	16	192	1.33	E		1		westhousefacingright	Loose	west_house4_facing_right	Residential\west_house4_facing_right.tbx
RESIDENTIAL_LOW	house	S	14	13	182	1.08	E	house	1		housecountrye	Dixie	lot_house_country_03_E_01	Buildings Catalogue Curated\Dixie\Residential\lot_house_country_03_E_01.tbx
RESIDENTIAL_LOW	house	S	13	14	182	1.08	N	house	1		housecountryn	Dixie	lot_house_country_03_N_01	Buildings Catalogue Curated\Dixie\Residential\lot_house_country_03_N_01.tbx
RESIDENTIAL_LOW	house	S	13	14	182	1.08	S	house	1		housecountrys	Dixie	lot_house_country_03_S_01	Buildings Catalogue Curated\Dixie\Residential\lot_house_country_03_S_01.tbx
RESIDENTIAL_LOW	house	S	14	13	182	1.08	W	house	3		housecountryw	Dixie	lot_house_country_03_W_01	Buildings Catalogue Curated\Dixie\Residential\lot_house_country_03_W_01.tbx
RESIDENTIAL_LOW	house	S	14	13	182	1.08	W	house	3	Buildings Catalogue Curated\Dixie\Residential\lot_house_country_03_W_01.tbx	housecountryw	Riverwood	lot_house_country_03_W_01	Buildings Catalogue Curated\Riverwood\Residential\lot_house_country_03_W_01.tbx
RESIDENTIAL_LOW	house	S	14	13	182	1.08	W	house	3	Buildings Catalogue Curated\Dixie\Residential\lot_house_country_03_W_01.tbx	housecountryw	West Point	lot_house_country_03_W_01	Buildings Catalogue Curated\West Point\Residential\lot_house_country_03_W_01.tbx
RESIDENTIAL_LOW	house	S	14	13	182	1.08	E		1		homefl	Loose	Home_43_1FL_2B_W	Residential\Home_43_1FL_2B_W.tbx
RESIDENTIAL_LOW	house	M	15	12	180	1.25	N	house	1		housemedium	Muldraugh	lot_house_medium_91_33v	Buildings Catalogue Curated\Muldraugh\Residential\lot_house_medium_91_33v.tbx
RESIDENTIAL_LOW	house	M	15	12	180	1.25	S	house	1		housemedium	West Point	lot_house_medium_46_31v	Buildings Catalogue Curated\West Point\Residential\lot_house_medium_46_31v.tbx
RESIDENTIAL_LOW	house	S	13	13	169	1.0	E	house	1		housecountrye	Dixie	lot_house_country_05_E_01	Buildings Catalogue Curated\Dixie\Residential\lot_house_country_05_E_01.tbx
RESIDENTIAL_LOW	house	S	13	13	169	1.0	W	house	2		housecountryw	Dixie	lot_house_country_05_W_01	Buildings Catalogue Curated\Dixie\Residential\lot_house_country_05_W_01.tbx
RESIDENTIAL_LOW	house	S	13	13	169	1.0	N	house	3		housesmallgreyblu	Dixie	lot_house_small_64_greyblue	Buildings Catalogue Curated\Dixie\Residential\lot_house_small_64_greyblue.tbx
RESIDENTIAL_LOW	house	S	13	13	169	1.0	N	house	3	Buildings Catalogue Curated\Dixie\Residential\lot_house_small_64_greyblue.tbx	housesmallgreyblu	Muldraugh	lot_house_small_64_greyblue	Buildings Catalogue Curated\Muldraugh\Residential\lot_house_small_64_greyblue.tbx
RESIDENTIAL_LOW	house	S	13	13	169	1.0	N	house	1		housecountryn	Riverwood	lot_house_country_05_N_01	Buildings Catalogue Curated\Riverwood\Residential\lot_house_country_05_N_01.tbx
RESIDENTIAL_LOW	house	S	13	13	169	1.0	W	house	2	Buildings Catalogue Curated\Dixie\Residential\lot_house_country_05_W_01.tbx	housecountryw	Riverwood	lot_house_country_05_W_01	Buildings Catalogue Curated\Riverwood\Residential\lot_house_country_05_W_01.tbx
RESIDENTIAL_LOW	house	S	13	13	169	1.0	W	house	1		housesuburbw	Riverwood	lot_house_suburb_04_W_01	Buildings Catalogue Curated\Riverwood\Residential\lot_house_suburb_04_W_01.tbx
RESIDENTIAL_LOW	house	S	13	13	169	1.0	N	house	3	Buildings Catalogue Curated\Dixie\Residential\lot_house_small_64_greyblue.tbx	housesmallgreyblu	Valley Station	lot_house_small_64_greyblue	Buildings Catalogue Curated\Valley Station\Residential\lot_house_small_64_greyblue.tbx
RESIDENTIAL_LOW	house	S	13	13	169	1.0	S		1		ballhouse	Loose	Ball-house1a	Residential\Ball-house1a.tbx
RESIDENTIAL_LOW	house	S	13	13	169	1.0	S		1		ballhouse	Loose	Ball-house1c	Residential\Ball-house1c.tbx
RESIDENTIAL_LOW	house	S	13	13	169	1.0	S		1		homeflbnsbrick	Loose	Home_39_1FL_2B_NS_Brick	Residential\Home_39_1FL_2B_NS_Brick.tbx
RESIDENTIAL_LOW	house	S	13	13	169	1.0	E		1		house	Loose	house10	Residential\house10.tbx
RESIDENTIAL_LOW	house	S	13	13	169	1.0	E		1		house	Loose	house11	Residential\house11.tbx
RESIDENTIAL_LOW	house	S	13	13	169	1.0	E		1		house	Loose	house9	Residential\house9.tbx
RESIDENTIAL_LOW	house	S	12	14	168	1.17	S	house	4		housesmall	Dixie	lot_house_small_08	Buildings Catalogue Curated\Dixie\Residential\lot_house_small_08.tbx
RESIDENTIAL_LOW	house	S	12	14	168	1.17	S	house	4	Buildings Catalogue Curated\Dixie\Residential\lot_house_small_08.tbx	housesmall	Muldraugh	lot_house_small_08	Buildings Catalogue Curated\Muldraugh\Residential\lot_house_small_08.tbx
RESIDENTIAL_LOW	house	S	12	14	168	1.17	S	house	1		housesmall	Muldraugh	lot_house_small_08b	Buildings Catalogue Curated\Muldraugh\Residential\lot_house_small_08b.tbx
RESIDENTIAL_LOW	house	S	12	14	168	1.17	S	house	4	Buildings Catalogue Curated\Dixie\Residential\lot_house_small_08.tbx	housesmall	Other	lot_house_small_08	Buildings Catalogue Curated\Other\Residential\lot_house_small_08.tbx
RESIDENTIAL_LOW	house	S	12	14	168	1.17	S	house	2		housemedium	Riverwood	lot_house_medium_50_33v	Buildings Catalogue Curated\Riverwood\Residential\lot_house_medium_50_33v.tbx
RESIDENTIAL_LOW	house	S	12	14	168	1.17	S	house	2		housemedium	Riverwood	lot_house_medium_51_33v	Buildings Catalogue Curated\Riverwood\Residential\lot_house_medium_51_33v.tbx
RESIDENTIAL_LOW	house	S	12	14	168	1.17	S	house	4	Buildings Catalogue Curated\Dixie\Residential\lot_house_small_08.tbx	housesmall	Valley Station	lot_house_small_08	Buildings Catalogue Curated\Valley Station\Residential\lot_house_small_08.tbx
RESIDENTIAL_LOW	house	S	12	14	168	1.17	S	house	2	Buildings Catalogue Curated\Riverwood\Residential\lot_house_medium_50_33v.tbx	housemedium	West Point	lot_house_medium_50_33v	Buildings Catalogue Curated\West Point\Residential\lot_house_medium_50_33v.tbx
RESIDENTIAL_LOW	house	S	12	14	168	1.17	S	house	2	Buildings Catalogue Curated\Riverwood\Residential\lot_house_medium_51_33v.tbx	housemedium	West Point	lot_house_medium_51_33v	Buildings Catalogue Curated\West Point\Residential\lot_house_medium_51_33v.tbx
RESIDENTIAL_LOW	house	M	11	15	165	1.36	E	house	1		housemedium	Riverwood	lot_house_medium_32_v31	Buildings Catalogue Curated\Riverwood\Residential\lot_house_medium_32_v31.tbx
RESIDENTIAL_LOW	house	M	11	15	165	1.36	W	house	2		housemedium	Valley Station	lot_house_medium_42	Buildings Catalogue Curated\Valley Station\Residential\lot_house_medium_42.tbx
RESIDENTIAL_LOW	house	M	11	15	165	1.36	E	house	1		housemediumfirstwest	West Point	lot_house_medium_31_firstwest	Buildings Catalogue Curated\West Point\Residential\lot_house_medium_31_firstwest.tbx
RESIDENTIAL_LOW	house	M	11	15	165	1.36	E	house	1		housemedium	West Point	lot_house_medium_32_42	Buildings Catalogue Curated\West Point\Residential\lot_house_medium_32_42.tbx
RESIDENTIAL_LOW	house	M	11	15	165	1.36	W	house	2	Buildings Catalogue Curated\Valley Station\Residential\lot_house_medium_42.tbx	housemedium	West Point	lot_house_medium_42	Buildings Catalogue Curated\West Point\Residential\lot_house_medium_42.tbx
RESIDENTIAL_LOW	house	M	15	11	165	1.36	E		1		house	Loose	House 7	Residential\House 7.tbx
RESIDENTIAL_LOW	house	M	16	10	160	1.6	E	house	1		housesuburbev	Louisville	lot_house_suburb_06_E_02V1A	Buildings Catalogue Curated\Louisville\Residential\lot_house_suburb_06_E_02V1A.tbx
RESIDENTIAL_LOW	house	M	16	10	160	1.6	E	house	1		housesuburbev	Louisville	lot_house_suburb_06_E_03V1A	Buildings Catalogue Curated\Louisville\Residential\lot_house_suburb_06_E_03V1A.tbx
RESIDENTIAL_LOW	house	M	16	10	160	1.6	E	house	1		housesuburbev	Louisville	lot_house_suburb_06_E_04V1A	Buildings Catalogue Curated\Louisville\Residential\lot_house_suburb_06_E_04V1A.tbx
RESIDENTIAL_LOW	house	M	10	16	160	1.6	N	house	1		housesuburbnv	Louisville	lot_house_suburb_06_N_03V1A	Buildings Catalogue Curated\Louisville\Residential\lot_house_suburb_06_N_03V1A.tbx
RESIDENTIAL_LOW	house	M	10	16	160	1.6	N	house	1		housesuburbnv	Louisville	lot_house_suburb_06_N_04V1A	Buildings Catalogue Curated\Louisville\Residential\lot_house_suburb_06_N_04V1A.tbx
RESIDENTIAL_LOW	house	M	10	16	160	1.6	S	house	1		housesuburbsv	Louisville	lot_house_suburb_06_S_02V1A	Buildings Catalogue Curated\Louisville\Residential\lot_house_suburb_06_S_02V1A.tbx
RESIDENTIAL_LOW	house	M	10	16	160	1.6	S	house	1		housesuburbsv	Louisville	lot_house_suburb_06_S_03V1A	Buildings Catalogue Curated\Louisville\Residential\lot_house_suburb_06_S_03V1A.tbx
RESIDENTIAL_LOW	house	M	10	16	160	1.6	S	house	1		housesuburbsv	Louisville	lot_house_suburb_06_S_04V1A	Buildings Catalogue Curated\Louisville\Residential\lot_house_suburb_06_S_04V1A.tbx
RESIDENTIAL_LOW	house	M	16	10	160	1.6	W	house	1		housesuburbwv	Louisville	lot_house_suburb_06_W_03V1A	Buildings Catalogue Curated\Louisville\Residential\lot_house_suburb_06_W_03V1A.tbx
RESIDENTIAL_LOW	house	M	16	10	160	1.6	W	house	1		housesuburbwv	Louisville	lot_house_suburb_06_W_04V1A	Buildings Catalogue Curated\Louisville\Residential\lot_house_suburb_06_W_04V1A.tbx
RESIDENTIAL_LOW	house	S	12	13	156	1.08	N	house	1		housemediumbfarmhou	Valley Station	lot_house_medium_96b_farmhouse	Buildings Catalogue Curated\Valley Station\Residential\lot_house_medium_96b_farmhouse.tbx
RESIDENTIAL_LOW	house	S	12	13	156	1.08	W		1		ballhouse	Loose	Ball-house1	Residential\Ball-house1.tbx
RESIDENTIAL_LOW	house	S	13	12	156	1.08	E		1		jinjahouse	Loose	Jinja-house-1	Residential\Jinja-house-1.tbx
RESIDENTIAL_LOW	house	S	12	13	156	1.08	S		1		midwest	Loose	midwest4	Residential\midwest4.tbx
RESIDENTIAL_LOW	house	M	10	15	150	1.5	W		1		house	Loose	House 10 (2)	Residential\House 10 (2).tbx
RESIDENTIAL_LOW	house	M	10	15	150	1.5	E		1		house	Loose	house 11 (2)	Residential\house 11 (2).tbx
RESIDENTIAL_LOW	house	M	10	15	150	1.5	W		1		house	Loose	house 12 (2)	Residential\house 12 (2).tbx
RESIDENTIAL_LOW	house	M	15	10	150	1.5	E		1		house	Loose	house 13 (2)	Residential\house 13 (2).tbx
RESIDENTIAL_LOW	house	M	15	10	150	1.5	W		1		house	Loose	House 14 (2)	Residential\House 14 (2).tbx
RESIDENTIAL_LOW	house	M	15	10	150	1.5	E		1		house	Loose	House 15 (2)	Residential\House 15 (2).tbx
RESIDENTIAL_LOW	house	M	15	10	150	1.5	S		1		house	Loose	House 16 (2)	Residential\House 16 (2).tbx
RESIDENTIAL_LOW	house	M	15	10	150	1.5	S		1		house	Loose	House 17 (2)	Residential\House 17 (2).tbx
RESIDENTIAL_LOW	house	M	15	10	150	1.5	S		1		house	Loose	House 18 (2)	Residential\House 18 (2).tbx
RESIDENTIAL_LOW	house	M	15	10	150	1.5	S		1		house	Loose	House 19 (2)	Residential\House 19 (2).tbx
RESIDENTIAL_LOW	house	M	10	15	150	1.5	S		1		house	Loose	House 20 (2)	Residential\House 20 (2).tbx
RESIDENTIAL_LOW	house	M	10	15	150	1.5	E		1		house	Loose	House 21 (2)	Residential\House 21 (2).tbx
RESIDENTIAL_LOW	house	M	10	15	150	1.5	N		1		house	Loose	house 22 (2)	Residential\house 22 (2).tbx
RESIDENTIAL_LOW	house	M	15	10	150	1.5	E		1		house	Loose	House 23	Residential\House 23.tbx
RESIDENTIAL_LOW	house	M	10	15	150	1.5	E		1		house	Loose	House 25	Residential\House 25.tbx
RESIDENTIAL_LOW	house	M	10	15	150	1.5	E		1		house	Loose	House 26	Residential\House 26.tbx
RESIDENTIAL_LOW	house	M	10	15	150	1.5	E		1		house	Loose	House 27	Residential\House 27.tbx
RESIDENTIAL_LOW	house	M	10	15	150	1.5	E		1		house	Loose	House 28	Residential\House 28.tbx
RESIDENTIAL_LOW	house	M	15	10	150	1.5	N		1		house	Loose	House 29	Residential\House 29.tbx
RESIDENTIAL_LOW	house	M	10	15	150	1.5	W		1		house	Loose	House 30	Residential\House 30.tbx
RESIDENTIAL_LOW	house	M	15	10	150	1.5	E		1		house	Loose	House 31	Residential\House 31.tbx
RESIDENTIAL_LOW	house	M	10	15	150	1.5	E		1		house	Loose	House 7 (2)	Residential\House 7 (2).tbx
RESIDENTIAL_LOW	house	M	10	15	150	1.5	E		1		house	Loose	house 8 (2)	Residential\house 8 (2).tbx
RESIDENTIAL_LOW	house	M	10	15	150	1.5	E		1		house	Loose	House 9 (2)	Residential\House 9 (2).tbx
RESIDENTIAL_LOW	house	S	12	12	144	1.0	S	house	2		housesmall	Dixie	lot_house_small_179_empty	Buildings Catalogue Curated\Dixie\Residential\lot_house_small_179_empty.tbx
RESIDENTIAL_LOW	house	S	12	12	144	1.0	E	house	3		housesmallb	Dixie	lot_house_small_180b_179v	Buildings Catalogue Curated\Dixie\Residential\lot_house_small_180b_179v.tbx
RESIDENTIAL_LOW	house	S	12	12	144	1.0	N	house	2		housesmall	Dixie	lot_house_small_182_179v	Buildings Catalogue Curated\Dixie\Residential\lot_house_small_182_179v.tbx
RESIDENTIAL_LOW	house	S	12	12	144	1.0	E	house	3		housesmallvariant	Dixie	lot_house_small_58_55variant	Buildings Catalogue Curated\Dixie\Residential\lot_house_small_58_55variant.tbx
RESIDENTIAL_LOW	house	S	12	12	144	1.0	W	house	2		housesmall	Dixie	lot_house_small_80	Buildings Catalogue Curated\Dixie\Residential\lot_house_small_80.tbx
RESIDENTIAL_LOW	house	S	12	12	144	1.0	E	house	1		housesmall	Muldraugh	lot_house_small_148	Buildings Catalogue Curated\Muldraugh\Residential\lot_house_small_148.tbx
RESIDENTIAL_LOW	house	S	12	12	144	1.0	S	house	1		housesmall	Muldraugh	lot_house_small_166	Buildings Catalogue Curated\Muldraugh\Residential\lot_house_small_166.tbx
RESIDENTIAL_LOW	house	S	12	12	144	1.0	S	house	2		housesmall	Muldraugh	lot_house_small_167_166v	Buildings Catalogue Curated\Muldraugh\Residential\lot_house_small_167_166v.tbx
RESIDENTIAL_LOW	house	S	12	12	144	1.0	S	house	1		housesmall	Muldraugh	lot_house_small_168	Buildings Catalogue Curated\Muldraugh\Residential\lot_house_small_168.tbx
RESIDENTIAL_LOW	house	S	12	12	144	1.0	N	house	1		housesmall	Muldraugh	lot_house_small_169	Buildings Catalogue Curated\Muldraugh\Residential\lot_house_small_169.tbx
RESIDENTIAL_LOW	house	S	12	12	144	1.0	E	house	2		housesmall	Muldraugh	lot_house_small_170	Buildings Catalogue Curated\Muldraugh\Residential\lot_house_small_170.tbx
RESIDENTIAL_LOW	house	S	12	12	144	1.0	E	house	3	Buildings Catalogue Curated\Dixie\Residential\lot_house_small_58_55variant.tbx	housesmallvariant	Muldraugh	lot_house_small_58_55variant	Buildings Catalogue Curated\Muldraugh\Residential\lot_house_small_58_55variant.tbx
RESIDENTIAL_LOW	house	S	12	12	144	1.0	W	house	2		housesmall	Muldraugh	lot_house_small_79	Buildings Catalogue Curated\Muldraugh\Residential\lot_house_small_79.tbx
RESIDENTIAL_LOW	house	S	12	12	144	1.0	W	house	2	Buildings Catalogue Curated\Dixie\Residential\lot_house_small_80.tbx	housesmall	Muldraugh	lot_house_small_80	Buildings Catalogue Curated\Muldraugh\Residential\lot_house_small_80.tbx
RESIDENTIAL_LOW	house	S	12	12	144	1.0	N	house	1		housesmall	Muldraugh	lot_house_small_82_55v	Buildings Catalogue Curated\Muldraugh\Residential\lot_house_small_82_55v.tbx
RESIDENTIAL_LOW	house	S	12	12	144	1.0	E	house	2		housesmallwood	Muldraugh	lot_house_small_83_wooden	Buildings Catalogue Curated\Muldraugh\Residential\lot_house_small_83_wooden.tbx
RESIDENTIAL_LOW	house	S	12	12	144	1.0	E	house	1		housesmall	Muldraugh	lot_house_small_92_34v	Buildings Catalogue Curated\Muldraugh\Residential\lot_house_small_92_34v.tbx
RESIDENTIAL_LOW	house	S	12	12	144	1.0	S	house	3		housesmall	Muldraugh	lot_house_small_93_90v	Buildings Catalogue Curated\Muldraugh\Residential\lot_house_small_93_90v.tbx
RESIDENTIAL_LOW	house	S	12	12	144	1.0	S	house	2		housesmall	Riverwood	lot_house_small_102_90v	Buildings Catalogue Curated\Riverwood\Residential\lot_house_small_102_90v.tbx
RESIDENTIAL_LOW	house	S	12	12	144	1.0	S	house	2	Buildings Catalogue Curated\Muldraugh\Residential\lot_house_small_167_166v.tbx	housesmall	Riverwood	lot_house_small_167_166v	Buildings Catalogue Curated\Riverwood\Residential\lot_house_small_167_166v.tbx
RESIDENTIAL_LOW	house	S	12	12	144	1.0	E	house	2	Buildings Catalogue Curated\Muldraugh\Residential\lot_house_small_170.tbx	housesmall	Riverwood	lot_house_small_170	Buildings Catalogue Curated\Riverwood\Residential\lot_house_small_170.tbx
RESIDENTIAL_LOW	house	S	12	12	144	1.0	S	house	2		housesmall	Riverwood	lot_house_small_176_175v	Buildings Catalogue Curated\Riverwood\Residential\lot_house_small_176_175v.tbx
RESIDENTIAL_LOW	house	S	12	12	144	1.0	E	house	3	Buildings Catalogue Curated\Dixie\Residential\lot_house_small_180b_179v.tbx	housesmallb	Riverwood	lot_house_small_180b_179v	Buildings Catalogue Curated\Riverwood\Residential\lot_house_small_180b_179v.tbx
RESIDENTIAL_LOW	house	S	12	12	144	1.0	S	house	2		housesmall	Riverwood	lot_house_small_52_empty	Buildings Catalogue Curated\Riverwood\Residential\lot_house_small_52_empty.tbx
RESIDENTIAL_LOW	house	S	12	12	144	1.0	S	house	2		housesmall	Riverwood	lot_house_small_55	Buildings Catalogue Curated\Riverwood\Residential\lot_house_small_55.tbx
RESIDENTIAL_LOW	house	S	12	12	144	1.0	E	house	3	Buildings Catalogue Curated\Dixie\Residential\lot_house_small_58_55variant.tbx	housesmallvariant	Riverwood	lot_house_small_58_55variant	Buildings Catalogue Curated\Riverwood\Residential\lot_house_small_58_55variant.tbx
RESIDENTIAL_LOW	house	S	12	12	144	1.0	W	house	2	Buildings Catalogue Curated\Muldraugh\Residential\lot_house_small_79.tbx	housesmall	Riverwood	lot_house_small_79	Buildings Catalogue Curated\Riverwood\Residential\lot_house_small_79.tbx
RESIDENTIAL_LOW	house	S	12	12	144	1.0	S	house	2	Buildings Catalogue Curated\Riverwood\Residential\lot_house_small_52_empty.tbx	housesmall	Rosewood	lot_house_small_52_empty	Buildings Catalogue Curated\Rosewood\Residential\lot_house_small_52_empty.tbx
RESIDENTIAL_LOW	house	S	12	12	144	1.0	S	house	2		housesmall	Rosewood	lot_house_small_90	Buildings Catalogue Curated\Rosewood\Residential\lot_house_small_90.tbx
RESIDENTIAL_LOW	house	S	12	12	144	1.0	S	house	3	Buildings Catalogue Curated\Muldraugh\Residential\lot_house_small_93_90v.tbx	housesmall	Rosewood	lot_house_small_93_90v	Buildings Catalogue Curated\Rosewood\Residential\lot_house_small_93_90v.tbx
RESIDENTIAL_LOW	house	S	12	12	144	1.0	S	house	1		housesmall	Valley Station	lot_house_small_175	Buildings Catalogue Curated\Valley Station\Residential\lot_house_small_175.tbx
RESIDENTIAL_LOW	house	S	12	12	144	1.0	S	house	2	Buildings Catalogue Curated\Riverwood\Residential\lot_house_small_176_175v.tbx	housesmall	Valley Station	lot_house_small_176_175v	Buildings Catalogue Curated\Valley Station\Residential\lot_house_small_176_175v.tbx
RESIDENTIAL_LOW	house	S	12	12	144	1.0	N	house	1		housesmall	Valley Station	lot_house_small_177_175v	Buildings Catalogue Curated\Valley Station\Residential\lot_house_small_177_175v.tbx
RESIDENTIAL_LOW	house	S	12	12	144	1.0	S	house	1		housesmall	Valley Station	lot_house_small_178_175v	Buildings Catalogue Curated\Valley Station\Residential\lot_house_small_178_175v.tbx
RESIDENTIAL_LOW	house	S	12	12	144	1.0	S	house	2	Buildings Catalogue Curated\Dixie\Residential\lot_house_small_179_empty.tbx	housesmall	Valley Station	lot_house_small_179_empty	Buildings Catalogue Curated\Valley Station\Residential\lot_house_small_179_empty.tbx
RESIDENTIAL_LOW	house	S	12	12	144	1.0	E	house	3	Buildings Catalogue Curated\Dixie\Residential\lot_house_small_180b_179v.tbx	housesmallb	Valley Station	lot_house_small_180b_179v	Buildings Catalogue Curated\Valley Station\Residential\lot_house_small_180b_179v.tbx
RESIDENTIAL_LOW	house	S	12	12	144	1.0	S	house	1		housesmall	Valley Station	lot_house_small_180_179v	Buildings Catalogue Curated\Valley Station\Residential\lot_house_small_180_179v.tbx
RESIDENTIAL_LOW	house	S	12	12	144	1.0	S	house	1		housesmall	Valley Station	lot_house_small_181_179v	Buildings Catalogue Curated\Valley Station\Residential\lot_house_small_181_179v.tbx
RESIDENTIAL_LOW	house	S	12	12	144	1.0	N	house	2	Buildings Catalogue Curated\Dixie\Residential\lot_house_small_182_179v.tbx	housesmall	Valley Station	lot_house_small_182_179v	Buildings Catalogue Curated\Valley Station\Residential\lot_house_small_182_179v.tbx
RESIDENTIAL_LOW	house	S	12	12	144	1.0	N	house	1		housesmall	Valley Station	lot_house_small_183_179v	Buildings Catalogue Curated\Valley Station\Residential\lot_house_small_183_179v.tbx
RESIDENTIAL_LOW	house	S	12	12	144	1.0	N	house	1		housesmall	Valley Station	lot_house_small_184_179v	Buildings Catalogue Curated\Valley Station\Residential\lot_house_small_184_179v.tbx
RESIDENTIAL_LOW	house	S	12	12	144	1.0	N	house	1		housesmall	Valley Station	lot_house_small_191_175v	Buildings Catalogue Curated\Valley Station\Residential\lot_house_small_191_175v.tbx
RESIDENTIAL_LOW	house	S	12	12	144	1.0	E	house	2	Buildings Catalogue Curated\Muldraugh\Residential\lot_house_small_83_wooden.tbx	housesmallwood	Valley Station	lot_house_small_83_wooden	Buildings Catalogue Curated\Valley Station\Residential\lot_house_small_83_wooden.tbx
RESIDENTIAL_LOW	house	S	12	12	144	1.0	N	house	1		housesmall	West Point	lot_house_small_101_93v	Buildings Catalogue Curated\West Point\Residential\lot_house_small_101_93v.tbx
RESIDENTIAL_LOW	house	S	12	12	144	1.0	S	house	2	Buildings Catalogue Curated\Riverwood\Residential\lot_house_small_102_90v.tbx	housesmall	West Point	lot_house_small_102_90v	Buildings Catalogue Curated\West Point\Residential\lot_house_small_102_90v.tbx
RESIDENTIAL_LOW	house	S	12	12	144	1.0	N	house	1		housesmall	West Point	lot_house_small_107_55v	Buildings Catalogue Curated\West Point\Residential\lot_house_small_107_55v.tbx
RESIDENTIAL_LOW	house	S	12	12	144	1.0	S	house	2	Buildings Catalogue Curated\Riverwood\Residential\lot_house_small_55.tbx	housesmall	West Point	lot_house_small_55	Buildings Catalogue Curated\West Point\Residential\lot_house_small_55.tbx
RESIDENTIAL_LOW	house	S	12	12	144	1.0	S	house	2	Buildings Catalogue Curated\Rosewood\Residential\lot_house_small_90.tbx	housesmall	West Point	lot_house_small_90	Buildings Catalogue Curated\West Point\Residential\lot_house_small_90.tbx
RESIDENTIAL_LOW	house	S	12	12	144	1.0	S	house	3	Buildings Catalogue Curated\Muldraugh\Residential\lot_house_small_93_90v.tbx	housesmall	West Point	lot_house_small_93_90v	Buildings Catalogue Curated\West Point\Residential\lot_house_small_93_90v.tbx
RESIDENTIAL_LOW	house	S	12	12	144	1.0	E		1		ballbrenhou	Loose	Ball-brenhouse	Residential\Ball-brenhouse.tbx
RESIDENTIAL_LOW	house	S	12	12	144	1.0	W		1		ballhouse	Loose	Ball-house1b	Residential\Ball-house1b.tbx
RESIDENTIAL_LOW	house	M	8	18	144	2.25	E		1		ballmickshed	Loose	Ball-mickshed	Residential\Ball-mickshed.tbx
RESIDENTIAL_LOW	house	S	12	12	144	1.0	S		1		easthouse	Loose	east_house1	Residential\east_house1.tbx
RESIDENTIAL_LOW	house	S	12	12	144	1.0	E		1		easthousefacingright	Loose	east_house1_facing_right	Residential\east_house1_facing_right.tbx
RESIDENTIAL_LOW	house	S	12	12	144	1.0	S		1		easthousesouth	Loose	east_house1_south	Residential\east_house1_south.tbx
RESIDENTIAL_LOW	house	S	12	12	144	1.0	S		1		easthousevariation	Loose	east_house1_variation1	Residential\east_house1_variation1.tbx
RESIDENTIAL_LOW	house	S	12	12	144	1.0	S		1		easthousevariationbrick	Loose	east_house1_variationbrick	Residential\east_house1_variationbrick.tbx
RESIDENTIAL_LOW	house	S	12	12	144	1.0	S		1		easthousewithchilddrawingsinattic	Loose	east_house1_with_childdrawingsinattic	Residential\east_house1_with_childdrawingsinattic.tbx
RESIDENTIAL_LOW	house	S	12	12	144	1.0	S		1		easthousewithposter	Loose	east_house1_with_posters	Residential\east_house1_with_posters.tbx
RESIDENTIAL_LOW	house	S	12	12	144	1.0	S		1		easthouse	Loose	east_house3	Residential\east_house3.tbx
RESIDENTIAL_LOW	house	S	12	12	144	1.0	E		1		easthouserotatedleft	Loose	east_house3_rotated_left	Residential\east_house3_rotated_left.tbx
RESIDENTIAL_LOW	house	S	12	12	144	1.0	E		1		easthouserotatedleftvariation	Loose	east_house3_rotated_left_variation1	Residential\east_house3_rotated_left_variation1.tbx
RESIDENTIAL_LOW	house	S	12	12	144	1.0	N		1		homefl	Loose	Home_38_1FL_2B_NS	Residential\Home_38_1FL_2B_NS.tbx
RESIDENTIAL_LOW	house	S	12	12	144	1.0	S		1		homeflbnswood	Loose	Home_41_1FL_2B_NS_Wood	Residential\Home_41_1FL_2B_NS_Wood.tbx
RESIDENTIAL_LOW	house	S	12	12	144	1.0	S		1		homefl	Loose	Home_5_1FL_2B_NS	Residential\Home_5_1FL_2B_NS.tbx
RESIDENTIAL_LOW	house	S	12	12	144	1.0	E		1		house	Loose	house8	Residential\house8.tbx
RESIDENTIAL_LOW	house	S	12	12	144	1.0	S		1		midwest	Loose	midwest1	Residential\midwest1.tbx
RESIDENTIAL_LOW	house	S	12	12	144	1.0	E		1		southhouse	Loose	south_house1	Residential\south_house1.tbx
RESIDENTIAL_LOW	house	S	12	12	144	1.0	S		1		westhouse	Loose	west_house3	Residential\west_house3.tbx
RESIDENTIAL_LOW	house	S	12	12	144	1.0	E		1		westhousefacingright	Loose	west_house3_facing_right	Residential\west_house3_facing_right.tbx
RESIDENTIAL_LOW	house	M	8	17	136	2.12	E	house	1		housecountry	West Point	lot_house_country_07_E	Buildings Catalogue Curated\West Point\Residential\lot_house_country_07_E.tbx
RESIDENTIAL_LOW	house	S	11	12	132	1.09	W	house	1		housemedium	Muldraugh	lot_house_medium_10	Buildings Catalogue Curated\Muldraugh\Residential\lot_house_medium_10.tbx
RESIDENTIAL_LOW	house	S	11	12	132	1.09	E	house	1		housemedium	Muldraugh	lot_house_medium_11	Buildings Catalogue Curated\Muldraugh\Residential\lot_house_medium_11.tbx
RESIDENTIAL_LOW	house	S	11	12	132	1.09	S	house	2		housemedium	Riverwood	lot_house_medium_34	Buildings Catalogue Curated\Riverwood\Residential\lot_house_medium_34.tbx
RESIDENTIAL_LOW	house	S	11	12	132	1.09	N	house	1		housemedium	West Point	lot_house_medium_33	Buildings Catalogue Curated\West Point\Residential\lot_house_medium_33.tbx
RESIDENTIAL_LOW	house	S	11	12	132	1.09	S	house	2	Buildings Catalogue Curated\Riverwood\Residential\lot_house_medium_34.tbx	housemedium	West Point	lot_house_medium_34	Buildings Catalogue Curated\West Point\Residential\lot_house_medium_34.tbx
RESIDENTIAL_LOW	house	S	11	12	132	1.09	S	house	1		housemedium	West Point	lot_house_medium_49_33v	Buildings Catalogue Curated\West Point\Residential\lot_house_medium_49_33v.tbx
RESIDENTIAL_LOW	house	S	11	12	132	1.09	S		1		homeflbnsbrickblk	Loose	Home_40_1FL_2B_NS_Brick_Blk	Residential\Home_40_1FL_2B_NS_Brick_Blk.tbx
RESIDENTIAL_LOW	house	S	13	10	130	1.3	S		1		ballhouse	Loose	Ball-house5	Residential\Ball-house5.tbx
RESIDENTIAL_LOW	house	S	11	11	121	1.0	N	house	1		housesmallvariant	Muldraugh	lot_house_small_66_44variant	Buildings Catalogue Curated\Muldraugh\Residential\lot_house_small_66_44variant.tbx
RESIDENTIAL_LOW	house	S	11	11	121	1.0	S		1		farm	Loose	farm1	Residential\farm1.tbx
RESIDENTIAL_LOW	house	S	9	13	117	1.44	E		1		ballhouse	Loose	Ball-house3	Residential\Ball-house3.tbx
RESIDENTIAL_LOW	house	S	9	13	117	1.44	W		1		ballhouse	Loose	Ball-house3a	Residential\Ball-house3a.tbx
RESIDENTIAL_LOW	house	S	14	8	112	1.75	N		1		lowincomehou	Loose	Low Income House	Residential\Low Income House.tbx
RESIDENTIAL_LOW	house	S	11	10	110	1.1	E	house	1		houseabandoned	Riverwood	lot_house_abandoned_14	Buildings Catalogue Curated\Riverwood\Residential\lot_house_abandoned_14.tbx
RESIDENTIAL_LOW	house	S	10	11	110	1.1	E	house	1		houseabandoned	Riverwood	lot_house_abandoned_20	Buildings Catalogue Curated\Riverwood\Residential\lot_house_abandoned_20.tbx
RESIDENTIAL_LOW	house	S	10	11	110	1.1	E	house	1		housemediumfarmhou	West Point	lot_house_medium_98_farmhouse	Buildings Catalogue Curated\West Point\Residential\lot_house_medium_98_farmhouse.tbx
RESIDENTIAL_LOW	house	S	10	11	110	1.1	S		1		house	Loose	House 5 (2)	Residential\House 5 (2).tbx
RESIDENTIAL_LOW	house	S	12	9	108	1.33	W	house	1		houseabandoned	Riverwood	lot_house_abandoned_15	Buildings Catalogue Curated\Riverwood\Residential\lot_house_abandoned_15.tbx
RESIDENTIAL_LOW	house	S	10	10	100	1.0	N	house	1		housesmall	Muldraugh	lot_house_small_57	Buildings Catalogue Curated\Muldraugh\Residential\lot_house_small_57.tbx
RESIDENTIAL_LOW	house	S	10	10	100	1.0	N	house	1		housesmall	Riverwood	lot_house_small_44	Buildings Catalogue Curated\Riverwood\Residential\lot_house_small_44.tbx
RESIDENTIAL_LOW	house	S	10	10	100	1.0	N	cabin	1		cabinhuntingtower	Valley Station	lot_cabin_07_huntingtower	Buildings Catalogue Curated\Valley Station\Other\lot_cabin_07_huntingtower.tbx
RESIDENTIAL_LOW	house	S	10	10	100	1.0	S		1		ballrambohou	Loose	Ball-rambohouse	Residential\Ball-rambohouse.tbx
RESIDENTIAL_LOW	house	S	10	10	100	1.0	S		1		cabinzoeyflower	Loose	cabin1_zoeyflower	Residential\cabin1_zoeyflower.tbx
RESIDENTIAL_LOW	house	S	10	10	100	1.0	S		1		cabin	Loose	CABIN2V	Residential\CABIN2V.tbx
RESIDENTIAL_LOW	house	S	10	10	100	1.0	N		1		house	Loose	House 24	Residential\House 24.tbx
RESIDENTIAL_LOW	house	S	10	10	100	1.0	N		1		house	Loose	House 3	Residential\House 3.tbx
RESIDENTIAL_LOW	house	S	10	10	100	1.0	S		1		house	Loose	house1	Residential\house1.tbx
RESIDENTIAL_LOW	house	S	10	10	100	1.0	S		1		midwest	Loose	midwest2	Residential\midwest2.tbx
RESIDENTIAL_LOW	house	S	10	10	100	1.0	S		1		midwest	Loose	midwest3	Residential\midwest3.tbx
RESIDENTIAL_LOW	house	S	10	10	100	1.0	S		1		suburb	Loose	suburb	Residential\suburb.tbx
RESIDENTIAL_LOW	house	S	10	10	100	1.0	E		1		suburbenclosedporch	Loose	suburb_enclosedporch	Residential\suburb_enclosedporch.tbx
RESIDENTIAL_LOW	house	S	11	9	99	1.22	S	house	1		houseabandoned	Riverwood	lot_house_abandoned_03	Buildings Catalogue Curated\Riverwood\Residential\lot_house_abandoned_03.tbx
RESIDENTIAL_LOW	house	S	11	9	99	1.22	N		1		ballhouse	Loose	Ball-house2	Residential\Ball-house2.tbx
RESIDENTIAL_LOW	house	S	12	8	96	1.5	W	house	1		houseabandoned	Riverwood	lot_house_abandoned_18	Buildings Catalogue Curated\Riverwood\Residential\lot_house_abandoned_18.tbx
RESIDENTIAL_LOW	house	S	12	8	96	1.5	S		1		cabin	Loose	cabin2	Residential\cabin2.tbx
RESIDENTIAL_LOW	house	S	12	8	96	1.5	S		1		poorhouse	Loose	poorhouse1	Residential\poorhouse1.tbx
RESIDENTIAL_LOW	house	S	10	9	90	1.11	S	house	1		houseabandoned	Riverwood	lot_house_abandoned_06	Buildings Catalogue Curated\Riverwood\Residential\lot_house_abandoned_06.tbx
RESIDENTIAL_LOW	house	S	10	9	90	1.11	E	house	1		houseabandoned	Riverwood	lot_house_abandoned_08	Buildings Catalogue Curated\Riverwood\Residential\lot_house_abandoned_08.tbx
RESIDENTIAL_LOW	house	S	9	10	90	1.11	N	house	1		houseabandoned	Riverwood	lot_house_abandoned_12	Buildings Catalogue Curated\Riverwood\Residential\lot_house_abandoned_12.tbx
RESIDENTIAL_LOW	house	S	10	9	90	1.11	N	house	1		houseabandoned	Riverwood	lot_house_abandoned_13	Buildings Catalogue Curated\Riverwood\Residential\lot_house_abandoned_13.tbx
RESIDENTIAL_LOW	house	S	10	9	90	1.11	N	house	1		houseabandoned	Riverwood	lot_house_abandoned_21	Buildings Catalogue Curated\Riverwood\Residential\lot_house_abandoned_21.tbx
RESIDENTIAL_LOW	house	S	9	10	90	1.11	E	house	1		houseburnt	Riverwood	lot_house_burnt_06	Buildings Catalogue Curated\Riverwood\Residential\lot_house_burnt_06.tbx
RESIDENTIAL_LOW	house	S	10	9	90	1.11	W	house	1		housetrapper	Riverwood	lot_house_trapper_01_E	Buildings Catalogue Curated\Riverwood\Residential\lot_house_trapper_01_E.tbx
RESIDENTIAL_LOW	house	S	9	10	90	1.11	S		1		ballhouse	Loose	Ball-house5a	Residential\Ball-house5a.tbx
RESIDENTIAL_LOW	house	S	9	10	90	1.11	N		1		ballhouse	Loose	Ball-house5b	Residential\Ball-house5b.tbx
RESIDENTIAL_LOW	house	S	11	8	88	1.38	S	house	1		houseabandoned	Riverwood	lot_house_abandoned_09	Buildings Catalogue Curated\Riverwood\Residential\lot_house_abandoned_09.tbx
RESIDENTIAL_LOW	house	S	8	11	88	1.38	N	house	1		houseabandoned	Riverwood	lot_house_abandoned_23	Buildings Catalogue Curated\Riverwood\Residential\lot_house_abandoned_23.tbx
RESIDENTIAL_LOW	house	S	7	12	84	1.71	S	house	1		houseabandoned	Riverwood	lot_house_abandoned_01	Buildings Catalogue Curated\Riverwood\Residential\lot_house_abandoned_01.tbx
RESIDENTIAL_LOW	house	S	7	12	84	1.71	S	house	1		houseabandoned	Riverwood	lot_house_abandoned_02	Buildings Catalogue Curated\Riverwood\Residential\lot_house_abandoned_02.tbx
RESIDENTIAL_LOW	house	S	7	12	84	1.71	E		1		cabin	Loose	cabin1	Residential\cabin1.tbx
RESIDENTIAL_LOW	house	S	9	9	81	1.0	W	house	1		housesmall	Dixie	lot_house_small_46	Buildings Catalogue Curated\Dixie\Residential\lot_house_small_46.tbx
RESIDENTIAL_LOW	house	S	9	9	81	1.0	N	house	1		houseabandoned	Riverwood	lot_house_abandoned_24	Buildings Catalogue Curated\Riverwood\Residential\lot_house_abandoned_24.tbx
RESIDENTIAL_LOW	house	S	9	9	81	1.0	W	house	1		housesmallvariant	Rosewood	lot_house_small_47_46variant	Buildings Catalogue Curated\Rosewood\Residential\lot_house_small_47_46variant.tbx
RESIDENTIAL_LOW	house	S	9	9	81	1.0	W	house	1		housesmallvariant	Rosewood	lot_house_small_54_46variant	Buildings Catalogue Curated\Rosewood\Residential\lot_house_small_54_46variant.tbx
RESIDENTIAL_LOW	house	S	9	9	81	1.0	W	house	2		housesmallvariant	Valley Station	lot_house_small_48_46variant	Buildings Catalogue Curated\Valley Station\Residential\lot_house_small_48_46variant.tbx
RESIDENTIAL_LOW	house	S	9	9	81	1.0	W	house	2	Buildings Catalogue Curated\Valley Station\Residential\lot_house_small_48_46variant.tbx	housesmallvariant	West Point	lot_house_small_48_46variant	Buildings Catalogue Curated\West Point\Residential\lot_house_small_48_46variant.tbx
RESIDENTIAL_LOW	house	S	8	10	80	1.25	N	house	1		houseabandoned	Riverwood	lot_house_abandoned_07	Buildings Catalogue Curated\Riverwood\Residential\lot_house_abandoned_07.tbx
RESIDENTIAL_LOW	house	S	8	10	80	1.25	N	house	1		houseabandoned	Riverwood	lot_house_abandoned_11	Buildings Catalogue Curated\Riverwood\Residential\lot_house_abandoned_11.tbx
RESIDENTIAL_LOW	house	S	10	8	80	1.25	S	house	1		houseabandoned	Riverwood	lot_house_abandoned_17	Buildings Catalogue Curated\Riverwood\Residential\lot_house_abandoned_17.tbx
RESIDENTIAL_LOW	house	S	8	10	80	1.25	W		1		ballhouse	Loose	Ball-house8a	Residential\Ball-house8a.tbx
RESIDENTIAL_LOW	house	S	10	8	80	1.25	W		1		house	Loose	house6	Residential\house6.tbx
RESIDENTIAL_LOW	house	S	10	8	80	1.25	W		1		house	Loose	house7	Residential\house7.tbx
RESIDENTIAL_LOW	house	S	8	10	80	1.25	E		1		smallwood	Loose	SmallWood	Residential\SmallWood.tbx
RESIDENTIAL_LOW	house	S	7	11	77	1.57	S	house	1		houseabandoned	Riverwood	lot_house_abandoned_05	Buildings Catalogue Curated\Riverwood\Residential\lot_house_abandoned_05.tbx
RESIDENTIAL_LOW	house	S	11	7	77	1.57	W		1		ballhouse	Loose	Ball-house4	Residential\Ball-house4.tbx
RESIDENTIAL_LOW	house	S	11	7	77	1.57	E		1		ballhouse	Loose	Ball-house4a	Residential\Ball-house4a.tbx
RESIDENTIAL_LOW	house	S	9	8	72	1.12	S	house	1		houseabandoned	Riverwood	lot_house_abandoned_04	Buildings Catalogue Curated\Riverwood\Residential\lot_house_abandoned_04.tbx
RESIDENTIAL_LOW	house	S	8	9	72	1.12	S	house	1		houseabandoned	Riverwood	lot_house_abandoned_22	Buildings Catalogue Curated\Riverwood\Residential\lot_house_abandoned_22.tbx
RESIDENTIAL_LOW	house	S	9	8	72	1.12	S		1		easthouse	Loose	east_house2	Residential\east_house2.tbx
RESIDENTIAL_LOW	house	S	9	8	72	1.12	S		1		smallhouseveged	Loose	small_house-Veged	Residential\small_house-Veged.tbx
RESIDENTIAL_LOW	house	S	9	8	72	1.12	E		1		smallhousevegedadjusted	Loose	small_house-Veged_adjusted	Residential\small_house-Veged_adjusted.tbx
RESIDENTIAL_LOW	house	S	7	10	70	1.43	S	house	1		houseabandoned	Riverwood	lot_house_abandoned_10	Buildings Catalogue Curated\Riverwood\Residential\lot_house_abandoned_10.tbx
RESIDENTIAL_LOW	house	S	7	10	70	1.43	E		1		ballcabi	Loose	Ball-cabin	Residential\Ball-cabin.tbx
RESIDENTIAL_LOW	house	S	13	5	65	2.6	S		1		trailer	Loose	trailer0a	Residential\trailer0a.tbx
RESIDENTIAL_LOW	house	S	5	13	65	2.6	E		1		trailer	Loose	trailer0b	Residential\trailer0b.tbx
RESIDENTIAL_LOW	house	S	13	5	65	2.6	N		1		trailer	Loose	trailer0c	Residential\trailer0c.tbx
RESIDENTIAL_LOW	house	S	5	13	65	2.6	W		1		trailer	Loose	trailer0d	Residential\trailer0d.tbx
RESIDENTIAL_LOW	house	S	13	5	65	2.6	S		1		trailer	Loose	trailer1a	Residential\trailer1a.tbx
RESIDENTIAL_LOW	house	S	5	13	65	2.6	E		1		trailer	Loose	trailer1b	Residential\trailer1b.tbx
RESIDENTIAL_LOW	house	S	13	5	65	2.6	N		1		trailer	Loose	trailer1c	Residential\trailer1c.tbx
RESIDENTIAL_LOW	house	S	5	13	65	2.6	W		1		trailer	Loose	trailer1d	Residential\trailer1d.tbx
RESIDENTIAL_LOW	house	S	8	7	56	1.14	N		1		homefl	Loose	Home_1_1FL_1B_N	Residential\Home_1_1FL_1B_N.tbx
RESIDENTIAL_LOW	house	S	8	7	56	1.14	N		1		homefl	Loose	Home_3_1FL_1B_N	Residential\Home_3_1FL_1B_N.tbx
RESIDENTIAL_LOW	house	S	9	6	54	1.5	N		1		garage	Loose	garage1	Residential\garage1.tbx
RESIDENTIAL_LOW	house	S	9	6	54	1.5	N		1		garage	Loose	garage2	Residential\garage2.tbx
RESIDENTIAL_LOW	house	XS	6	7	42	1.17	E	cabin	1		cabingunrangetarget	Valley Station	lot_cabin_11_gunrangetarget	Buildings Catalogue Curated\Valley Station\Other\lot_cabin_11_gunrangetarget.tbx
RESIDENTIAL_LOW	house	XS	3	10	30	3.33	W		1		ballshed	Loose	Ball-shed3	Residential\Ball-shed3.tbx
RESIDENTIAL_LOW	house	XS	8	3	24	2.67	N		1		ballshed	Loose	Ball-shed4	Residential\Ball-shed4.tbx
RESIDENTIAL_LOW	house	XS	4	5	20	1.25	E		1		middleclassgarageclosed	Loose	middleclassgarageclosed1	Residential\middleclassgarageclosed1.tbx
RESIDENTIAL_LOW	house	XS	4	5	20	1.25	E		1		middleclassgarageclosed	Loose	middleclassgarageclosed2	Residential\middleclassgarageclosed2.tbx
RESIDENTIAL_LOW	house	XS	4	5	20	1.25	E		1		middleclassgarageopened	Loose	middleclassgarageopened1	Residential\middleclassgarageopened1.tbx
RESIDENTIAL_LOW	house	XS	4	5	20	1.25	E		1		middleclassgarageopened	Loose	middleclassgarageopened2	Residential\middleclassgarageopened2.tbx
RESIDENTIAL_LOW	house	XS	3	3	9	1.0	W		1		ballshed	Loose	Ball-shed1	Residential\Ball-shed1.tbx
RESIDENTIAL_LOW	house	XS	3	3	9	1.0	W		1		ballshed	Loose	Ball-shed2	Residential\Ball-shed2.tbx
RESIDENTIAL_LOW	under_construction	L	26	26	676	1.0	E	house	1		houseconstruction	Valley Station	lot_house_construction_25	Buildings Catalogue Curated\Valley Station\Residential\lot_house_construction_25.tbx
RESIDENTIAL_LOW	under_construction	L	26	25	650	1.04	N	house	1		houseconstruction	Valley Station	lot_house_construction_18	Buildings Catalogue Curated\Valley Station\Residential\lot_house_construction_18.tbx
RESIDENTIAL_LOW	under_construction	L	25	18	450	1.39	N		1		constructionhou	Riverwood	lot_construction_03_house	Buildings Catalogue Curated\Riverwood\Industrial\lot_construction_03_house.tbx
RESIDENTIAL_LOW	under_construction	L	25	18	450	1.39	N		1		constructionhou	Riverwood	lot_construction_04_house	Buildings Catalogue Curated\Riverwood\Industrial\lot_construction_04_house.tbx
RESIDENTIAL_LOW	under_construction	M	16	21	336	1.31	N	house	1		houseconstruction	Valley Station	lot_house_construction_19	Buildings Catalogue Curated\Valley Station\Residential\lot_house_construction_19.tbx
RESIDENTIAL_LOW	under_construction	M	17	18	306	1.06	W	house	1		houseconstruction	Valley Station	lot_house_construction_24	Buildings Catalogue Curated\Valley Station\Residential\lot_house_construction_24.tbx
RESIDENTIAL_LOW	under_construction	M	15	20	300	1.33	S	house	1		houseconstruction	Valley Station	lot_house_construction_16	Buildings Catalogue Curated\Valley Station\Residential\lot_house_construction_16.tbx
RESIDENTIAL_LOW	under_construction	M	17	17	289	1.0	S	house	1		houseconstruction	Valley Station	lot_house_construction_13	Buildings Catalogue Curated\Valley Station\Residential\lot_house_construction_13.tbx
RESIDENTIAL_LOW	under_construction	M	17	17	289	1.0	E	house	1		houseconstruction	Valley Station	lot_house_construction_21	Buildings Catalogue Curated\Valley Station\Residential\lot_house_construction_21.tbx
RESIDENTIAL_LOW	under_construction	M	17	17	289	1.0	N	house	1		houseconstruction	Valley Station	lot_house_construction_22	Buildings Catalogue Curated\Valley Station\Residential\lot_house_construction_22.tbx
RESIDENTIAL_LOW	under_construction	M	17	16	272	1.06	W	house	2		houseconstruction	Valley Station	lot_house_construction_17	Buildings Catalogue Curated\Valley Station\Residential\lot_house_construction_17.tbx
RESIDENTIAL_LOW	under_construction	M	17	16	272	1.06	W	house	2	Buildings Catalogue Curated\Valley Station\Residential\lot_house_construction_17.tbx	houseconstruction	West Point	lot_house_construction_17	Buildings Catalogue Curated\West Point\Residential\lot_house_construction_17.tbx
RESIDENTIAL_LOW	under_construction	M	15	18	270	1.2	S	house	1		houseconstruction	Valley Station	lot_house_construction_20	Buildings Catalogue Curated\Valley Station\Residential\lot_house_construction_20.tbx
RESIDENTIAL_LOW	under_construction	M	16	16	256	1.0	E	house	1		houseconstruction	Valley Station	lot_house_construction_14	Buildings Catalogue Curated\Valley Station\Residential\lot_house_construction_14.tbx
RESIDENTIAL_LOW	under_construction	M	16	15	240	1.07	S	house	1		houseconstruction	Valley Station	lot_house_construction_15	Buildings Catalogue Curated\Valley Station\Residential\lot_house_construction_15.tbx
RESIDENTIAL_LOW	under_construction	M	16	15	240	1.07	N	house	1		houseconstruction	Valley Station	lot_house_construction_23	Buildings Catalogue Curated\Valley Station\Residential\lot_house_construction_23.tbx
RESIDENTIAL_LOW	under_construction	M	12	16	192	1.33	E	house	1		houseconstruction	Valley Station	lot_house_construction_12	Buildings Catalogue Curated\Valley Station\Residential\lot_house_construction_12.tbx
RESIDENTIAL_LOW	under_construction	S	14	13	182	1.08	N	house	1		houseconstruction	Valley Station	lot_house_construction_06	Buildings Catalogue Curated\Valley Station\Residential\lot_house_construction_06.tbx
RESIDENTIAL_LOW	under_construction	S	13	13	169	1.0	N	house	1		houseconstruction	Valley Station	lot_house_construction_07	Buildings Catalogue Curated\Valley Station\Residential\lot_house_construction_07.tbx
RESIDENTIAL_LOW	under_construction	S	14	12	168	1.17	N	house	1		houseconstruction	Valley Station	lot_house_construction_09	Buildings Catalogue Curated\Valley Station\Residential\lot_house_construction_09.tbx
RESIDENTIAL_LOW	under_construction	S	14	12	168	1.17	N	house	1		houseconstruction	Valley Station	lot_house_construction_10	Buildings Catalogue Curated\Valley Station\Residential\lot_house_construction_10.tbx
RESIDENTIAL_LOW	under_construction	M	11	15	165	1.36	E	house	1		houseconstruction	Valley Station	lot_house_construction_11	Buildings Catalogue Curated\Valley Station\Residential\lot_house_construction_11.tbx
RESIDENTIAL_LOW	under_construction	M	10	15	150	1.5	E	house	1		houseconstruction	Valley Station	lot_house_construction_01	Buildings Catalogue Curated\Valley Station\Residential\lot_house_construction_01.tbx
RESIDENTIAL_LOW	under_construction	S	11	13	143	1.18	E	house	1		houseconstruction	Valley Station	lot_house_construction_05	Buildings Catalogue Curated\Valley Station\Residential\lot_house_construction_05.tbx
RESIDENTIAL_LOW	under_construction	S	14	10	140	1.4	N	house	1		houseconstruction	Valley Station	lot_house_construction_08	Buildings Catalogue Curated\Valley Station\Residential\lot_house_construction_08.tbx
RESIDENTIAL_LOW	under_construction	S	10	13	130	1.3	E	house	1		houseconstruction	Valley Station	lot_house_construction_03	Buildings Catalogue Curated\Valley Station\Residential\lot_house_construction_03.tbx
RESIDENTIAL_LOW	under_construction	S	10	12	120	1.2	E	house	1		houseconstruction	Valley Station	lot_house_construction_02	Buildings Catalogue Curated\Valley Station\Residential\lot_house_construction_02.tbx
RESIDENTIAL_LOW	under_construction	S	11	9	99	1.22	E	house	1		houseconstruction	Valley Station	lot_house_construction_04	Buildings Catalogue Curated\Valley Station\Residential\lot_house_construction_04.tbx
RESIDENTIAL_DENSE	apartment	XXL	60	80	4800	1.33	E		1		apartmentnwleft	Loose	Apartment_NW_LEFT_Finished	Apartments\Apartment_NW_LEFT_Finished.tbx
RESIDENTIAL_DENSE	apartment	XXL	60	80	4800	1.33	E		1		apartmentnwmid	Loose	Apartment_NW_MID_Finished	Apartments\Apartment_NW_MID_Finished.tbx
RESIDENTIAL_DENSE	apartment	XXL	60	80	4800	1.33	E		1		apartmentnwright	Loose	Apartment_NW_RIGHT_Finished	Apartments\Apartment_NW_RIGHT_Finished.tbx
RESIDENTIAL_DENSE	apartment	XL	50	50	2500	1.0	S		1		indigosurbanhell	Loose	Indigos_UrbanHell1_furnished	Apartments\Indigos_UrbanHell1_furnished.tbx
RESIDENTIAL_DENSE	apartment	XXL	66	33	2178	2.0	S		1		apartmentbuilding	Loose	apartment-building	Apartments\apartment-building.tbx
RESIDENTIAL_DENSE	apartment	XL	33	64	2112	1.94	N		1		satoapart	Loose	satoaparts	Apartments\satoaparts.tbx
RESIDENTIAL_DENSE	apartment	XL	27	41	1107	1.52	E		1		apartments	Loose	apartments17	Apartments\apartments17.tbx
RESIDENTIAL_DENSE	apartment	XL	22	41	902	1.86	E		1		apartments	Loose	apartments10	Apartments\apartments10.tbx
RESIDENTIAL_DENSE	apartment	XL	18	50	900	2.78	W		1		satoapartmentcomplex	Loose	satoapartment complex	Apartments\satoapartment complex.tbx
RESIDENTIAL_DENSE	apartment	L	23	39	897	1.7	N		1		satoapartmentstwo	Loose	sato apartments two	Apartments\sato apartments two.tbx
RESIDENTIAL_DENSE	apartment	L	22	40	880	1.82	E		1		apartments	Loose	apartments18	Apartments\apartments18.tbx
RESIDENTIAL_DENSE	apartment	L	28	28	784	1.0	E		1		apartments	Loose	apartments1	Apartments\apartments1.tbx
RESIDENTIAL_DENSE	apartment	L	27	27	729	1.0	E		1		apartments	Loose	apartments16	Apartments\apartments16.tbx
RESIDENTIAL_DENSE	apartment	L	32	20	640	1.6	S		1		apartment	Loose	Apartment 3	Apartments\Apartment 3.tbx
RESIDENTIAL_DENSE	apartment	XL	11	49	539	4.45	E		1		apartments	Loose	apartments11	Apartments\apartments11.tbx
RESIDENTIAL_DENSE	apartment	L	16	30	480	1.88	E		1		apartments	Loose	apartments6	Apartments\apartments6.tbx
RESIDENTIAL_DENSE	apartment	L	25	18	450	1.39	N		1		satoapartmentswithbackstorag	Loose	sato apartments with back storage	Apartments\sato apartments with back storage.tbx
RESIDENTIAL_DENSE	apartment	M	21	21	441	1.0	S		1		apartments	Loose	apartments3	Apartments\apartments3.tbx
RESIDENTIAL_DENSE	apartment	M	21	21	441	1.0	E		1		apartments	Loose	apartments5	Apartments\apartments5.tbx
RESIDENTIAL_DENSE	apartment	L	16	27	432	1.69	N		1		apartments	Loose	apartments9	Apartments\apartments9.tbx
RESIDENTIAL_DENSE	apartment	L	26	16	416	1.62	N		1		apartments	Loose	apartments7	Apartments\apartments7.tbx
RESIDENTIAL_DENSE	apartment	L	25	16	400	1.56	N		1		apartments	Loose	apartments8	Apartments\apartments8.tbx
RESIDENTIAL_DENSE	apartment	L	25	12	300	2.08	S		1		motel	Loose	motel1	Apartments\motel1.tbx
RESIDENTIAL_DENSE	apartment	M	11	24	264	2.18	E		1		apartments	Loose	apartments15	Apartments\apartments15.tbx
RESIDENTIAL_DENSE	apartment	L	26	9	234	2.89	N		1		apartments	Loose	apartments13	Apartments\apartments13.tbx
RESIDENTIAL_DENSE	apartment	M	20	11	220	1.82	N		1		apartments	Loose	apartments4	Apartments\apartments4.tbx
RESIDENTIAL_DENSE	apartment	M	8	18	144	2.25	E		1		apartments	Loose	apartments14	Apartments\apartments14.tbx
RESIDENTIAL_DENSE	apartment	M	15	9	135	1.67	N		1		apartments	Loose	apartments12	Apartments\apartments12.tbx
RESIDENTIAL_DENSE	hospitality	L	30	37	1110	1.23	S	motel	1		motel	Rosewood	lot_motel_05	Buildings Catalogue Curated\Rosewood\Hospitality\lot_motel_05.tbx
RESIDENTIAL_DENSE	hospitality	L	20	36	720	1.8	E	motel	1		motel	Valley Station	lot_motel_04	Buildings Catalogue Curated\Valley Station\Hospitality\lot_motel_04.tbx
RESIDENTIAL_DENSE	hospitality	L	25	20	500	1.25	S	motel	1		motel	Muldraugh	lot_motel_03	Buildings Catalogue Curated\Muldraugh\Hospitality\lot_motel_03.tbx
TRAILER_PARK	trailer	M	20	20	400	1.0	E	trailer	1		traileroffice	Muldraugh	lot_trailer_office_02	Buildings Catalogue Curated\Muldraugh\Residential\lot_trailer_office_02.tbx
TRAILER_PARK	trailer	M	17	17	289	1.0	S	trailer	1		trailerdrug	Muldraugh	lot_trailer_drug_01	Buildings Catalogue Curated\Muldraugh\Residential\lot_trailer_drug_01.tbx
TRAILER_PARK	trailer	M	17	17	289	1.0	E	trailer	3		trailere	Muldraugh	lot_trailer_E_01	Buildings Catalogue Curated\Muldraugh\Residential\lot_trailer_E_01.tbx
TRAILER_PARK	trailer	M	17	17	289	1.0	E	trailer	3		trailere	Muldraugh	lot_trailer_E_01a	Buildings Catalogue Curated\Muldraugh\Residential\lot_trailer_E_01a.tbx
TRAILER_PARK	trailer	M	17	17	289	1.0	E	trailer	3		trailere	Muldraugh	lot_trailer_E_02	Buildings Catalogue Curated\Muldraugh\Residential\lot_trailer_E_02.tbx
TRAILER_PARK	trailer	M	17	17	289	1.0	E	trailer	3		trailere	Muldraugh	lot_trailer_E_02a	Buildings Catalogue Curated\Muldraugh\Residential\lot_trailer_E_02a.tbx
TRAILER_PARK	trailer	M	17	17	289	1.0	E	trailer	2		trailere	Muldraugh	lot_trailer_E_03	Buildings Catalogue Curated\Muldraugh\Residential\lot_trailer_E_03.tbx
TRAILER_PARK	trailer	M	17	17	289	1.0	E	trailer	3		traileresmall	Muldraugh	lot_trailer_E_04_small	Buildings Catalogue Curated\Muldraugh\Residential\lot_trailer_E_04_small.tbx
TRAILER_PARK	trailer	M	17	17	289	1.0	N	trailer	3		trailern	Muldraugh	lot_trailer_N_01	Buildings Catalogue Curated\Muldraugh\Residential\lot_trailer_N_01.tbx
TRAILER_PARK	trailer	M	17	17	289	1.0	N	trailer	2		trailern	Muldraugh	lot_trailer_N_01a	Buildings Catalogue Curated\Muldraugh\Residential\lot_trailer_N_01a.tbx
TRAILER_PARK	trailer	M	17	17	289	1.0	N	trailer	3		trailern	Muldraugh	lot_trailer_N_02_empty	Buildings Catalogue Curated\Muldraugh\Residential\lot_trailer_N_02_empty.tbx
TRAILER_PARK	trailer	M	17	17	289	1.0	N	trailer	1		trailern	Muldraugh	lot_trailer_N_03	Buildings Catalogue Curated\Muldraugh\Residential\lot_trailer_N_03.tbx
TRAILER_PARK	trailer	M	17	17	289	1.0	N	trailer	3		trailern	Muldraugh	lot_trailer_N_03a	Buildings Catalogue Curated\Muldraugh\Residential\lot_trailer_N_03a.tbx
TRAILER_PARK	trailer	M	17	17	289	1.0	N	trailer	2		trailern	Muldraugh	lot_trailer_N_04	Buildings Catalogue Curated\Muldraugh\Residential\lot_trailer_N_04.tbx
TRAILER_PARK	trailer	M	17	17	289	1.0	S	trailer	3		trailers	Muldraugh	lot_trailer_S_01	Buildings Catalogue Curated\Muldraugh\Residential\lot_trailer_S_01.tbx
TRAILER_PARK	trailer	M	17	17	289	1.0	S	trailer	2		trailers	Muldraugh	lot_trailer_S_01a	Buildings Catalogue Curated\Muldraugh\Residential\lot_trailer_S_01a.tbx
TRAILER_PARK	trailer	M	17	17	289	1.0	S	trailer	2		trailers	Muldraugh	lot_trailer_S_02	Buildings Catalogue Curated\Muldraugh\Residential\lot_trailer_S_02.tbx
TRAILER_PARK	trailer	M	17	17	289	1.0	S	trailer	3		trailers	Muldraugh	lot_trailer_S_02a	Buildings Catalogue Curated\Muldraugh\Residential\lot_trailer_S_02a.tbx
TRAILER_PARK	trailer	M	17	17	289	1.0	S	trailer	2		trailers	Muldraugh	lot_trailer_S_03	Buildings Catalogue Curated\Muldraugh\Residential\lot_trailer_S_03.tbx
TRAILER_PARK	trailer	M	17	17	289	1.0	S	trailer	3		trailers	Muldraugh	lot_trailer_S_03a	Buildings Catalogue Curated\Muldraugh\Residential\lot_trailer_S_03a.tbx
TRAILER_PARK	trailer	M	17	17	289	1.0	W	trailer	1		trailerw	Muldraugh	lot_trailer_W_01	Buildings Catalogue Curated\Muldraugh\Residential\lot_trailer_W_01.tbx
TRAILER_PARK	trailer	M	17	17	289	1.0	W	trailer	2		trailerwsmall	Muldraugh	lot_trailer_W_02_small	Buildings Catalogue Curated\Muldraugh\Residential\lot_trailer_W_02_small.tbx
TRAILER_PARK	trailer	M	17	17	289	1.0	W	trailer	2		trailerw	Muldraugh	lot_trailer_W_03_empty	Buildings Catalogue Curated\Muldraugh\Residential\lot_trailer_W_03_empty.tbx
TRAILER_PARK	trailer	M	17	17	289	1.0	E	trailer	3	Buildings Catalogue Curated\Muldraugh\Residential\lot_trailer_E_01.tbx	trailere	Riverwood	lot_trailer_E_01	Buildings Catalogue Curated\Riverwood\Other\lot_trailer_E_01.tbx
TRAILER_PARK	trailer	M	17	17	289	1.0	E	trailer	3	Buildings Catalogue Curated\Muldraugh\Residential\lot_trailer_E_01a.tbx	trailere	Riverwood	lot_trailer_E_01a	Buildings Catalogue Curated\Riverwood\Other\lot_trailer_E_01a.tbx
TRAILER_PARK	trailer	M	17	17	289	1.0	E	trailer	3	Buildings Catalogue Curated\Muldraugh\Residential\lot_trailer_E_02.tbx	trailere	Riverwood	lot_trailer_E_02	Buildings Catalogue Curated\Riverwood\Other\lot_trailer_E_02.tbx
TRAILER_PARK	trailer	M	17	17	289	1.0	E	trailer	3	Buildings Catalogue Curated\Muldraugh\Residential\lot_trailer_E_02a.tbx	trailere	Riverwood	lot_trailer_E_02a	Buildings Catalogue Curated\Riverwood\Other\lot_trailer_E_02a.tbx
TRAILER_PARK	trailer	M	17	17	289	1.0	E	trailer	2	Buildings Catalogue Curated\Muldraugh\Residential\lot_trailer_E_03.tbx	trailere	Riverwood	lot_trailer_E_03	Buildings Catalogue Curated\Riverwood\Other\lot_trailer_E_03.tbx
TRAILER_PARK	trailer	M	17	17	289	1.0	E	trailer	3	Buildings Catalogue Curated\Muldraugh\Residential\lot_trailer_E_04_small.tbx	traileresmall	Riverwood	lot_trailer_E_04_small	Buildings Catalogue Curated\Riverwood\Other\lot_trailer_E_04_small.tbx
TRAILER_PARK	trailer	M	17	17	289	1.0	N	trailer	2	Buildings Catalogue Curated\Muldraugh\Residential\lot_trailer_N_01a.tbx	trailern	Riverwood	lot_trailer_N_01a	Buildings Catalogue Curated\Riverwood\Other\lot_trailer_N_01a.tbx
TRAILER_PARK	trailer	M	17	17	289	1.0	N	trailer	3	Buildings Catalogue Curated\Muldraugh\Residential\lot_trailer_N_02_empty.tbx	trailern	Riverwood	lot_trailer_N_02_empty	Buildings Catalogue Curated\Riverwood\Other\lot_trailer_N_02_empty.tbx
TRAILER_PARK	trailer	M	17	17	289	1.0	N	trailer	3	Buildings Catalogue Curated\Muldraugh\Residential\lot_trailer_N_03a.tbx	trailern	Riverwood	lot_trailer_N_03a	Buildings Catalogue Curated\Riverwood\Other\lot_trailer_N_03a.tbx
TRAILER_PARK	trailer	M	17	17	289	1.0	N	trailer	2	Buildings Catalogue Curated\Muldraugh\Residential\lot_trailer_N_04.tbx	trailern	Riverwood	lot_trailer_N_04	Buildings Catalogue Curated\Riverwood\Other\lot_trailer_N_04.tbx
TRAILER_PARK	trailer	M	17	17	289	1.0	S	trailer	3	Buildings Catalogue Curated\Muldraugh\Residential\lot_trailer_S_01.tbx	trailers	Riverwood	lot_trailer_S_01	Buildings Catalogue Curated\Riverwood\Other\lot_trailer_S_01.tbx
TRAILER_PARK	trailer	M	17	17	289	1.0	S	trailer	2	Buildings Catalogue Curated\Muldraugh\Residential\lot_trailer_S_01a.tbx	trailers	Riverwood	lot_trailer_S_01a	Buildings Catalogue Curated\Riverwood\Other\lot_trailer_S_01a.tbx
TRAILER_PARK	trailer	M	17	17	289	1.0	S	trailer	3	Buildings Catalogue Curated\Muldraugh\Residential\lot_trailer_S_02a.tbx	trailers	Riverwood	lot_trailer_S_02a	Buildings Catalogue Curated\Riverwood\Other\lot_trailer_S_02a.tbx
TRAILER_PARK	trailer	M	17	17	289	1.0	S	trailer	2	Buildings Catalogue Curated\Muldraugh\Residential\lot_trailer_S_03.tbx	trailers	Riverwood	lot_trailer_S_03	Buildings Catalogue Curated\Riverwood\Other\lot_trailer_S_03.tbx
TRAILER_PARK	trailer	M	17	17	289	1.0	S	trailer	3	Buildings Catalogue Curated\Muldraugh\Residential\lot_trailer_S_03a.tbx	trailers	Riverwood	lot_trailer_S_03a	Buildings Catalogue Curated\Riverwood\Other\lot_trailer_S_03a.tbx
TRAILER_PARK	trailer	M	17	17	289	1.0	S	trailer	1		trailers	Riverwood	lot_trailer_S_04	Buildings Catalogue Curated\Riverwood\Other\lot_trailer_S_04.tbx
TRAILER_PARK	trailer	M	17	17	289	1.0	S	trailer	1		trailers	Riverwood	lot_trailer_S_05	Buildings Catalogue Curated\Riverwood\Other\lot_trailer_S_05.tbx
TRAILER_PARK	trailer	M	17	17	289	1.0	S	trailer	1		trailers	Riverwood	lot_trailer_S_06	Buildings Catalogue Curated\Riverwood\Other\lot_trailer_S_06.tbx
TRAILER_PARK	trailer	M	17	17	289	1.0	W	trailer	2	Buildings Catalogue Curated\Muldraugh\Residential\lot_trailer_W_02_small.tbx	trailerwsmall	Riverwood	lot_trailer_W_02_small	Buildings Catalogue Curated\Riverwood\Other\lot_trailer_W_02_small.tbx
TRAILER_PARK	trailer	M	17	17	289	1.0	W	trailer	2	Buildings Catalogue Curated\Muldraugh\Residential\lot_trailer_W_03_empty.tbx	trailerw	Riverwood	lot_trailer_W_03_empty	Buildings Catalogue Curated\Riverwood\Other\lot_trailer_W_03_empty.tbx
TRAILER_PARK	trailer	M	17	17	289	1.0	E	trailer	1		trailerw	Riverwood	lot_trailer_W_04	Buildings Catalogue Curated\Riverwood\Other\lot_trailer_W_04.tbx
TRAILER_PARK	trailer	M	17	17	289	1.0	W	trailer	1		trailerw	Riverwood	lot_trailer_W_05	Buildings Catalogue Curated\Riverwood\Other\lot_trailer_W_05.tbx
TRAILER_PARK	trailer	M	17	17	289	1.0	E	trailer	1		trailerw	Riverwood	lot_trailer_W_06	Buildings Catalogue Curated\Riverwood\Other\lot_trailer_W_06.tbx
TRAILER_PARK	trailer	M	17	17	289	1.0	E	trailer	3	Buildings Catalogue Curated\Muldraugh\Residential\lot_trailer_E_02.tbx	trailere	Rosewood	lot_trailer_E_02	Buildings Catalogue Curated\Rosewood\Other\lot_trailer_E_02.tbx
TRAILER_PARK	trailer	M	17	17	289	1.0	N	trailer	3	Buildings Catalogue Curated\Muldraugh\Residential\lot_trailer_N_01.tbx	trailern	Rosewood	lot_trailer_N_01	Buildings Catalogue Curated\Rosewood\Other\lot_trailer_N_01.tbx
TRAILER_PARK	trailer	M	17	17	289	1.0	E	trailer	3	Buildings Catalogue Curated\Muldraugh\Residential\lot_trailer_E_01.tbx	trailere	Valley Station	lot_trailer_E_01	Buildings Catalogue Curated\Valley Station\Other\lot_trailer_E_01.tbx
TRAILER_PARK	trailer	M	17	17	289	1.0	E	trailer	3	Buildings Catalogue Curated\Muldraugh\Residential\lot_trailer_E_01a.tbx	trailere	Valley Station	lot_trailer_E_01a	Buildings Catalogue Curated\Valley Station\Other\lot_trailer_E_01a.tbx
TRAILER_PARK	trailer	M	17	17	289	1.0	E	trailer	3	Buildings Catalogue Curated\Muldraugh\Residential\lot_trailer_E_02a.tbx	trailere	Valley Station	lot_trailer_E_02a	Buildings Catalogue Curated\Valley Station\Other\lot_trailer_E_02a.tbx
TRAILER_PARK	trailer	M	17	17	289	1.0	S	trailer	1		trailere	Valley Station	lot_trailer_E_03a	Buildings Catalogue Curated\Valley Station\Other\lot_trailer_E_03a.tbx
TRAILER_PARK	trailer	M	17	17	289	1.0	E	trailer	3	Buildings Catalogue Curated\Muldraugh\Residential\lot_trailer_E_04_small.tbx	traileresmall	Valley Station	lot_trailer_E_04_small	Buildings Catalogue Curated\Valley Station\Other\lot_trailer_E_04_small.tbx
TRAILER_PARK	trailer	M	17	17	289	1.0	N	trailer	3	Buildings Catalogue Curated\Muldraugh\Residential\lot_trailer_N_01.tbx	trailern	Valley Station	lot_trailer_N_01	Buildings Catalogue Curated\Valley Station\Other\lot_trailer_N_01.tbx
TRAILER_PARK	trailer	M	17	17	289	1.0	N	trailer	3	Buildings Catalogue Curated\Muldraugh\Residential\lot_trailer_N_02_empty.tbx	trailern	Valley Station	lot_trailer_N_02_empty	Buildings Catalogue Curated\Valley Station\Other\lot_trailer_N_02_empty.tbx
TRAILER_PARK	trailer	M	17	17	289	1.0	N	trailer	3	Buildings Catalogue Curated\Muldraugh\Residential\lot_trailer_N_03a.tbx	trailern	Valley Station	lot_trailer_N_03a	Buildings Catalogue Curated\Valley Station\Other\lot_trailer_N_03a.tbx
TRAILER_PARK	trailer	M	17	17	289	1.0	S	trailer	3	Buildings Catalogue Curated\Muldraugh\Residential\lot_trailer_S_01.tbx	trailers	Valley Station	lot_trailer_S_01	Buildings Catalogue Curated\Valley Station\Other\lot_trailer_S_01.tbx
TRAILER_PARK	trailer	M	17	17	289	1.0	S	trailer	2	Buildings Catalogue Curated\Muldraugh\Residential\lot_trailer_S_02.tbx	trailers	Valley Station	lot_trailer_S_02	Buildings Catalogue Curated\Valley Station\Other\lot_trailer_S_02.tbx
TRAILER_PARK	trailer	M	17	17	289	1.0	S	trailer	3	Buildings Catalogue Curated\Muldraugh\Residential\lot_trailer_S_02a.tbx	trailers	Valley Station	lot_trailer_S_02a	Buildings Catalogue Curated\Valley Station\Other\lot_trailer_S_02a.tbx
TRAILER_PARK	trailer	M	17	17	289	1.0	S	trailer	3	Buildings Catalogue Curated\Muldraugh\Residential\lot_trailer_S_03a.tbx	trailers	Valley Station	lot_trailer_S_03a	Buildings Catalogue Curated\Valley Station\Other\lot_trailer_S_03a.tbx
TRAILER_PARK	trailer	M	16	14	224	1.14	E	trailer	1		traileroffice	Riverwood	lot_trailer_office_05	Buildings Catalogue Curated\Riverwood\Other\lot_trailer_office_05.tbx
TRAILER_PARK	trailer	S	14	14	196	1.0	W	trailer	2		traileroffice	Muldraugh	lot_trailer_office_01	Buildings Catalogue Curated\Muldraugh\Residential\lot_trailer_office_01.tbx
TRAILER_PARK	trailer	S	14	14	196	1.0	W	trailer	2	Buildings Catalogue Curated\Muldraugh\Residential\lot_trailer_office_01.tbx	traileroffice	Riverwood	lot_trailer_office_01	Buildings Catalogue Curated\Riverwood\Other\lot_trailer_office_01.tbx
TRAILER_PARK	trailer	S	14	14	196	1.0	S	trailer	1		traileroffice	Valley Station	lot_trailer_office_03	Buildings Catalogue Curated\Valley Station\Other\lot_trailer_office_03.tbx
COMMERCIAL_RETAIL	office	XL	58	28	1624	2.07	S		2	Business\satiobuilding cluster.tbx	satiobuildingcluster	Loose	satiobuilding cluster	City Buildings\satiobuilding cluster.tbx
COMMERCIAL_RETAIL	office	L	20	31	620	1.55	E		1		parkingbuilding	Loose	parking building	City Buildings\parking building.tbx
COMMERCIAL_RETAIL	office	L	17	27	459	1.59	S		2	Business\Sato Skirts building 1.tbx	satoskirtsbuilding	Loose	Sato Skirts building 1	City Buildings\Sato Skirts building 1.tbx
COMMERCIAL_RETAIL	office	XS	1	1	1	1.0	S		1		ballportaloo	Loose	Ball-portaloo	City Buildings\Ball-portaloo.tbx
COMMERCIAL_RETAIL	retail	XL	37	50	1850	1.35	W	grocery	1		grocerylaundry	Rosewood	lot_grocery_08_laundry	Buildings Catalogue Curated\Rosewood\Retail and Commercial\lot_grocery_08_laundry.tbx
COMMERCIAL_RETAIL	retail	XL	29	63	1827	2.17	E	plaza	1		plazamall	Valley Station	lot_plaza_12_mall	Buildings Catalogue Curated\Valley Station\Retail and Commercial\lot_plaza_12_mall.tbx
COMMERCIAL_RETAIL	retail	XL	63	29	1827	2.17	S	plaza	1		plazamall	Valley Station	lot_plaza_13_mall	Buildings Catalogue Curated\Valley Station\Retail and Commercial\lot_plaza_13_mall.tbx
COMMERCIAL_RETAIL	retail	XL	63	29	1827	2.17	S	plaza	1		plazamall	Valley Station	lot_plaza_14_mall	Buildings Catalogue Curated\Valley Station\Retail and Commercial\lot_plaza_14_mall.tbx
COMMERCIAL_RETAIL	retail	XL	47	38	1786	1.24	E	grocery	1		grocerysupermarket	Riverwood	lot_grocery_12_supermarket	Buildings Catalogue Curated\Riverwood\Retail and Commercial\lot_grocery_12_supermarket.tbx
COMMERCIAL_RETAIL	retail	XL	58	28	1624	2.07	S		2		satiobuildingcluster	Loose	satiobuilding cluster	Business\satiobuilding cluster.tbx
COMMERCIAL_RETAIL	retail	XL	46	32	1472	1.44	N	plaza	1		plazawestpoint	West Point	lot_plaza_10_westpoint	Buildings Catalogue Curated\West Point\Retail and Commercial\lot_plaza_10_westpoint.tbx
COMMERCIAL_RETAIL	retail	L	38	38	1444	1.0	S	grocery	1		grocerysupermarket	West Point	lot_grocery_04_supermarket	Buildings Catalogue Curated\West Point\Retail and Commercial\lot_grocery_04_supermarket.tbx
COMMERCIAL_RETAIL	retail	L	37	37	1369	1.0	S	offices	1		officesplaza	Muldraugh	lot_offices_01_plaza	Buildings Catalogue Curated\Muldraugh\Retail and Commercial\lot_offices_01_plaza.tbx
COMMERCIAL_RETAIL	retail	L	37	37	1369	1.0	S	offices	1		officesplaza	Muldraugh	lot_offices_05_plaza	Buildings Catalogue Curated\Muldraugh\Retail and Commercial\lot_offices_05_plaza.tbx
COMMERCIAL_RETAIL	retail	L	32	35	1120	1.09	S		1		officersdworker	Loose	office1_rsdworker	Business\office1_rsdworker.tbx
COMMERCIAL_RETAIL	retail	L	31	36	1116	1.16	E	offices	1		officesbuilding	West Point	lot_offices_03_building	Buildings Catalogue Curated\West Point\Retail and Commercial\lot_offices_03_building.tbx
COMMERCIAL_RETAIL	retail	L	38	27	1026	1.41	S		1		gigamart	Loose	Gigamart_2	Merchandise\Gigamart_2.tbx
COMMERCIAL_RETAIL	retail	XL	43	23	989	1.87	S		1		bestboguth	Loose	bestboguth	Merchandise\bestboguth.tbx
COMMERCIAL_RETAIL	retail	L	35	26	910	1.35	N	offices	1		officesplaza	Muldraugh	lot_offices_02_plaza	Buildings Catalogue Curated\Muldraugh\Retail and Commercial\lot_offices_02_plaza.tbx
COMMERCIAL_RETAIL	retail	L	35	26	910	1.35	N	offices	1		officesplaza	Muldraugh	lot_offices_07_plaza	Buildings Catalogue Curated\Muldraugh\Retail and Commercial\lot_offices_07_plaza.tbx
COMMERCIAL_RETAIL	retail	L	30	30	900	1.0	S		1		spiffocompany	Loose	Spiffo company	Business\Spiffo company.tbx
COMMERCIAL_RETAIL	retail	L	30	30	900	1.0	S		1		gigamart	Loose	gigamart	Merchandise\gigamart.tbx
COMMERCIAL_RETAIL	retail	L	30	30	900	1.0	S		1		mall	Loose	mall	Merchandise\mall.tbx
COMMERCIAL_RETAIL	retail	L	24	34	816	1.42	E	grocery	1		grocerysmallto	Dixie	lot_grocery_10_smalltown	Buildings Catalogue Curated\Dixie\Retail and Commercial\lot_grocery_10_smalltown.tbx
COMMERCIAL_RETAIL	retail	L	27	27	729	1.0	S	grocery	1		grocerygreen	Muldraugh	lot_grocery_01_greenes	Buildings Catalogue Curated\Muldraugh\Retail and Commercial\lot_grocery_01_greenes.tbx
COMMERCIAL_RETAIL	retail	L	33	22	726	1.5	W		1		bank	Muldraugh	lot_bank_02	Buildings Catalogue Curated\Muldraugh\Retail and Commercial\lot_bank_02.tbx
COMMERCIAL_RETAIL	retail	L	33	22	726	1.5	E		1		bank	West Point	lot_bank_01	Buildings Catalogue Curated\West Point\Retail and Commercial\lot_bank_01.tbx
COMMERCIAL_RETAIL	retail	L	29	24	696	1.21	N		1		furniturestore	Muldraugh	lot_furniturestore_01	Buildings Catalogue Curated\Muldraugh\Retail and Commercial\lot_furniturestore_01.tbx
COMMERCIAL_RETAIL	retail	L	40	16	640	2.5	S	plaza	1		plaza	West Point	lot_plaza_10	Buildings Catalogue Curated\West Point\Retail and Commercial\lot_plaza_10.tbx
COMMERCIAL_RETAIL	retail	L	25	25	625	1.0	E	grocery	1		grocerygeneric	Muldraugh	lot_grocery_03_generic	Buildings Catalogue Curated\Muldraugh\Retail and Commercial\lot_grocery_03_generic.tbx
COMMERCIAL_RETAIL	retail	L	25	25	625	1.0	E	grocery	1		grocerylaundry	Valley Station	lot_grocery_05_laundry	Buildings Catalogue Curated\Valley Station\Retail and Commercial\lot_grocery_05_laundry.tbx
COMMERCIAL_RETAIL	retail	L	30	20	600	1.5	S		1		artgallery	Loose	art gallery	Business\art gallery.tbx
COMMERCIAL_RETAIL	retail	XL	10	57	570	5.7	E		1		office	Loose	office4	Business\office4.tbx
COMMERCIAL_RETAIL	retail	L	21	27	567	1.29	S	plaza	1		plazatoolstor	Dixie	lot_plaza_21_toolstore	Buildings Catalogue Curated\Dixie\Retail and Commercial\lot_plaza_21_toolstore.tbx
COMMERCIAL_RETAIL	retail	M	24	23	552	1.04	S	generalstore	2		generalstore	Dixie	lot_generalstore_03	Buildings Catalogue Curated\Dixie\Retail and Commercial\lot_generalstore_03.tbx
COMMERCIAL_RETAIL	retail	M	24	23	552	1.04	S	generalstore	2	Buildings Catalogue Curated\Dixie\Retail and Commercial\lot_generalstore_03.tbx	generalstore	Riverwood	lot_generalstore_03	Buildings Catalogue Curated\Riverwood\Retail and Commercial\lot_generalstore_03.tbx
COMMERCIAL_RETAIL	retail	M	22	24	528	1.09	N		1		office	Loose	office2	Business\office2.tbx
COMMERCIAL_RETAIL	retail	M	22	23	506	1.05	S		1		shop	Loose	shop5	Merchandise\shop5.tbx
COMMERCIAL_RETAIL	retail	L	33	15	495	2.2	S		1		shop	Loose	shop3	Merchandise\shop3.tbx
COMMERCIAL_RETAIL	retail	XL	11	44	484	4.0	E		1		satosmallrowshops	Loose	satosmallrowshops2	Merchandise\satosmallrowshops2.tbx
COMMERCIAL_RETAIL	retail	L	17	27	459	1.59	W	plaza	1		plazawestpoint	West Point	lot_plaza_11_westpoint	Buildings Catalogue Curated\West Point\Retail and Commercial\lot_plaza_11_westpoint.tbx
COMMERCIAL_RETAIL	retail	L	17	27	459	1.59	S		2		satoskirtsbuilding	Loose	Sato Skirts building 1	Business\Sato Skirts building 1.tbx
COMMERCIAL_RETAIL	retail	M	20	22	440	1.1	E	plaza	1		plaza	Muldraugh	lot_plaza_01	Buildings Catalogue Curated\Muldraugh\Retail and Commercial\lot_plaza_01.tbx
COMMERCIAL_RETAIL	retail	M	19	23	437	1.21	E		1		satostorebase	Loose	satostore base_1	Merchandise\satostore base_1.tbx
COMMERCIAL_RETAIL	retail	L	30	14	420	2.14	N	grocery	1		groceryrural	Valley Station	lot_grocery_07_rural	Buildings Catalogue Curated\Valley Station\Retail and Commercial\lot_grocery_07_rural.tbx
COMMERCIAL_RETAIL	retail	M	20	20	400	1.0	N	grocery	3		groceryvegetablestand	Dixie	lot_grocery_02_vegetablestand	Buildings Catalogue Curated\Dixie\Retail and Commercial\lot_grocery_02_vegetablestand.tbx
COMMERCIAL_RETAIL	retail	M	20	20	400	1.0	N	laundromat	1		laundromat	Muldraugh	lot_laundromat_01	Buildings Catalogue Curated\Muldraugh\Retail and Commercial\lot_laundromat_01.tbx
COMMERCIAL_RETAIL	retail	M	20	20	400	1.0	E	laundromat	1		laundromat	Muldraugh	lot_laundromat_03	Buildings Catalogue Curated\Muldraugh\Retail and Commercial\lot_laundromat_03.tbx
COMMERCIAL_RETAIL	retail	M	20	20	400	1.0	E	offices	1		officeslawyerhou	Muldraugh	lot_offices_04_lawyerhouse	Buildings Catalogue Curated\Muldraugh\Retail and Commercial\lot_offices_04_lawyerhouse.tbx
COMMERCIAL_RETAIL	retail	M	20	20	400	1.0	E		1		gunstore	Other	lot_gunstore_02	Buildings Catalogue Curated\Other\Retail and Commercial\lot_gunstore_02.tbx
COMMERCIAL_RETAIL	retail	M	20	20	400	1.0	E	generalstore	1		generalstore	Riverwood	lot_generalstore_05	Buildings Catalogue Curated\Riverwood\Retail and Commercial\lot_generalstore_05.tbx
COMMERCIAL_RETAIL	retail	M	20	20	400	1.0	N	grocery	3	Buildings Catalogue Curated\Dixie\Retail and Commercial\lot_grocery_02_vegetablestand.tbx	groceryvegetablestand	Riverwood	lot_grocery_02_vegetablestand	Buildings Catalogue Curated\Riverwood\Retail and Commercial\lot_grocery_02_vegetablestand.tbx
COMMERCIAL_RETAIL	retail	M	20	20	400	1.0	N	laundromat	1		laundromat	Riverwood	lot_laundromat_06	Buildings Catalogue Curated\Riverwood\Retail and Commercial\lot_laundromat_06.tbx
COMMERCIAL_RETAIL	retail	M	20	20	400	1.0	N	grocery	3	Buildings Catalogue Curated\Dixie\Retail and Commercial\lot_grocery_02_vegetablestand.tbx	groceryvegetablestand	Valley Station	lot_grocery_02_vegetablestand	Buildings Catalogue Curated\Valley Station\Retail and Commercial\lot_grocery_02_vegetablestand.tbx
COMMERCIAL_RETAIL	retail	M	20	20	400	1.0	N	generalstore	1		generalstore	West Point	lot_generalstore_01	Buildings Catalogue Curated\West Point\Retail and Commercial\lot_generalstore_01.tbx
COMMERCIAL_RETAIL	retail	M	20	20	400	1.0	E		1		gunstore	West Point	lot_gunstore_01	Buildings Catalogue Curated\West Point\Retail and Commercial\lot_gunstore_01.tbx
COMMERCIAL_RETAIL	retail	M	24	16	384	1.5	S	plaza	1		plaza	Muldraugh	lot_plaza_02	Buildings Catalogue Curated\Muldraugh\Retail and Commercial\lot_plaza_02.tbx
COMMERCIAL_RETAIL	retail	M	21	17	357	1.24	W		1		shop	Loose	shop4	Merchandise\shop4.tbx
COMMERCIAL_RETAIL	retail	M	22	15	330	1.47	E		1		bargnclothes	Loose	barg'n'clothes1	Merchandise\barg'n'clothes1.tbx
COMMERCIAL_RETAIL	retail	M	15	21	315	1.4	W		1		store	Loose	store1	Merchandise\store1.tbx
COMMERCIAL_RETAIL	retail	M	19	16	304	1.19	E	plaza	1		plazasmalltowntbx	Dixie	lot_plaza_21_smalltowntbx	Buildings Catalogue Curated\Dixie\Retail and Commercial\lot_plaza_21_smalltowntbx.tbx
COMMERCIAL_RETAIL	retail	M	15	20	300	1.33	W		1		pharmahug	Loose	Pharmahug	Merchandise\Pharmahug.tbx
COMMERCIAL_RETAIL	retail	M	23	13	299	1.77	N	grocery	1		grocery	Riverwood	lot_grocery_13	Buildings Catalogue Curated\Riverwood\Retail and Commercial\lot_grocery_13.tbx
COMMERCIAL_RETAIL	retail	M	18	16	288	1.12	E	laundromat	1		laundromat	West Point	lot_laundromat_02	Buildings Catalogue Curated\West Point\Retail and Commercial\lot_laundromat_02.tbx
COMMERCIAL_RETAIL	retail	M	16	16	256	1.0	N	cornerstore	1		cornerstore	Muldraugh	lot_cornerstore_01	Buildings Catalogue Curated\Muldraugh\Retail and Commercial\lot_cornerstore_01.tbx
COMMERCIAL_RETAIL	retail	M	16	16	256	1.0	S	cornerstore	1		cornerstore	Riverwood	lot_cornerstore_04	Buildings Catalogue Curated\Riverwood\Retail and Commercial\lot_cornerstore_04.tbx
COMMERCIAL_RETAIL	retail	M	16	16	256	1.0	S	cornerstore	1		cornerstore	Valley Station	lot_cornerstore_03	Buildings Catalogue Curated\Valley Station\Retail and Commercial\lot_cornerstore_03.tbx
COMMERCIAL_RETAIL	retail	M	16	16	256	1.0	N	grocery	1		groceryabandoned	Valley Station	lot_grocery_06_abandoned	Buildings Catalogue Curated\Valley Station\Retail and Commercial\lot_grocery_06_abandoned.tbx
COMMERCIAL_RETAIL	retail	M	16	16	256	1.0	S	cornerstore	1		cornerstore	West Point	lot_cornerstore_02	Buildings Catalogue Curated\West Point\Retail and Commercial\lot_cornerstore_02.tbx
COMMERCIAL_RETAIL	retail	M	12	21	252	1.75	E		1		satoshops	Loose	sato shops 2	Merchandise\sato shops 2.tbx
COMMERCIAL_RETAIL	retail	M	21	12	252	1.75	S		1		shop	Loose	shop6	Merchandise\shop6.tbx
COMMERCIAL_RETAIL	retail	M	16	15	240	1.07	S		1		movierental	Muldraugh	lot_movierental_01	Buildings Catalogue Curated\Muldraugh\Retail and Commercial\lot_movierental_01.tbx
COMMERCIAL_RETAIL	retail	M	13	18	234	1.38	W	laundromat	1		laundromat	Riverwood	lot_laundromat_06b	Buildings Catalogue Curated\Riverwood\Retail and Commercial\lot_laundromat_06b.tbx
COMMERCIAL_RETAIL	retail	M	19	12	228	1.58	N		1		office	Loose	office5	Business\office5.tbx
COMMERCIAL_RETAIL	retail	M	12	19	228	1.58	E		1		ballshop	Loose	Ball-shop	Merchandise\Ball-shop.tbx
COMMERCIAL_RETAIL	retail	M	15	15	225	1.0	E		1		hardwarestore	Loose	hardware_store2	Merchandise\hardware_store2.tbx
COMMERCIAL_RETAIL	retail	M	16	14	224	1.14	E	offices	1		officesbailbond	Rosewood	lot_offices_04_bailbonds	Buildings Catalogue Curated\Rosewood\Retail and Commercial\lot_offices_04_bailbonds.tbx
COMMERCIAL_RETAIL	retail	M	19	11	209	1.73	S	laundromat	1		laundromat	March Ridge	lot_laundromat_04	Buildings Catalogue Curated\March Ridge\Retail and Commercial\lot_laundromat_04.tbx
COMMERCIAL_RETAIL	retail	M	11	19	209	1.73	E		1		office	Loose	office1	Business\office1.tbx
COMMERCIAL_RETAIL	retail	M	23	9	207	2.56	E		1		satoclothstor	Loose	sato clothstore	Merchandise\sato clothstore.tbx
COMMERCIAL_RETAIL	retail	M	12	17	204	1.42	E	laundromat	1		laundromat	Dixie	lot_laundromat_05	Buildings Catalogue Curated\Dixie\Retail and Commercial\lot_laundromat_05.tbx
COMMERCIAL_RETAIL	retail	S	12	14	168	1.17	E		2		fishbait	Riverwood	lot_fishbait_01	Buildings Catalogue Curated\Riverwood\Retail and Commercial\lot_fishbait_01.tbx
COMMERCIAL_RETAIL	retail	S	14	12	168	1.17	S		1		fishbait	Riverwood	lot_fishbait_02	Buildings Catalogue Curated\Riverwood\Retail and Commercial\lot_fishbait_02.tbx
COMMERCIAL_RETAIL	retail	S	12	14	168	1.17	E		2	Buildings Catalogue Curated\Riverwood\Retail and Commercial\lot_fishbait_01.tbx	fishbait	Valley Station	lot_fishbait_01	Buildings Catalogue Curated\Valley Station\Retail and Commercial\lot_fishbait_01.tbx
COMMERCIAL_RETAIL	retail	M	9	18	162	2.0	E		1		movierental	March Ridge	lot_movierental_02	Buildings Catalogue Curated\March Ridge\Retail and Commercial\lot_movierental_02.tbx
COMMERCIAL_RETAIL	retail	M	8	19	152	2.38	E		1		liquorstore	Valley Station	lot_liquorstore_01	Buildings Catalogue Curated\Valley Station\Retail and Commercial\lot_liquorstore_01.tbx
COMMERCIAL_RETAIL	retail	M	16	9	144	1.78	E	grocery	1		groceryvegetablestand	Dixie	lot_grocery_14_vegetablestand	Buildings Catalogue Curated\Dixie\Retail and Commercial\lot_grocery_14_vegetablestand.tbx
COMMERCIAL_RETAIL	retail	L	26	5	130	5.2	S		1		satorowshops	Loose	satorowshops1	Merchandise\satorowshops1.tbx
COMMERCIAL_RETAIL	retail	S	10	11	110	1.1	E		1		shop	Loose	shop2	Merchandise\shop2.tbx
COMMERCIAL_RETAIL	retail	S	12	9	108	1.33	S	grocery	1		grocerytiny	Muldraugh	lot_grocery_04_tiny	Buildings Catalogue Curated\Muldraugh\Retail and Commercial\lot_grocery_04_tiny.tbx
COMMERCIAL_RETAIL	retail	S	12	9	108	1.33	E		1		laundromat	Loose	laundromat	Merchandise\laundromat.tbx
COMMERCIAL_RETAIL	retail	S	9	11	99	1.22	E		1		travel	Loose	travel1	Merchandise\travel1.tbx
COMMERCIAL_RETAIL	retail	S	7	13	91	1.86	S		1		office	Loose	office3	Business\office3.tbx
COMMERCIAL_RETAIL	retail	S	9	10	90	1.11	W		1		hardwarestore	Loose	hardware_store1	Merchandise\hardware_store1.tbx
COMMERCIAL_RETAIL	retail	S	9	10	90	1.11	S		1		shop	Loose	shop1	Merchandise\shop1.tbx
COMMERCIAL_RETAIL	retail	S	9	9	81	1.0	S		1		barbers	Loose	barbers1	Merchandise\barbers1.tbx
FOOD_ENTERTAINMENT	food_ent	XXL	68	77	5236	1.13	E		1		bathhou	Loose	Bathhouse	Entertainment\Bathhouse.tbx
FOOD_ENTERTAINMENT	food_ent	XL	37	47	1739	1.27	E	restaurant	1		restaurantgeneric	Rosewood	lot_restaurant_13_generic	Buildings Catalogue Curated\Rosewood\Restaurants and Entertainment\lot_restaurant_13_generic.tbx
FOOD_ENTERTAINMENT	food_ent	XL	47	37	1739	1.27	S	restaurant	1		restaurantpileocrepecaf	Valley Station	lot_restaurant_06_pileocrepecafe	Buildings Catalogue Curated\Valley Station\Restaurants and Entertainment\lot_restaurant_06_pileocrepecafe.tbx
FOOD_ENTERTAINMENT	food_ent	L	40	40	1600	1.0	S	restaurant	1		restaurantgeneric	Valley Station	lot_restaurant_05_generic	Buildings Catalogue Curated\Valley Station\Restaurants and Entertainment\lot_restaurant_05_generic.tbx
FOOD_ENTERTAINMENT	food_ent	L	37	37	1369	1.0	S	restaurant	1		restaurantpileocrep	Muldraugh	lot_restaurant_04_pileocrepe	Buildings Catalogue Curated\Muldraugh\Restaurants and Entertainment\lot_restaurant_04_pileocrepe.tbx
FOOD_ENTERTAINMENT	food_ent	L	35	35	1225	1.0	E	diner	1		diner	Muldraugh	lot_diner_02	Buildings Catalogue Curated\Muldraugh\Restaurants and Entertainment\lot_diner_02.tbx
FOOD_ENTERTAINMENT	food_ent	L	35	35	1225	1.0	N	diner	1		diner	Muldraugh	lot_diner_06	Buildings Catalogue Curated\Muldraugh\Restaurants and Entertainment\lot_diner_06.tbx
FOOD_ENTERTAINMENT	food_ent	XL	42	29	1218	1.45	N	restaurant	1		restaurantpileocrepecaf	Riverwood	lot_restaurant_18_pileocrepecafe	Buildings Catalogue Curated\Riverwood\Restaurants and Entertainment\lot_restaurant_18_pileocrepecafe.tbx
FOOD_ENTERTAINMENT	food_ent	L	30	40	1200	1.33	W		1		theatre	March Ridge	lot_theatre_02	Buildings Catalogue Curated\March Ridge\Restaurants and Entertainment\lot_theatre_02.tbx
FOOD_ENTERTAINMENT	food_ent	L	34	34	1156	1.0	W	restaurant	1		restaurantspiffos	Muldraugh	lot_restaurant_spiffos_03	Buildings Catalogue Curated\Muldraugh\Restaurants and Entertainment\lot_restaurant_spiffos_03.tbx
FOOD_ENTERTAINMENT	food_ent	L	34	34	1156	1.0	S	restaurant	1		restaurantspiffos	Riverwood	lot_restaurant_spiffos_05	Buildings Catalogue Curated\Riverwood\Restaurants and Entertainment\lot_restaurant_spiffos_05.tbx
FOOD_ENTERTAINMENT	food_ent	L	34	34	1156	1.0	E	restaurant	1		restaurantspiffos	Rosewood	lot_restaurant_spiffos_04	Buildings Catalogue Curated\Rosewood\Restaurants and Entertainment\lot_restaurant_spiffos_04.tbx
FOOD_ENTERTAINMENT	food_ent	L	34	34	1156	1.0	S	restaurant	1		restaurantspiffos	West Point	lot_restaurant_spiffos_02	Buildings Catalogue Curated\West Point\Restaurants and Entertainment\lot_restaurant_spiffos_02.tbx
FOOD_ENTERTAINMENT	food_ent	L	30	30	900	1.0	E		1		restaurant	Loose	Restaurant	Resturant\Restaurant.tbx
FOOD_ENTERTAINMENT	food_ent	L	21	36	756	1.71	E	countryclub	1		countryclubgolfcart	Riverwood	lot_countryclub_02_golfcarts	Buildings Catalogue Curated\Riverwood\Restaurants and Entertainment\lot_countryclub_02_golfcarts.tbx
FOOD_ENTERTAINMENT	food_ent	L	28	26	728	1.08	E	restaurant	1		restaurantsmallto	Dixie	lot_restaurant_14_smalltown	Buildings Catalogue Curated\Dixie\Restaurants and Entertainment\lot_restaurant_14_smalltown.tbx
FOOD_ENTERTAINMENT	food_ent	L	24	29	696	1.21	S	restaurant	1		restauranticecream	Riverwood	lot_restaurant_17_icecream	Buildings Catalogue Curated\Riverwood\Restaurants and Entertainment\lot_restaurant_17_icecream.tbx
FOOD_ENTERTAINMENT	food_ent	L	22	31	682	1.41	W	restaurant	1		restaurantgeneric	March Ridge	lot_restaurant_12_generic	Buildings Catalogue Curated\March Ridge\Restaurants and Entertainment\lot_restaurant_12_generic.tbx
FOOD_ENTERTAINMENT	food_ent	L	30	22	660	1.36	N	diner	1		diner	Muldraugh	lot_diner_01	Buildings Catalogue Curated\Muldraugh\Restaurants and Entertainment\lot_diner_01.tbx
FOOD_ENTERTAINMENT	food_ent	L	22	30	660	1.36	E	diner	1		diner	Other	lot_diner_09	Buildings Catalogue Curated\Other\Restaurants and Entertainment\lot_diner_09.tbx
FOOD_ENTERTAINMENT	food_ent	L	22	30	660	1.36	E	diner	1		diner	Riverwood	lot_diner_08	Buildings Catalogue Curated\Riverwood\Restaurants and Entertainment\lot_diner_08.tbx
FOOD_ENTERTAINMENT	food_ent	L	22	30	660	1.36	W	diner	1		diner	Valley Station	lot_diner_05	Buildings Catalogue Curated\Valley Station\Restaurants and Entertainment\lot_diner_05.tbx
FOOD_ENTERTAINMENT	food_ent	L	22	30	660	1.36	N	diner	1		diner	West Point	lot_diner_03	Buildings Catalogue Curated\West Point\Restaurants and Entertainment\lot_diner_03.tbx
FOOD_ENTERTAINMENT	food_ent	L	20	30	600	1.5	W	restaurant	1		restaurantgeneric	Muldraugh	lot_restaurant_02_generic	Buildings Catalogue Curated\Muldraugh\Restaurants and Entertainment\lot_restaurant_02_generic.tbx
FOOD_ENTERTAINMENT	food_ent	L	24	25	600	1.04	S	bar	1		bar	Rosewood	lot_bar_05	Buildings Catalogue Curated\Rosewood\Restaurants and Entertainment\lot_bar_05.tbx
FOOD_ENTERTAINMENT	food_ent	L	24	25	600	1.04	S	bar	1		barwood	West Point	lot_bar_02_wooden	Buildings Catalogue Curated\West Point\Retail and Commercial\lot_bar_02_wooden.tbx
FOOD_ENTERTAINMENT	food_ent	L	20	27	540	1.35	E	bar	1		bar	Valley Station	lot_bar_03	Buildings Catalogue Curated\Valley Station\Restaurants and Entertainment\lot_bar_03.tbx
FOOD_ENTERTAINMENT	food_ent	M	22	24	528	1.09	N		1		cafe	Loose	cafe2	Resturant\cafe2.tbx
FOOD_ENTERTAINMENT	food_ent	L	25	20	500	1.25	N		1		spiffosburgerrestaurant	Loose	Spiffo's Burger Restaurant	Resturant\Spiffo's Burger Restaurant.tbx
FOOD_ENTERTAINMENT	food_ent	M	23	18	414	1.28	S	restaurant	1		restaurantrural	Valley Station	lot_restaurant_11_rural	Buildings Catalogue Curated\Valley Station\Restaurants and Entertainment\lot_restaurant_11_rural.tbx
FOOD_ENTERTAINMENT	food_ent	M	20	20	400	1.0	E	bar	1		barcountry	Dixie	lot_bar_06_country	Buildings Catalogue Curated\Dixie\Restaurants and Entertainment\lot_bar_06_country.tbx
FOOD_ENTERTAINMENT	food_ent	M	20	20	400	1.0	S	bar	1		barwood	Muldraugh	lot_bar_01_wooden	Buildings Catalogue Curated\Muldraugh\Restaurants and Entertainment\lot_bar_01_wooden.tbx
FOOD_ENTERTAINMENT	food_ent	M	20	20	400	1.0	S	countryclub	1		countryclubmaintenanc	Riverwood	lot_countryclub_03_maintenance	Buildings Catalogue Curated\Riverwood\Industrial\lot_countryclub_03_maintenance.tbx
FOOD_ENTERTAINMENT	food_ent	M	20	20	400	1.0	E		2		pizzawhirled	Rosewood	lot_pizzawhirled_02	Buildings Catalogue Curated\Rosewood\Restaurants and Entertainment\lot_pizzawhirled_02.tbx
FOOD_ENTERTAINMENT	food_ent	M	20	20	400	1.0	E		2	Buildings Catalogue Curated\Rosewood\Restaurants and Entertainment\lot_pizzawhirled_02.tbx	pizzawhirled	West Point	lot_pizzawhirled_02	Buildings Catalogue Curated\West Point\Restaurants and Entertainment\lot_pizzawhirled_02.tbx
FOOD_ENTERTAINMENT	food_ent	M	20	20	400	1.0	E		1		jetsbar	Loose	Jets Bar	Entertainment\Jets Bar.tbx
FOOD_ENTERTAINMENT	food_ent	M	20	20	400	1.0	S		1		spiffo	Loose	Spiffo 1	Resturant\Spiffo 1.tbx
FOOD_ENTERTAINMENT	food_ent	M	18	21	378	1.17	E	restaurant	1		restauranthamburgerstand	Riverwood	lot_restaurant_21_hamburgerstand	Buildings Catalogue Curated\Riverwood\Restaurants and Entertainment\lot_restaurant_21_hamburgerstand.tbx
FOOD_ENTERTAINMENT	food_ent	M	14	24	336	1.71	E	restaurant	1		restaurantmuldraugh	Muldraugh	lot_restaurant_44_muldraugh	Buildings Catalogue Curated\Muldraugh\Restaurants and Entertainment\lot_restaurant_44_muldraugh.tbx
FOOD_ENTERTAINMENT	food_ent	M	16	21	336	1.31	W	restaurant	1		restaurantjayschicken	Muldraugh	lot_restaurant_jayschicken_04	Buildings Catalogue Curated\Muldraugh\Restaurants and Entertainment\lot_restaurant_jayschicken_04.tbx
FOOD_ENTERTAINMENT	food_ent	M	22	15	330	1.47	E		1		bar	Loose	bar1	Entertainment\bar1.tbx
FOOD_ENTERTAINMENT	food_ent	M	18	18	324	1.0	S	restaurant	1		restaurantcaf	Valley Station	lot_restaurant_10_cafe	Buildings Catalogue Curated\Valley Station\Restaurants and Entertainment\lot_restaurant_10_cafe.tbx
FOOD_ENTERTAINMENT	food_ent	M	18	17	306	1.06	S		1		ballbkbar	Loose	Ball-bkbar2	Entertainment\Ball-bkbar2.tbx
FOOD_ENTERTAINMENT	food_ent	M	17	17	289	1.0	E		1		spiffo	Loose	Spiffo 2	Resturant\Spiffo 2.tbx
FOOD_ENTERTAINMENT	food_ent	M	21	12	252	1.75	S	restaurant	1		restauranthamburgerstand	Riverwood	lot_restaurant_15_hamburgerstand	Buildings Catalogue Curated\Riverwood\Restaurants and Entertainment\lot_restaurant_15_hamburgerstand.tbx
FOOD_ENTERTAINMENT	food_ent	M	19	13	247	1.46	N	diner	1		diner	Dixie	lot_diner_07	Buildings Catalogue Curated\Dixie\Restaurants and Entertainment\lot_diner_07.tbx
FOOD_ENTERTAINMENT	food_ent	M	11	22	242	2.0	E	countryclub	1		countryclubchangeroom	Riverwood	lot_countryclub_06_changerooms	Buildings Catalogue Curated\Riverwood\Restaurants and Entertainment\lot_countryclub_06_changerooms.tbx
FOOD_ENTERTAINMENT	food_ent	M	12	19	228	1.58	E	restaurant	1		restauranttinyicecream	Dixie	lot_restaurant_19_tinyicecream	Buildings Catalogue Curated\Dixie\Restaurants and Entertainment\lot_restaurant_19_tinyicecream.tbx
FOOD_ENTERTAINMENT	food_ent	M	15	15	225	1.0	E		1		spiffos	Loose	Spiffos 1	Resturant\Spiffos 1.tbx
FOOD_ENTERTAINMENT	food_ent	M	14	16	224	1.14	S		1		bakery	Muldraugh	lot_bakery_01	Buildings Catalogue Curated\Muldraugh\Retail and Commercial\lot_bakery_01.tbx
FOOD_ENTERTAINMENT	food_ent	M	16	14	224	1.14	E	countryclub	1		countryclubguardbooth	Riverwood	lot_countryclub_09_guardbooth	Buildings Catalogue Curated\Riverwood\Other\lot_countryclub_09_guardbooth.tbx
FOOD_ENTERTAINMENT	food_ent	M	17	13	221	1.31	E		1		ballbkbar	Loose	Ball-bkbar	Entertainment\Ball-bkbar.tbx
FOOD_ENTERTAINMENT	food_ent	M	12	18	216	1.5	E	restaurant	1		restauranthamburgerstand	Valley Station	lot_restaurant_07_hamburgerstand	Buildings Catalogue Curated\Valley Station\Restaurants and Entertainment\lot_restaurant_07_hamburgerstand.tbx
FOOD_ENTERTAINMENT	food_ent	M	12	18	216	1.5	W	restaurant	1		restaurantgenericsmall	Valley Station	lot_restaurant_09_genericsmall	Buildings Catalogue Curated\Valley Station\Restaurants and Entertainment\lot_restaurant_09_genericsmall.tbx
FOOD_ENTERTAINMENT	food_ent	M	13	16	208	1.23	N	countryclub	1		countryclubsnackbar	Riverwood	lot_countryclub_08_snackbar	Buildings Catalogue Curated\Riverwood\Restaurants and Entertainment\lot_countryclub_08_snackbar.tbx
FOOD_ENTERTAINMENT	food_ent	M	10	20	200	2.0	E		1		spiffos	Loose	spiffos1	Resturant\spiffos1.tbx
FOOD_ENTERTAINMENT	food_ent	M	16	12	192	1.33	S		1		caf	Loose	Cafe	Resturant\Cafe.tbx
FOOD_ENTERTAINMENT	food_ent	S	11	11	121	1.0	E	diner	1		diner	Muldraugh	lot_diner_04	Buildings Catalogue Curated\Muldraugh\Restaurants and Entertainment\lot_diner_04.tbx
FOOD_ENTERTAINMENT	food_ent	S	9	13	117	1.44	E	countryclub	1		countryclubsauna	Riverwood	lot_countryclub_07_sauna	Buildings Catalogue Curated\Riverwood\Restaurants and Entertainment\lot_countryclub_07_sauna.tbx
FOOD_ENTERTAINMENT	food_ent	XS	1	1	1	1.0	N	restaurant	1		restaurantjayschickensign	Muldraugh	lot_restaurant_jayschicken_sign_s	Buildings Catalogue Curated\Muldraugh\Restaurants and Entertainment\lot_restaurant_jayschicken_sign_s.tbx
AUTOMOTIVE_FUEL	fuel_service	XL	40	60	2400	1.5	W	gas	1		gasgasgo	Muldraugh	lot_gas_gas2go_01	Buildings Catalogue Curated\Muldraugh\Retail and Commercial\lot_gas_gas2go_01.tbx
AUTOMOTIVE_FUEL	fuel_service	L	37	37	1369	1.0	E	mechanic	1		mechanic	Muldraugh	lot_mechanic_01	Buildings Catalogue Curated\Muldraugh\Industrial\lot_mechanic_01.tbx
AUTOMOTIVE_FUEL	fuel_service	L	37	37	1369	1.0	S	mechanic	1		mechanic	West Point	lot_mechanic_02	Buildings Catalogue Curated\West Point\Industrial\lot_mechanic_02.tbx
AUTOMOTIVE_FUEL	fuel_service	L	32	32	1024	1.0	N	gas	1		gasgeneric	Muldraugh	lot_gas_02_generic	Buildings Catalogue Curated\Muldraugh\Retail and Commercial\lot_gas_02_generic.tbx
AUTOMOTIVE_FUEL	fuel_service	L	32	32	1024	1.0	S	gas	1		gasgasgopump	Valley Station	lot_gas_gas2go_04_pumps	Buildings Catalogue Curated\Valley Station\Retail and Commercial\lot_gas_gas2go_04_pumps.tbx
AUTOMOTIVE_FUEL	fuel_service	L	28	27	756	1.04	W		1		gasstation	Loose	gas_station2	Automotive\gas_station2.tbx
AUTOMOTIVE_FUEL	fuel_service	L	24	30	720	1.25	E	gas	1		gasgeneric	Riverwood	lot_gas_09_generic	Buildings Catalogue Curated\Riverwood\Retail and Commercial\lot_gas_09_generic.tbx
AUTOMOTIVE_FUEL	fuel_service	L	24	28	672	1.17	S		1		generalstorega	Valley Station	lot_generalstore_02_gas	Buildings Catalogue Curated\Valley Station\Retail and Commercial\lot_generalstore_02_gas.tbx
AUTOMOTIVE_FUEL	fuel_service	L	20	29	580	1.45	E	mechanic	1		mechanic	Riverwood	lot_mechanic_05	Buildings Catalogue Curated\Riverwood\Industrial\lot_mechanic_05.tbx
AUTOMOTIVE_FUEL	fuel_service	M	24	24	576	1.0	E		1		countryclubmechanic	Riverwood	lot_countryclub_04_mechanic	Buildings Catalogue Curated\Riverwood\Industrial\lot_countryclub_04_mechanic.tbx
AUTOMOTIVE_FUEL	fuel_service	L	16	35	560	2.19	W	gas	1		gasgeneric	Rosewood	lot_gas_07_generic	Buildings Catalogue Curated\Rosewood\Retail and Commercial\lot_gas_07_generic.tbx
AUTOMOTIVE_FUEL	fuel_service	L	20	26	520	1.3	E	gas	1		gasfossoil	Rosewood	lot_gas_fossoil_06	Buildings Catalogue Curated\Rosewood\Retail and Commercial\lot_gas_fossoil_06.tbx
AUTOMOTIVE_FUEL	fuel_service	L	19	27	513	1.42	S		1		gasstation	Loose	gas_station1	Automotive\gas_station1.tbx
AUTOMOTIVE_FUEL	fuel_service	L	20	25	500	1.25	E		1		commercialgasfl	Loose	Commercial_Gas_1FL_E	Automotive\Commercial_Gas_1FL_E.tbx
AUTOMOTIVE_FUEL	fuel_service	L	35	14	490	2.5	E		1		ballpetrolstatio	Loose	Ball-petrol station	Automotive\Ball-petrol station.tbx
AUTOMOTIVE_FUEL	fuel_service	M	20	20	400	1.0	E	mechanic	1		mechanic	Muldraugh	lot_mechanic_03	Buildings Catalogue Curated\Muldraugh\Industrial\lot_mechanic_03.tbx
AUTOMOTIVE_FUEL	fuel_service	M	20	20	400	1.0	N	gas	1		gasfossoilpump	Muldraugh	lot_gas_fossoil_05_pumps	Buildings Catalogue Curated\Muldraugh\Other\lot_gas_fossoil_05_pumps.tbx
AUTOMOTIVE_FUEL	fuel_service	M	20	20	400	1.0	W	gas	1		gasfossoil	Muldraugh	lot_gas_fossoil_04	Buildings Catalogue Curated\Muldraugh\Retail and Commercial\lot_gas_fossoil_04.tbx
AUTOMOTIVE_FUEL	fuel_service	M	20	20	400	1.0	N	gas	3		gasfossoilpump	Riverwood	lot_gas_fossoil_02_pumps	Buildings Catalogue Curated\Riverwood\Retail and Commercial\lot_gas_fossoil_02_pumps.tbx
AUTOMOTIVE_FUEL	fuel_service	M	20	20	400	1.0	N	gas	2		gasfossoilcarwash	Riverwood	lot_gas_fossoil_03_carwash	Buildings Catalogue Curated\Riverwood\Retail and Commercial\lot_gas_fossoil_03_carwash.tbx
AUTOMOTIVE_FUEL	fuel_service	M	20	20	400	1.0	E	gas	1		gasfossoil	Riverwood	lot_gas_fossoil_07	Buildings Catalogue Curated\Riverwood\Retail and Commercial\lot_gas_fossoil_07.tbx
AUTOMOTIVE_FUEL	fuel_service	M	20	20	400	1.0	N	gas	3	Buildings Catalogue Curated\Riverwood\Retail and Commercial\lot_gas_fossoil_02_pumps.tbx	gasfossoilpump	Rosewood	lot_gas_fossoil_02_pumps	Buildings Catalogue Curated\Rosewood\Retail and Commercial\lot_gas_fossoil_02_pumps.tbx
AUTOMOTIVE_FUEL	fuel_service	M	20	20	400	1.0	E	gas	1		gasgeneric	West Point	lot_gas_03_generic	Buildings Catalogue Curated\West Point\Retail and Commercial\lot_gas_03_generic.tbx
AUTOMOTIVE_FUEL	fuel_service	M	20	20	400	1.0	E	gas	1		gasfossoil	West Point	lot_gas_fossoil_01	Buildings Catalogue Curated\West Point\Retail and Commercial\lot_gas_fossoil_01.tbx
AUTOMOTIVE_FUEL	fuel_service	M	20	20	400	1.0	N	gas	3	Buildings Catalogue Curated\Riverwood\Retail and Commercial\lot_gas_fossoil_02_pumps.tbx	gasfossoilpump	West Point	lot_gas_fossoil_02_pumps	Buildings Catalogue Curated\West Point\Retail and Commercial\lot_gas_fossoil_02_pumps.tbx
AUTOMOTIVE_FUEL	fuel_service	M	20	20	400	1.0	N	gas	2	Buildings Catalogue Curated\Riverwood\Retail and Commercial\lot_gas_fossoil_03_carwash.tbx	gasfossoilcarwash	West Point	lot_gas_fossoil_03_carwash	Buildings Catalogue Curated\West Point\Retail and Commercial\lot_gas_fossoil_03_carwash.tbx
AUTOMOTIVE_FUEL	fuel_service	M	18	20	360	1.11	S	gas	1		gaswoodsmall	Other	lot_gas_11_woodsmall	Buildings Catalogue Curated\Other\Retail and Commercial\lot_gas_11_woodsmall.tbx
AUTOMOTIVE_FUEL	fuel_service	M	23	13	299	1.77	N	gas	1		gassmallto	Dixie	lot_gas_08_smalltown	Buildings Catalogue Curated\Dixie\Retail and Commercial\lot_gas_08_smalltown.tbx
AUTOMOTIVE_FUEL	fuel_service	M	12	24	288	2.0	E	gas	1		gastiny	Riverwood	lot_gas_13_tiny	Buildings Catalogue Curated\Riverwood\Retail and Commercial\lot_gas_13_tiny.tbx
AUTOMOTIVE_FUEL	fuel_service	M	16	16	256	1.0	S		1		zippee	West Point	lot_zippee_01	Buildings Catalogue Curated\West Point\Retail and Commercial\lot_zippee_01.tbx
AUTOMOTIVE_FUEL	fuel_service	M	15	15	225	1.0	N		1		zippee	Muldraugh	lot_zippee_02	Buildings Catalogue Curated\Muldraugh\Retail and Commercial\lot_zippee_02.tbx
AUTOMOTIVE_FUEL	fuel_service	M	19	11	209	1.73	S		1		ga	Loose	gas	Automotive\gas.tbx
AUTOMOTIVE_FUEL	fuel_service	M	19	7	133	2.71	W	gas	1		gaswoodpump	Other	lot_gas_10_woodpumps	Buildings Catalogue Curated\Other\Other\lot_gas_10_woodpumps.tbx
AUTOMOTIVE_FUEL	fuel_service	S	8	14	112	1.75	E	gas	3		gaspump	Dixie	lot_gas_04_pumps	Buildings Catalogue Curated\Dixie\Retail and Commercial\lot_gas_04_pumps.tbx
AUTOMOTIVE_FUEL	fuel_service	S	8	14	112	1.75	W	gas	2		gaspumpsgeneric	March Ridge	lot_gas_06_pumpsgeneric	Buildings Catalogue Curated\March Ridge\Retail and Commercial\lot_gas_06_pumpsgeneric.tbx
AUTOMOTIVE_FUEL	fuel_service	S	8	14	112	1.75	E	gas	3	Buildings Catalogue Curated\Dixie\Retail and Commercial\lot_gas_04_pumps.tbx	gaspump	Riverwood	lot_gas_04_pumps	Buildings Catalogue Curated\Riverwood\Retail and Commercial\lot_gas_04_pumps.tbx
AUTOMOTIVE_FUEL	fuel_service	S	8	14	112	1.75	W	gas	2	Buildings Catalogue Curated\March Ridge\Retail and Commercial\lot_gas_06_pumpsgeneric.tbx	gaspumpsgeneric	Rosewood	lot_gas_06_pumpsgeneric	Buildings Catalogue Curated\Rosewood\Retail and Commercial\lot_gas_06_pumpsgeneric.tbx
AUTOMOTIVE_FUEL	fuel_service	S	8	14	112	1.75	E	gas	3	Buildings Catalogue Curated\Dixie\Retail and Commercial\lot_gas_04_pumps.tbx	gaspump	Valley Station	lot_gas_04_pumps	Buildings Catalogue Curated\Valley Station\Retail and Commercial\lot_gas_04_pumps.tbx
AUTOMOTIVE_FUEL	fuel_service	S	8	14	112	1.75	N	gas	1		gasgasgopump	Valley Station	lot_gas_gas2go_03_pumps	Buildings Catalogue Curated\Valley Station\Retail and Commercial\lot_gas_gas2go_03_pumps.tbx
INDUSTRIAL	industrial	XXL	27	197	5319	7.3	S	trainyard	1		trainyardfreight	Valley Station	lot_trainyard_17_freight	Buildings Catalogue Curated\Valley Station\Industrial\lot_trainyard_17_freight.tbx
INDUSTRIAL	industrial	XXL	66	64	4224	1.03	N	garagestorage	1		garagestorage	Riverwood	lot_garagestorage_10	Buildings Catalogue Curated\Riverwood\Industrial\lot_garagestorage_10.tbx
INDUSTRIAL	industrial	XL	60	60	3600	1.0	E	factory	1		factorygenericmanufacturing	Muldraugh	lot_factory_05_genericmanufacturing	Buildings Catalogue Curated\Muldraugh\Industrial\lot_factory_05_genericmanufacturing.tbx
INDUSTRIAL	industrial	XL	60	60	3600	1.0	N	factory	1		factory	Muldraugh	lot_factory_07_empty	Buildings Catalogue Curated\Muldraugh\Industrial\lot_factory_07_empty.tbx
INDUSTRIAL	industrial	XL	60	54	3240	1.11	S	factory	1		factorygenericmanufacturing	Muldraugh	lot_factory_09_genericmanufacturing	Buildings Catalogue Curated\Muldraugh\Industrial\lot_factory_09_genericmanufacturing.tbx
INDUSTRIAL	industrial	XL	50	54	2700	1.08	S	garagestorage	1		garagestorage	Valley Station	lot_garagestorage_09	Buildings Catalogue Curated\Valley Station\Industrial\lot_garagestorage_09.tbx
INDUSTRIAL	industrial	XXL	34	65	2210	1.91	E		1		traintunnel	Loose	traintunnel	Misc Industry\traintunnel.tbx
INDUSTRIAL	industrial	XL	31	61	1891	1.97	E	garagestorage	1		garagestorage	Muldraugh	lot_garagestorage_05	Buildings Catalogue Curated\Muldraugh\Industrial\lot_garagestorage_05.tbx
INDUSTRIAL	industrial	XL	43	40	1720	1.07	N	warehousestorage	1		warehousestorage	Muldraugh	lot_warehousestorage_08_empty	Buildings Catalogue Curated\Muldraugh\Industrial\lot_warehousestorage_08_empty.tbx
INDUSTRIAL	industrial	XL	43	40	1720	1.07	N	warehousestorage	1		warehousestorage	Valley Station	lot_warehousestorage_06	Buildings Catalogue Curated\Valley Station\Industrial\lot_warehousestorage_06.tbx
INDUSTRIAL	industrial	L	40	40	1600	1.0	W	garagestorage	1		garagestorage	West Point	lot_garagestorage_06	Buildings Catalogue Curated\West Point\Industrial\lot_garagestorage_06.tbx
INDUSTRIAL	industrial	L	39	39	1521	1.0	N	construction	2		constructionfactory	Muldraugh	lot_construction_01_factory	Buildings Catalogue Curated\Muldraugh\Industrial\lot_construction_01_factory.tbx
INDUSTRIAL	industrial	L	39	39	1521	1.0	N	construction	2		constructionfactory	Muldraugh	lot_construction_02_factory	Buildings Catalogue Curated\Muldraugh\Industrial\lot_construction_02_factory.tbx
INDUSTRIAL	industrial	L	39	39	1521	1.0	N	construction	2	Buildings Catalogue Curated\Muldraugh\Industrial\lot_construction_01_factory.tbx	constructionfactory	Riverwood	lot_construction_01_factory	Buildings Catalogue Curated\Riverwood\Industrial\lot_construction_01_factory.tbx
INDUSTRIAL	industrial	L	39	39	1521	1.0	N	construction	2	Buildings Catalogue Curated\Muldraugh\Industrial\lot_construction_02_factory.tbx	constructionfactory	Riverwood	lot_construction_02_factory	Buildings Catalogue Curated\Riverwood\Industrial\lot_construction_02_factory.tbx
INDUSTRIAL	industrial	L	38	40	1520	1.05	W	garagestorage	1		garagestorage	Muldraugh	lot_garagestorage_08	Buildings Catalogue Curated\Muldraugh\Industrial\lot_garagestorage_08.tbx
INDUSTRIAL	industrial	XL	20	60	1200	3.0	W	trainyard	2		trainyarddieselshop	Muldraugh	lot_trainyard_07_dieselshop	Buildings Catalogue Curated\Muldraugh\Industrial\lot_trainyard_07_dieselshop.tbx
INDUSTRIAL	industrial	XL	20	60	1200	3.0	W	trainyard	1		trainyardcoveredrepair	Muldraugh	lot_trainyard_08_coveredrepair	Buildings Catalogue Curated\Muldraugh\Industrial\lot_trainyard_08_coveredrepair.tbx
INDUSTRIAL	industrial	XL	20	60	1200	3.0	W	trainyard	1		trainyardcoveredrepair	Muldraugh	lot_trainyard_11_coveredrepair	Buildings Catalogue Curated\Muldraugh\Industrial\lot_trainyard_11_coveredrepair.tbx
INDUSTRIAL	industrial	XL	20	60	1200	3.0	W	trainyard	1		trainyardcoveredrepair	Valley Station	lot_trainyard_07_coveredrepair	Buildings Catalogue Curated\Valley Station\Industrial\lot_trainyard_07_coveredrepair.tbx
INDUSTRIAL	industrial	XL	20	60	1200	3.0	W	trainyard	2	Buildings Catalogue Curated\Muldraugh\Industrial\lot_trainyard_07_dieselshop.tbx	trainyarddieselshop	Valley Station	lot_trainyard_07_dieselshop	Buildings Catalogue Curated\Valley Station\Industrial\lot_trainyard_07_dieselshop.tbx
INDUSTRIAL	industrial	L	32	32	1024	1.0	E	factory	1		factorygenericwarehou	Muldraugh	lot_factory_06_genericwarehouse	Buildings Catalogue Curated\Muldraugh\Industrial\lot_factory_06_genericwarehouse.tbx
INDUSTRIAL	industrial	XL	24	42	1008	1.75	W		1		shipyard	Loose	shipyard	Misc Industry\shipyard.tbx
INDUSTRIAL	industrial	XL	20	46	920	2.3	W	trainyard	1		trainyardoffic	Muldraugh	lot_trainyard_09_office	Buildings Catalogue Curated\Muldraugh\Industrial\lot_trainyard_09_office.tbx
INDUSTRIAL	industrial	L	31	27	837	1.15	S	garagestorage	1		garagestorage	Muldraugh	lot_garagestorage_01	Buildings Catalogue Curated\Muldraugh\Industrial\lot_garagestorage_01.tbx
INDUSTRIAL	industrial	L	30	24	720	1.25	E		1		buildingunderconstructio	Loose	Building under construction	Construction\Building under construction.tbx
INDUSTRIAL	industrial	L	26	26	676	1.0	E	trainyard	1		trainyard	Muldraugh	lot_trainyard_01	Buildings Catalogue Curated\Muldraugh\Industrial\lot_trainyard_01.tbx
INDUSTRIAL	industrial	L	26	26	676	1.0	E	trainyard	1		trainyard	Muldraugh	lot_trainyard_03	Buildings Catalogue Curated\Muldraugh\Industrial\lot_trainyard_03.tbx
INDUSTRIAL	industrial	L	26	26	676	1.0	E	trainyard	1		trainyard	Muldraugh	lot_trainyard_06	Buildings Catalogue Curated\Muldraugh\Industrial\lot_trainyard_06.tbx
INDUSTRIAL	industrial	L	26	26	676	1.0	N	trainyard	1		trainyardstorag	Valley Station	lot_trainyard_14_storage	Buildings Catalogue Curated\Valley Station\Industrial\lot_trainyard_14_storage.tbx
INDUSTRIAL	industrial	L	26	26	676	1.0	E		1		warehouse	Loose	warehouse2	Warehouse\warehouse2.tbx
INDUSTRIAL	industrial	L	17	30	510	1.76	E	construction	1		construction	Riverwood	lot_construction_05	Buildings Catalogue Curated\Riverwood\Industrial\lot_construction_05.tbx
INDUSTRIAL	industrial	L	17	29	493	1.71	E	trainyard	1		trainyard	Muldraugh	lot_trainyard_04	Buildings Catalogue Curated\Muldraugh\Industrial\lot_trainyard_04.tbx
INDUSTRIAL	industrial	L	17	29	493	1.71	E	trainyard	1		trainyardbathroom	Muldraugh	lot_trainyard_05_bathroom	Buildings Catalogue Curated\Muldraugh\Industrial\lot_trainyard_05_bathroom.tbx
INDUSTRIAL	industrial	M	22	22	484	1.0	S	warehousestorage	1		warehousestorage	Muldraugh	lot_warehousestorage_03	Buildings Catalogue Curated\Muldraugh\Industrial\lot_warehousestorage_03.tbx
INDUSTRIAL	industrial	M	24	20	480	1.2	S		1		watertower	Loose	Watertower	Special\Watertower.tbx
INDUSTRIAL	industrial	M	21	20	420	1.05	N	warehousestorage	1		warehousestorage	Muldraugh	lot_warehousestorage_04	Buildings Catalogue Curated\Muldraugh\Industrial\lot_warehousestorage_04.tbx
INDUSTRIAL	industrial	M	21	20	420	1.05	E	warehousestorage	1		warehousestorage	Muldraugh	lot_warehousestorage_05	Buildings Catalogue Curated\Muldraugh\Industrial\lot_warehousestorage_05.tbx
INDUSTRIAL	industrial	M	21	20	420	1.05	S	warehousestorage	1		warehousestorage	Muldraugh	lot_warehousestorage_07	Buildings Catalogue Curated\Muldraugh\Industrial\lot_warehousestorage_07.tbx
INDUSTRIAL	industrial	M	20	20	400	1.0	E	trainyard	1		trainyard	Muldraugh	lot_trainyard_02	Buildings Catalogue Curated\Muldraugh\Industrial\lot_trainyard_02.tbx
INDUSTRIAL	industrial	M	20	20	400	1.0	S	trainyard	1		trainyardstorag	Muldraugh	lot_trainyard_10_storage	Buildings Catalogue Curated\Muldraugh\Industrial\lot_trainyard_10_storage.tbx
INDUSTRIAL	industrial	M	20	20	400	1.0	N		1		barnconstruction	Valley Station	lot_barn_construction_01	Buildings Catalogue Curated\Valley Station\Other\lot_barn_construction_01.tbx
INDUSTRIAL	industrial	M	20	20	400	1.0	N		1		dock	Valley Station	lot_dock_01	Buildings Catalogue Curated\Valley Station\Other\lot_dock_01.tbx
INDUSTRIAL	industrial	M	20	20	400	1.0	E		1		factory	Loose	factory	Misc Industry\factory.tbx
INDUSTRIAL	industrial	M	20	20	400	1.0	N		1		phexgarag	Loose	Phex-garages	Warehouse\Phex-garages.tbx
INDUSTRIAL	industrial	M	20	20	400	1.0	N		1		warehouse	Loose	warehouse1	Warehouse\warehouse1.tbx
INDUSTRIAL	industrial	M	18	18	324	1.0	S		1		storage	Loose	storage1	Warehouse\storage1.tbx
INDUSTRIAL	industrial	M	18	18	324	1.0	N		1		storage	Loose	storage2	Warehouse\storage2.tbx
INDUSTRIAL	industrial	M	18	18	324	1.0	N		1		storage	Loose	storage3	Warehouse\storage3.tbx
INDUSTRIAL	industrial	M	18	17	306	1.06	N		1		construction	Loose	construction2	Construction\construction2.tbx
INDUSTRIAL	industrial	M	11	23	253	2.09	E		1		warehouse	Loose	warehouse3	Warehouse\warehouse3.tbx
INDUSTRIAL	industrial	M	16	14	224	1.14	N		1		construction	Loose	construction1	Construction\construction1.tbx
INDUSTRIAL	industrial	S	14	14	196	1.0	S	warehousestorage	1		warehousestorage	Muldraugh	lot_warehousestorage_01	Buildings Catalogue Curated\Muldraugh\Industrial\lot_warehousestorage_01.tbx
INDUSTRIAL	industrial	S	12	12	144	1.0	E	security	1		securitysmall	Muldraugh	lot_security_03_small	Buildings Catalogue Curated\Muldraugh\Industrial\lot_security_03_small.tbx
INDUSTRIAL	industrial	M	20	6	120	3.33	N		1		crane	Loose	crane1	Misc Industry\crane1.tbx
INDUSTRIAL	industrial	S	10	10	100	1.0	N	security	1		securitysmall	Muldraugh	lot_security_01_small	Buildings Catalogue Curated\Muldraugh\Industrial\lot_security_01_small.tbx
INDUSTRIAL	industrial	S	10	10	100	1.0	E	security	1		securitysmall	Muldraugh	lot_security_02_small	Buildings Catalogue Curated\Muldraugh\Industrial\lot_security_02_small.tbx
INDUSTRIAL	industrial	S	8	11	88	1.38	E		1		wreckingyardoffic	Valley Station	lot_wreckingyard_01_office	Buildings Catalogue Curated\Valley Station\Other\lot_wreckingyard_01_office.tbx
INDUSTRIAL	industrial	S	12	7	84	1.71	N	trainyard	1		trainyardstoragesmall	Valley Station	lot_trainyard_12_storagesmall	Buildings Catalogue Curated\Valley Station\Industrial\lot_trainyard_12_storagesmall.tbx
INDUSTRIAL	industrial	S	5	11	55	2.2	E		1		industrial	Loose	Industrial 1	Misc Industry\Industrial 1.tbx
INDUSTRIAL	industrial	XS	6	6	36	1.0	W	garagestorage	1		garagestorage	Muldraugh	lot_garagestorage_02	Buildings Catalogue Curated\Muldraugh\Other\lot_garagestorage_02.tbx
INDUSTRIAL	industrial	XS	4	7	28	1.75	W		1		constructiontrailer	Loose	construction_trailer1	Construction\construction_trailer1.tbx
INDUSTRIAL	industrial	XS	2	2	4	1.0	E	security	1		securitysmall	Valley Station	lot_security_05_small	Buildings Catalogue Curated\Valley Station\Industrial\lot_security_05_small.tbx
INDUSTRIAL	site_office	M	17	17	289	1.0	S		2		traileroffices	Muldraugh	lot_traileroffice_S_01	Buildings Catalogue Curated\Muldraugh\Residential\lot_traileroffice_S_01.tbx
INDUSTRIAL	site_office	M	17	17	289	1.0	S		2	Buildings Catalogue Curated\Muldraugh\Residential\lot_traileroffice_S_01.tbx	traileroffices	Rosewood	lot_traileroffice_S_01	Buildings Catalogue Curated\Rosewood\Other\lot_traileroffice_S_01.tbx
INDUSTRIAL	site_office	S	14	14	196	1.0	E	portacabin	4		portacabin	Muldraugh	lot_portacabin_01	Buildings Catalogue Curated\Muldraugh\Other\lot_portacabin_01.tbx
INDUSTRIAL	site_office	S	14	14	196	1.0	S	portacabin	2		portacabinofficebreak	Muldraugh	lot_portacabin_04_office&break	Buildings Catalogue Curated\Muldraugh\Other\lot_portacabin_04_office&break.tbx
INDUSTRIAL	site_office	S	14	14	196	1.0	E	portacabin	2		portacabin	Muldraugh	lot_portacabin_05	Buildings Catalogue Curated\Muldraugh\Other\lot_portacabin_05.tbx
INDUSTRIAL	site_office	S	14	14	196	1.0	E	portacabin	2		portacabinbreak	Muldraugh	lot_portacabin_06_break	Buildings Catalogue Curated\Muldraugh\Other\lot_portacabin_06_break.tbx
INDUSTRIAL	site_office	S	14	14	196	1.0	E	portacabin	4	Buildings Catalogue Curated\Muldraugh\Other\lot_portacabin_01.tbx	portacabin	Riverwood	lot_portacabin_01	Buildings Catalogue Curated\Riverwood\Other\lot_portacabin_01.tbx
INDUSTRIAL	site_office	S	14	14	196	1.0	E	portacabin	4	Buildings Catalogue Curated\Muldraugh\Other\lot_portacabin_01.tbx	portacabin	Valley Station	lot_portacabin_01	Buildings Catalogue Curated\Valley Station\Other\lot_portacabin_01.tbx
INDUSTRIAL	site_office	S	14	14	196	1.0	S	portacabin	2	Buildings Catalogue Curated\Muldraugh\Other\lot_portacabin_04_office&break.tbx	portacabinofficebreak	Valley Station	lot_portacabin_04_office&break	Buildings Catalogue Curated\Valley Station\Other\lot_portacabin_04_office&break.tbx
INDUSTRIAL	site_office	S	14	14	196	1.0	E	portacabin	2	Buildings Catalogue Curated\Muldraugh\Other\lot_portacabin_05.tbx	portacabin	Valley Station	lot_portacabin_05	Buildings Catalogue Curated\Valley Station\Other\lot_portacabin_05.tbx
INDUSTRIAL	site_office	S	14	14	196	1.0	E	portacabin	2	Buildings Catalogue Curated\Muldraugh\Other\lot_portacabin_06_break.tbx	portacabinbreak	Valley Station	lot_portacabin_06_break	Buildings Catalogue Curated\Valley Station\Other\lot_portacabin_06_break.tbx
INDUSTRIAL	site_office	S	14	14	196	1.0	E	portacabin	4	Buildings Catalogue Curated\Muldraugh\Other\lot_portacabin_01.tbx	portacabin	West Point	lot_portacabin_01	Buildings Catalogue Curated\West Point\Other\lot_portacabin_01.tbx
CIVIC	education	XL	50	50	2500	1.0	N		1		school	Loose	School_02	Education\School_02.tbx
CIVIC	education	XL	40	41	1640	1.02	S		1		school	Loose	school_01	Education\school_01.tbx
CIVIC	education	L	37	38	1406	1.03	W		1		ballbkschool	Loose	Ball-bkschool	Education\Ball-bkschool.tbx
CIVIC	education	M	10	23	230	2.3	E		1		kindergarten	Loose	kindergarten1	Education\kindergarten1.tbx
CIVIC	education	M	19	11	209	1.73	E		1		adulteducation	Loose	adult_education1	Education\adult_education1.tbx
CIVIC	education	M	11	15	165	1.36	W		1		drivingschool	Loose	driving_school1	Education\driving_school1.tbx
CIVIC	education	M	20	8	160	2.5	N		1		ballbkschoolprefab	Loose	Ball-bkschoolprefab	Education\Ball-bkschoolprefab.tbx
CIVIC	fire	L	30	30	900	1.0	S		1		armafirestatio	Loose	arma_2_fire_station	Fire\arma_2_fire_station.tbx
CIVIC	fire	L	31	20	620	1.55	S		1		firestatio	Loose	fire station	Fire\fire station.tbx
CIVIC	fire	M	21	11	231	1.91	S		1		firestation	Loose	Fire Station 1	Fire\Fire Station 1.tbx
CIVIC	government	XXL	54	80	4320	1.48	E		1		governmentsecret	Other	lot_government_06_secret	Buildings Catalogue Curated\Other\Community Services\lot_government_06_secret.tbx
CIVIC	government	L	30	40	1200	1.33	E		1		wholabsflgovernment	Loose	WHO_Labs_2FL_Government	Special\WHO_Labs_2FL_Government.tbx
CIVIC	police	XXL	80	50	4000	1.6	S		1		bigpolicestation	Loose	Big_Police_Station_01	Police\Big_Police_Station_01.tbx
CIVIC	police	L	29	37	1073	1.28	E		1		bigpolicestation	Loose	Big_Police_Station_02	Police\Big_Police_Station_02.tbx
CIVIC	police	L	27	25	675	1.08	N		1		smallpolicestatio	Loose	Small_Police_Station	Police\Small_Police_Station.tbx
CIVIC	police	L	25	25	625	1.0	N	police	1		policesmall	Muldraugh	lot_police_01_small	Buildings Catalogue Curated\Muldraugh\Community Services\lot_police_01_small.tbx
CIVIC	police	L	30	20	600	1.5	S		1		policehq	Loose	police HQ	Police\police HQ.tbx
CIVIC	police	M	20	20	400	1.0	N		1		policestation	Loose	police station 2	Police\police station 2.tbx
CIVIC	police	M	19	17	323	1.12	S	police	1		policesmallto	Riverwood	lot_police_05_smalltown	Buildings Catalogue Curated\Riverwood\Community Services\lot_police_05_smalltown.tbx
CIVIC	police	M	16	19	304	1.19	E	police	1		policesmallto	Dixie	lot_police_04_smalltown	Buildings Catalogue Curated\Dixie\Community Services\lot_police_04_smalltown.tbx
CIVIC	police	M	20	15	300	1.33	S		1		sheriffdepartmentlat	Loose	Sheriff_Department_Late	Police\Sheriff_Department_Late.tbx
CIVIC	police	M	20	14	280	1.43	N		1		chinotaukupoliceofficehousen	Loose	chinotauku-PoliceOfficeHouse_N_001	Police\chinotauku-PoliceOfficeHouse_N_001.tbx
CIVIC	religion	XL	41	34	1394	1.21	S	church	1		churchwestpointrural	Valley Station	lot_church_05_westpointrural	Buildings Catalogue Curated\Valley Station\Community Services\lot_church_05_westpointrural.tbx
CIVIC	religion	XL	33	42	1386	1.27	E		1		ballbkchurch	Loose	Ball-bkchurch	Religon\Ball-bkchurch.tbx
CIVIC	religion	M	23	15	345	1.53	E		1		churchlarge	Loose	churchlarge1	Religon\churchlarge1.tbx
CIVIC	religion	M	14	22	308	1.57	S		1		iglesiaabandonada	Loose	Iglesia abandonada	Religon\Iglesia abandonada.tbx
CIVIC	religion	M	20	15	300	1.33	E		1		lostchurch	Loose	Lost Church	Religon\Lost Church.tbx
CIVIC	religion	M	14	18	252	1.29	S	church	1		churchhou	Rosewood	lot_church_11_house	Buildings Catalogue Curated\Rosewood\Community Services\lot_church_11_house.tbx
CIVIC	religion	S	13	13	169	1.0	E	church	1		churchmuldraugh	Muldraugh	lot_church_04_muldraugh	Buildings Catalogue Curated\Muldraugh\Community Services\lot_church_04_muldraugh.tbx
CIVIC	religion	S	13	13	169	1.0	E	church	1		churchchapel	Riverwood	lot_church_14_chapel	Buildings Catalogue Curated\Riverwood\Community Services\lot_church_14_chapel.tbx
CIVIC	religion	M	9	17	153	1.89	S		1		churchlarge	Loose	churchlarge2	Religon\churchlarge2.tbx
CIVIC	religion	XS	3	3	9	1.0	E		1		ballchurchshed	Loose	Ball-churchshed	Religon\Ball-churchshed.tbx
CIVIC	transport	L	37	20	740	1.85	S	restarea	1		restareabathroom	Rosewood	lot_restarea_03_bathrooms	Buildings Catalogue Curated\Rosewood\Community Services\lot_restarea_03_bathrooms.tbx
CIVIC	transport	L	37	20	740	1.85	N	restarea	1		restareabathroom	Valley Station	lot_restarea_02_bathrooms	Buildings Catalogue Curated\Valley Station\Community Services\lot_restarea_02_bathrooms.tbx
CIVIC	transport	L	18	33	594	1.83	E		1		trainstationabandoned	Muldraugh	lot_trainstation_01_abandoned	Buildings Catalogue Curated\Muldraugh\Industrial\lot_trainstation_01_abandoned.tbx
CIVIC	transport	M	20	20	400	1.0	E	restarea	1		restareabathroom	Muldraugh	lot_restarea_01_bathrooms	Buildings Catalogue Curated\Muldraugh\Community Services\lot_restarea_01_bathrooms.tbx
CIVIC	transport	M	18	12	216	1.5	N	restarea	1		restareabathroom	Riverwood	lot_restarea_04_bathrooms	Buildings Catalogue Curated\Riverwood\Community Services\lot_restarea_04_bathrooms.tbx
MEDICAL	medical	XXL	21	134	2814	6.38	E		1		hospital	Loose	hospital2	Hospital\hospital2.tbx
MEDICAL	medical	L	40	40	1600	1.0	W		1		hospital	Loose	hospital (2)	Hospital\hospital (2).tbx
MEDICAL	medical	L	29	29	841	1.0	W		1		pharmacy	West Point	lot_pharmacy_01	Buildings Catalogue Curated\West Point\Medical\lot_pharmacy_01.tbx
MEDICAL	medical	L	30	20	600	1.5	N		1		hospitalhug	Loose	hospital huge	Hospital\hospital huge.tbx
MEDICAL	medical	M	21	21	441	1.0	E		1		hospital	Loose	hospital	Hospital\hospital.tbx
MEDICAL	medical	L	25	17	425	1.47	S		1		hospitalsmallto	Dixie	lot_hospital_01_smalltown	Buildings Catalogue Curated\Dixie\Medical\lot_hospital_01_smalltown.tbx
MEDICAL	medical	M	20	20	400	1.0	S		1		medicaltutorial	Muldraugh	lot_medical_tutorial_01	Buildings Catalogue Curated\Muldraugh\Medical\lot_medical_tutorial_01.tbx
MEDICAL	medical	M	20	20	400	1.0	S		1		dentist	Loose	dentist	Merchandise\dentist.tbx
MEDICAL	medical	S	12	12	144	1.0	E		1		pharmacy	Loose	pharmacy	Merchandise\pharmacy.tbx
RURAL_FARM	farm	L	26	26	676	1.0	E		1		farmstoreoutsid	Dixie	lot_farmstore_02_outside	Buildings Catalogue Curated\Dixie\Industrial\lot_farmstore_02_outside.tbx
RURAL_FARM	farm	L	26	26	676	1.0	E	farm	5		farmstorage	Dixie	lot_farm_storage_01	Buildings Catalogue Curated\Dixie\Industrial\lot_farm_storage_01.tbx
RURAL_FARM	farm	L	26	26	676	1.0	N	farm	3		farmstorage	Dixie	lot_farm_storage_02	Buildings Catalogue Curated\Dixie\Industrial\lot_farm_storage_02.tbx
RURAL_FARM	farm	L	26	26	676	1.0	W	farm	4		farmstorage	Dixie	lot_farm_storage_03	Buildings Catalogue Curated\Dixie\Industrial\lot_farm_storage_03.tbx
RURAL_FARM	farm	L	26	26	676	1.0	E	farm	5	Buildings Catalogue Curated\Dixie\Industrial\lot_farm_storage_01.tbx	farmstorage	Muldraugh	lot_farm_storage_01	Buildings Catalogue Curated\Muldraugh\Industrial\lot_farm_storage_01.tbx
RURAL_FARM	farm	L	26	26	676	1.0	E	farm	5	Buildings Catalogue Curated\Dixie\Industrial\lot_farm_storage_01.tbx	farmstorage	Riverwood	lot_farm_storage_01	Buildings Catalogue Curated\Riverwood\Industrial\lot_farm_storage_01.tbx
RURAL_FARM	farm	L	26	26	676	1.0	W	farm	4	Buildings Catalogue Curated\Dixie\Industrial\lot_farm_storage_03.tbx	farmstorage	Riverwood	lot_farm_storage_03	Buildings Catalogue Curated\Riverwood\Industrial\lot_farm_storage_03.tbx
RURAL_FARM	farm	L	26	26	676	1.0	E	farm	3		farmstorage	Riverwood	lot_farm_storage_04	Buildings Catalogue Curated\Riverwood\Industrial\lot_farm_storage_04.tbx
RURAL_FARM	farm	L	26	26	676	1.0	E	farm	1		farmstorage	Riverwood	lot_farm_storage_04b	Buildings Catalogue Curated\Riverwood\Industrial\lot_farm_storage_04b.tbx
RURAL_FARM	farm	L	26	26	676	1.0	E	farm	5	Buildings Catalogue Curated\Dixie\Industrial\lot_farm_storage_01.tbx	farmstorage	Rosewood	lot_farm_storage_01	Buildings Catalogue Curated\Rosewood\Industrial\lot_farm_storage_01.tbx
RURAL_FARM	farm	L	26	26	676	1.0	N	farm	3	Buildings Catalogue Curated\Dixie\Industrial\lot_farm_storage_02.tbx	farmstorage	Rosewood	lot_farm_storage_02	Buildings Catalogue Curated\Rosewood\Industrial\lot_farm_storage_02.tbx
RURAL_FARM	farm	L	26	26	676	1.0	W	farm	4	Buildings Catalogue Curated\Dixie\Industrial\lot_farm_storage_03.tbx	farmstorage	Rosewood	lot_farm_storage_03	Buildings Catalogue Curated\Rosewood\Industrial\lot_farm_storage_03.tbx
RURAL_FARM	farm	L	26	26	676	1.0	E	farm	3	Buildings Catalogue Curated\Riverwood\Industrial\lot_farm_storage_04.tbx	farmstorage	Rosewood	lot_farm_storage_04	Buildings Catalogue Curated\Rosewood\Industrial\lot_farm_storage_04.tbx
RURAL_FARM	farm	L	26	26	676	1.0	W	farm	4	Buildings Catalogue Curated\Dixie\Industrial\lot_farm_storage_03.tbx	farmstorage	Valley Station	lot_farm_storage_03	Buildings Catalogue Curated\Valley Station\Industrial\lot_farm_storage_03.tbx
RURAL_FARM	farm	L	26	26	676	1.0	E	farm	5	Buildings Catalogue Curated\Dixie\Industrial\lot_farm_storage_01.tbx	farmstorage	West Point	lot_farm_storage_01	Buildings Catalogue Curated\West Point\Industrial\lot_farm_storage_01.tbx
RURAL_FARM	farm	L	26	26	676	1.0	N	farm	3	Buildings Catalogue Curated\Dixie\Industrial\lot_farm_storage_02.tbx	farmstorage	West Point	lot_farm_storage_02	Buildings Catalogue Curated\West Point\Industrial\lot_farm_storage_02.tbx
RURAL_FARM	farm	L	26	26	676	1.0	E	farm	3	Buildings Catalogue Curated\Riverwood\Industrial\lot_farm_storage_04.tbx	farmstorage	West Point	lot_farm_storage_04	Buildings Catalogue Curated\West Point\Industrial\lot_farm_storage_04.tbx
RURAL_FARM	farm	L	20	32	640	1.6	S	farm	2		farmstoragemetalbar	Dixie	lot_farm_storage_06_metalbarn	Buildings Catalogue Curated\Dixie\Industrial\lot_farm_storage_06_metalbarn.tbx
RURAL_FARM	farm	L	20	32	640	1.6	S	farm	3		farmstoragemetalbar	Dixie	lot_farm_storage_06_metalbarn_empty	Buildings Catalogue Curated\Dixie\Industrial\lot_farm_storage_06_metalbarn_empty.tbx
RURAL_FARM	farm	L	20	32	640	1.6	S	farm	2		farmstoragemetalbarnsmall	Dixie	lot_farm_storage_06_metalbarn_small	Buildings Catalogue Curated\Dixie\Industrial\lot_farm_storage_06_metalbarn_small.tbx
RURAL_FARM	farm	L	32	20	640	1.6	S	farm	1		farmstoragebmetalbarn	Dixie	lot_farm_storage_08b_metalbarn_E	Buildings Catalogue Curated\Dixie\Industrial\lot_farm_storage_08b_metalbarn_E.tbx
RURAL_FARM	farm	L	32	20	640	1.6	S	farm	2		farmstoragemetalbarn	Dixie	lot_farm_storage_08_metalbarn_E	Buildings Catalogue Curated\Dixie\Industrial\lot_farm_storage_08_metalbarn_E.tbx
RURAL_FARM	farm	L	20	32	640	1.6	S	farm	2	Buildings Catalogue Curated\Dixie\Industrial\lot_farm_storage_06_metalbarn.tbx	farmstoragemetalbar	Rosewood	lot_farm_storage_06_metalbarn	Buildings Catalogue Curated\Rosewood\Industrial\lot_farm_storage_06_metalbarn.tbx
RURAL_FARM	farm	L	20	32	640	1.6	S	farm	3	Buildings Catalogue Curated\Dixie\Industrial\lot_farm_storage_06_metalbarn_empty.tbx	farmstoragemetalbar	Rosewood	lot_farm_storage_06_metalbarn_empty	Buildings Catalogue Curated\Rosewood\Industrial\lot_farm_storage_06_metalbarn_empty.tbx
RURAL_FARM	farm	L	20	32	640	1.6	S	farm	2	Buildings Catalogue Curated\Dixie\Industrial\lot_farm_storage_06_metalbarn_small.tbx	farmstoragemetalbarnsmall	Rosewood	lot_farm_storage_06_metalbarn_small	Buildings Catalogue Curated\Rosewood\Industrial\lot_farm_storage_06_metalbarn_small.tbx
RURAL_FARM	farm	L	20	32	640	1.6	S	farm	3	Buildings Catalogue Curated\Dixie\Industrial\lot_farm_storage_06_metalbarn_empty.tbx	farmstoragemetalbar	West Point	lot_farm_storage_06_metalbarn_empty	Buildings Catalogue Curated\West Point\Industrial\lot_farm_storage_06_metalbarn_empty.tbx
RURAL_FARM	farm	L	32	20	640	1.6	S	farm	2	Buildings Catalogue Curated\Dixie\Industrial\lot_farm_storage_08_metalbarn_E.tbx	farmstoragemetalbarn	West Point	lot_farm_storage_08_metalbarn_E	Buildings Catalogue Curated\West Point\Industrial\lot_farm_storage_08_metalbarn_E.tbx
RURAL_FARM	farm	L	20	31	620	1.55	E	farmhousing	1		farmhousingfaciliti	Dixie	lot_farmhousing_03_facilities	Buildings Catalogue Curated\Dixie\Residential\lot_farmhousing_03_facilities.tbx
RURAL_FARM	farm	L	21	29	609	1.38	E		1		farmstoresmallto	Dixie	lot_farmstore_01_smalltown	Buildings Catalogue Curated\Dixie\Retail and Commercial\lot_farmstore_01_smalltown.tbx
RURAL_FARM	farm	L	28	20	560	1.4	S	farmhousing	2		farmhousing	Dixie	lot_farmhousing_01	Buildings Catalogue Curated\Dixie\Residential\lot_farmhousing_01.tbx
RURAL_FARM	farm	L	28	20	560	1.4	S	farmhousing	2		farmhousing	Dixie	lot_farmhousing_02	Buildings Catalogue Curated\Dixie\Residential\lot_farmhousing_02.tbx
RURAL_FARM	farm	L	28	20	560	1.4	S	farmhousing	2	Buildings Catalogue Curated\Dixie\Residential\lot_farmhousing_01.tbx	farmhousing	Rosewood	lot_farmhousing_01	Buildings Catalogue Curated\Rosewood\Residential\lot_farmhousing_01.tbx
RURAL_FARM	farm	L	28	20	560	1.4	S	farmhousing	2	Buildings Catalogue Curated\Dixie\Residential\lot_farmhousing_02.tbx	farmhousing	Rosewood	lot_farmhousing_02	Buildings Catalogue Curated\Rosewood\Residential\lot_farmhousing_02.tbx
RURAL_FARM	farm	M	22	20	440	1.1	S		1		groceryfarmstor	Rosewood	lot_grocery_09_farmstore	Buildings Catalogue Curated\Rosewood\Retail and Commercial\lot_grocery_09_farmstore.tbx
RURAL_FARM	farm	M	20	20	400	1.0	S	barn	4		barn	Dixie	lot_barn_02	Buildings Catalogue Curated\Dixie\Other\lot_barn_02.tbx
RURAL_FARM	farm	M	20	20	400	1.0	N	stables	2		stables	Dixie	lot_stables_01	Buildings Catalogue Curated\Dixie\Other\lot_stables_01.tbx
RURAL_FARM	farm	M	20	20	400	1.0	E	stables	1		stablesponyroamo	Dixie	lot_stables_02_ponyroamo	Buildings Catalogue Curated\Dixie\Other\lot_stables_02_ponyroamo.tbx
RURAL_FARM	farm	M	20	20	400	1.0	S	stables	1		stables	Dixie	lot_stables_06	Buildings Catalogue Curated\Dixie\Other\lot_stables_06.tbx
RURAL_FARM	farm	M	20	20	400	1.0	S	stables	1		stables	Dixie	lot_stables_07	Buildings Catalogue Curated\Dixie\Other\lot_stables_07.tbx
RURAL_FARM	farm	M	20	20	400	1.0	S	barn	3		barn	Muldraugh	lot_barn_01	Buildings Catalogue Curated\Muldraugh\Other\lot_barn_01.tbx
RURAL_FARM	farm	M	20	20	400	1.0	S	barn	3	Buildings Catalogue Curated\Muldraugh\Other\lot_barn_01.tbx	barn	Riverwood	lot_barn_01	Buildings Catalogue Curated\Riverwood\Other\lot_barn_01.tbx
RURAL_FARM	farm	M	20	20	400	1.0	S	barn	4	Buildings Catalogue Curated\Dixie\Other\lot_barn_02.tbx	barn	Riverwood	lot_barn_02	Buildings Catalogue Curated\Riverwood\Other\lot_barn_02.tbx
RURAL_FARM	farm	M	20	20	400	1.0	W	barn	1		barn	Riverwood	lot_barn_03	Buildings Catalogue Curated\Riverwood\Other\lot_barn_03.tbx
RURAL_FARM	farm	M	20	20	400	1.0	S	barn	3	Buildings Catalogue Curated\Muldraugh\Other\lot_barn_01.tbx	barn	Rosewood	lot_barn_01	Buildings Catalogue Curated\Rosewood\Other\lot_barn_01.tbx
RURAL_FARM	farm	M	20	20	400	1.0	S	barn	4	Buildings Catalogue Curated\Dixie\Other\lot_barn_02.tbx	barn	Rosewood	lot_barn_02	Buildings Catalogue Curated\Rosewood\Other\lot_barn_02.tbx
RURAL_FARM	farm	M	20	20	400	1.0	S	stables	2		stables	Rosewood	lot_stables_03	Buildings Catalogue Curated\Rosewood\Other\lot_stables_03.tbx
RURAL_FARM	farm	M	20	20	400	1.0	S	stables	2		stables	Rosewood	lot_stables_04	Buildings Catalogue Curated\Rosewood\Other\lot_stables_04.tbx
RURAL_FARM	farm	M	20	20	400	1.0	E		1		greenhouse	Valley Station	lot_greenhouse_01	Buildings Catalogue Curated\Valley Station\Industrial\lot_greenhouse_01.tbx
RURAL_FARM	farm	M	20	20	400	1.0	S	barn	1		barn	Valley Station	lot_barn_04	Buildings Catalogue Curated\Valley Station\Other\lot_barn_04.tbx
RURAL_FARM	farm	M	20	20	400	1.0	N	stables	2	Buildings Catalogue Curated\Dixie\Other\lot_stables_01.tbx	stables	Valley Station	lot_stables_01	Buildings Catalogue Curated\Valley Station\Other\lot_stables_01.tbx
RURAL_FARM	farm	M	20	20	400	1.0	S	stables	2	Buildings Catalogue Curated\Rosewood\Other\lot_stables_03.tbx	stables	Valley Station	lot_stables_03	Buildings Catalogue Curated\Valley Station\Other\lot_stables_03.tbx
RURAL_FARM	farm	M	20	20	400	1.0	S	stables	2	Buildings Catalogue Curated\Rosewood\Other\lot_stables_04.tbx	stables	Valley Station	lot_stables_04	Buildings Catalogue Curated\Valley Station\Other\lot_stables_04.tbx
RURAL_FARM	farm	M	20	20	400	1.0	S	barn	4	Buildings Catalogue Curated\Dixie\Other\lot_barn_02.tbx	barn	West Point	lot_barn_02	Buildings Catalogue Curated\West Point\Other\lot_barn_02.tbx
RURAL_FARM	farm	L	11	33	363	3.0	E	barn	1		barnhor	Riverwood	lot_barn_horse	Buildings Catalogue Curated\Riverwood\Other\lot_barn_horse.tbx
RURAL_FARM	farm	M	16	18	288	1.12	S	barn	2		barn	Riverwood	lot_barn_05_empty	Buildings Catalogue Curated\Riverwood\Other\lot_barn_05_empty.tbx
RURAL_FARM	farm	M	16	18	288	1.12	S	barn	2	Buildings Catalogue Curated\Riverwood\Other\lot_barn_05_empty.tbx	barn	West Point	lot_barn_05_empty	Buildings Catalogue Curated\West Point\Other\lot_barn_05_empty.tbx
RURAL_FARM	farm	M	12	20	240	1.67	E	stables	1		stablesponyroamo	Dixie	lot_stables_05_ponyroamo	Buildings Catalogue Curated\Dixie\Other\lot_stables_05_ponyroamo.tbx
RURAL_FARM	farm	S	11	12	132	1.09	N	barn	1		barncoop	West Point	lot_barn_06_coop	Buildings Catalogue Curated\West Point\Other\lot_barn_06_coop.tbx
RURAL_FARM	farm	S	10	10	100	1.0	E	chickencoop	4		chickencoop	Dixie	lot_chickencoop_02	Buildings Catalogue Curated\Dixie\Other\lot_chickencoop_02.tbx
RURAL_FARM	farm	S	10	10	100	1.0	S	chickencoop	2		chickencooppigsty	Dixie	lot_chickencoop_03_pigsty	Buildings Catalogue Curated\Dixie\Other\lot_chickencoop_03_pigsty.tbx
RURAL_FARM	farm	S	10	10	100	1.0	E	chickencoop	4	Buildings Catalogue Curated\Dixie\Other\lot_chickencoop_02.tbx	chickencoop	Muldraugh	lot_chickencoop_02	Buildings Catalogue Curated\Muldraugh\Other\lot_chickencoop_02.tbx
RURAL_FARM	farm	S	10	10	100	1.0	E	chickencoop	4	Buildings Catalogue Curated\Dixie\Other\lot_chickencoop_02.tbx	chickencoop	Riverwood	lot_chickencoop_02	Buildings Catalogue Curated\Riverwood\Other\lot_chickencoop_02.tbx
RURAL_FARM	farm	S	10	10	100	1.0	S	chickencoop	2		chickencoop	Riverwood	lot_chickencoop_04	Buildings Catalogue Curated\Riverwood\Other\lot_chickencoop_04.tbx
RURAL_FARM	farm	S	10	10	100	1.0	S	chickencoop	3		chickencoop	Rosewood	lot_chickencoop_01	Buildings Catalogue Curated\Rosewood\Other\lot_chickencoop_01.tbx
RURAL_FARM	farm	S	10	10	100	1.0	S	chickencoop	3	Buildings Catalogue Curated\Rosewood\Other\lot_chickencoop_01.tbx	chickencoop	Valley Station	lot_chickencoop_01	Buildings Catalogue Curated\Valley Station\Other\lot_chickencoop_01.tbx
RURAL_FARM	farm	S	10	10	100	1.0	E	chickencoop	4	Buildings Catalogue Curated\Dixie\Other\lot_chickencoop_02.tbx	chickencoop	Valley Station	lot_chickencoop_02	Buildings Catalogue Curated\Valley Station\Other\lot_chickencoop_02.tbx
RURAL_FARM	farm	S	10	10	100	1.0	S	chickencoop	2	Buildings Catalogue Curated\Dixie\Other\lot_chickencoop_03_pigsty.tbx	chickencooppigsty	Valley Station	lot_chickencoop_03_pigsty	Buildings Catalogue Curated\Valley Station\Other\lot_chickencoop_03_pigsty.tbx
RURAL_FARM	farm	S	10	10	100	1.0	S	chickencoop	3	Buildings Catalogue Curated\Rosewood\Other\lot_chickencoop_01.tbx	chickencoop	West Point	lot_chickencoop_01	Buildings Catalogue Curated\West Point\Other\lot_chickencoop_01.tbx
RURAL_FARM	farm	S	10	10	100	1.0	S	chickencoop	2	Buildings Catalogue Curated\Riverwood\Other\lot_chickencoop_04.tbx	chickencoop	West Point	lot_chickencoop_04	Buildings Catalogue Curated\West Point\Other\lot_chickencoop_04.tbx
MILITARY	base_housing	XXL	78	57	4446	1.37	S	military	1		militaryapartments	March Ridge	lot_military_apartments_01	Buildings Catalogue Curated\March Ridge\Residential\lot_military_apartments_01.tbx
MILITARY	base_housing	XL	42	17	714	2.47	S	military	1		militarytownhouses	March Ridge	lot_military_townhouse_01_S_01	Buildings Catalogue Curated\March Ridge\Residential\lot_military_townhouse_01_S_01.tbx
MILITARY	base_housing	XL	16	42	672	2.62	E	military	1		militarytownhousee	March Ridge	lot_military_townhouse_01_E_01	Buildings Catalogue Curated\March Ridge\Residential\lot_military_townhouse_01_E_01.tbx
MILITARY	base_housing	XL	42	16	672	2.62	N	military	1		militarytownhousen	March Ridge	lot_military_townhouse_01_N_01	Buildings Catalogue Curated\March Ridge\Residential\lot_military_townhouse_01_N_01.tbx
MILITARY	base_housing	M	17	13	221	1.31	W	military	2		militaryhousew	Dixie	lot_military_house_01_W_02b	Buildings Catalogue Curated\Dixie\Residential\lot_military_house_01_W_02b.tbx
MILITARY	base_housing	M	17	13	221	1.31	W	military	2		militaryhousew	Dixie	lot_military_house_01_W_02c	Buildings Catalogue Curated\Dixie\Residential\lot_military_house_01_W_02c.tbx
MILITARY	base_housing	M	17	13	221	1.31	E	military	1		militaryhousee	March Ridge	lot_military_house_01_E_01	Buildings Catalogue Curated\March Ridge\Residential\lot_military_house_01_E_01.tbx
MILITARY	base_housing	M	17	13	221	1.31	E	military	1		militaryhousee	March Ridge	lot_military_house_01_E_01b	Buildings Catalogue Curated\March Ridge\Residential\lot_military_house_01_E_01b.tbx
MILITARY	base_housing	M	17	13	221	1.31	E	military	1		militaryhousee	March Ridge	lot_military_house_01_E_01c	Buildings Catalogue Curated\March Ridge\Residential\lot_military_house_01_E_01c.tbx
MILITARY	base_housing	M	17	13	221	1.31	E	military	1		militaryhousee	March Ridge	lot_military_house_01_E_01x	Buildings Catalogue Curated\March Ridge\Residential\lot_military_house_01_E_01x.tbx
MILITARY	base_housing	M	17	13	221	1.31	E	military	1		militaryhousee	March Ridge	lot_military_house_01_E_01y	Buildings Catalogue Curated\March Ridge\Residential\lot_military_house_01_E_01y.tbx
MILITARY	base_housing	M	17	13	221	1.31	E	military	1		militaryhousee	March Ridge	lot_military_house_01_E_02	Buildings Catalogue Curated\March Ridge\Residential\lot_military_house_01_E_02.tbx
MILITARY	base_housing	M	17	13	221	1.31	E	military	1		militaryhousee	March Ridge	lot_military_house_01_E_02b	Buildings Catalogue Curated\March Ridge\Residential\lot_military_house_01_E_02b.tbx
MILITARY	base_housing	M	17	13	221	1.31	E	military	1		militaryhousee	March Ridge	lot_military_house_01_E_02c	Buildings Catalogue Curated\March Ridge\Residential\lot_military_house_01_E_02c.tbx
MILITARY	base_housing	M	17	13	221	1.31	E	military	1		militaryhousee	March Ridge	lot_military_house_01_E_02x	Buildings Catalogue Curated\March Ridge\Residential\lot_military_house_01_E_02x.tbx
MILITARY	base_housing	M	17	13	221	1.31	E	military	1		militaryhousee	March Ridge	lot_military_house_01_E_02y	Buildings Catalogue Curated\March Ridge\Residential\lot_military_house_01_E_02y.tbx
MILITARY	base_housing	M	13	17	221	1.31	N	military	2		militaryhousen	March Ridge	lot_military_house_01_N_01	Buildings Catalogue Curated\March Ridge\Residential\lot_military_house_01_N_01.tbx
MILITARY	base_housing	M	13	17	221	1.31	N	military	1		militaryhousen	March Ridge	lot_military_house_01_N_01b	Buildings Catalogue Curated\March Ridge\Residential\lot_military_house_01_N_01b.tbx
MILITARY	base_housing	M	13	17	221	1.31	N	military	1		militaryhousen	March Ridge	lot_military_house_01_N_01c	Buildings Catalogue Curated\March Ridge\Residential\lot_military_house_01_N_01c.tbx
MILITARY	base_housing	M	13	17	221	1.31	N	military	1		militaryhousen	March Ridge	lot_military_house_01_N_01x	Buildings Catalogue Curated\March Ridge\Residential\lot_military_house_01_N_01x.tbx
MILITARY	base_housing	M	13	17	221	1.31	N	military	1		militaryhousen	March Ridge	lot_military_house_01_N_01y	Buildings Catalogue Curated\March Ridge\Residential\lot_military_house_01_N_01y.tbx
MILITARY	base_housing	M	13	17	221	1.31	N	military	1		militaryhousen	March Ridge	lot_military_house_01_N_02	Buildings Catalogue Curated\March Ridge\Residential\lot_military_house_01_N_02.tbx
MILITARY	base_housing	M	13	17	221	1.31	N	military	1		militaryhousen	March Ridge	lot_military_house_01_N_02b	Buildings Catalogue Curated\March Ridge\Residential\lot_military_house_01_N_02b.tbx
MILITARY	base_housing	M	13	17	221	1.31	N	military	1		militaryhousen	March Ridge	lot_military_house_01_N_02c	Buildings Catalogue Curated\March Ridge\Residential\lot_military_house_01_N_02c.tbx
MILITARY	base_housing	M	13	17	221	1.31	N	military	1		militaryhousen	March Ridge	lot_military_house_01_N_02x	Buildings Catalogue Curated\March Ridge\Residential\lot_military_house_01_N_02x.tbx
MILITARY	base_housing	M	13	17	221	1.31	N	military	1		militaryhousen	March Ridge	lot_military_house_01_N_02y	Buildings Catalogue Curated\March Ridge\Residential\lot_military_house_01_N_02y.tbx
MILITARY	base_housing	M	13	17	221	1.31	S	military	1		militaryhouses	March Ridge	lot_military_house_01_S_01	Buildings Catalogue Curated\March Ridge\Residential\lot_military_house_01_S_01.tbx
MILITARY	base_housing	M	13	17	221	1.31	S	military	1		militaryhouses	March Ridge	lot_military_house_01_S_01b	Buildings Catalogue Curated\March Ridge\Residential\lot_military_house_01_S_01b.tbx
MILITARY	base_housing	M	13	17	221	1.31	S	military	1		militaryhouses	March Ridge	lot_military_house_01_S_01c	Buildings Catalogue Curated\March Ridge\Residential\lot_military_house_01_S_01c.tbx
MILITARY	base_housing	M	13	17	221	1.31	S	military	1		militaryhouses	March Ridge	lot_military_house_01_S_01x	Buildings Catalogue Curated\March Ridge\Residential\lot_military_house_01_S_01x.tbx
MILITARY	base_housing	M	13	17	221	1.31	S	military	2		militaryhouses	March Ridge	lot_military_house_01_S_01y	Buildings Catalogue Curated\March Ridge\Residential\lot_military_house_01_S_01y.tbx
MILITARY	base_housing	M	13	17	221	1.31	S	military	2		militaryhouses	March Ridge	lot_military_house_01_S_02	Buildings Catalogue Curated\March Ridge\Residential\lot_military_house_01_S_02.tbx
MILITARY	base_housing	M	13	17	221	1.31	S	military	1		militaryhouses	March Ridge	lot_military_house_01_S_02b	Buildings Catalogue Curated\March Ridge\Residential\lot_military_house_01_S_02b.tbx
MILITARY	base_housing	M	13	17	221	1.31	S	military	1		militaryhouses	March Ridge	lot_military_house_01_S_02c	Buildings Catalogue Curated\March Ridge\Residential\lot_military_house_01_S_02c.tbx
MILITARY	base_housing	M	13	17	221	1.31	S	military	1		militaryhouses	March Ridge	lot_military_house_01_S_02x	Buildings Catalogue Curated\March Ridge\Residential\lot_military_house_01_S_02x.tbx
MILITARY	base_housing	M	13	17	221	1.31	S	military	1		militaryhouses	March Ridge	lot_military_house_01_S_02y	Buildings Catalogue Curated\March Ridge\Residential\lot_military_house_01_S_02y.tbx
MILITARY	base_housing	M	17	13	221	1.31	W	military	2		militaryhousew	March Ridge	lot_military_house_01_W_01	Buildings Catalogue Curated\March Ridge\Residential\lot_military_house_01_W_01.tbx
MILITARY	base_housing	M	17	13	221	1.31	W	military	1		militaryhousew	March Ridge	lot_military_house_01_W_01b	Buildings Catalogue Curated\March Ridge\Residential\lot_military_house_01_W_01b.tbx
MILITARY	base_housing	M	17	13	221	1.31	W	military	1		militaryhousew	March Ridge	lot_military_house_01_W_01c	Buildings Catalogue Curated\March Ridge\Residential\lot_military_house_01_W_01c.tbx
MILITARY	base_housing	M	17	13	221	1.31	W	military	1		militaryhousew	March Ridge	lot_military_house_01_W_01x	Buildings Catalogue Curated\March Ridge\Residential\lot_military_house_01_W_01x.tbx
MILITARY	base_housing	M	17	13	221	1.31	W	military	1		militaryhousew	March Ridge	lot_military_house_01_W_01y	Buildings Catalogue Curated\March Ridge\Residential\lot_military_house_01_W_01y.tbx
MILITARY	base_housing	M	17	13	221	1.31	W	military	1		militaryhousew	March Ridge	lot_military_house_01_W_02	Buildings Catalogue Curated\March Ridge\Residential\lot_military_house_01_W_02.tbx
MILITARY	base_housing	M	17	13	221	1.31	W	military	2	Buildings Catalogue Curated\Dixie\Residential\lot_military_house_01_W_02b.tbx	militaryhousew	March Ridge	lot_military_house_01_W_02b	Buildings Catalogue Curated\March Ridge\Residential\lot_military_house_01_W_02b.tbx
MILITARY	base_housing	M	17	13	221	1.31	W	military	2	Buildings Catalogue Curated\Dixie\Residential\lot_military_house_01_W_02c.tbx	militaryhousew	March Ridge	lot_military_house_01_W_02c	Buildings Catalogue Curated\March Ridge\Residential\lot_military_house_01_W_02c.tbx
MILITARY	base_housing	M	17	13	221	1.31	W	military	1		militaryhousew	March Ridge	lot_military_house_01_W_02x	Buildings Catalogue Curated\March Ridge\Residential\lot_military_house_01_W_02x.tbx
MILITARY	base_housing	M	17	13	221	1.31	W	military	1		militaryhousew	March Ridge	lot_military_house_01_W_02y	Buildings Catalogue Curated\March Ridge\Residential\lot_military_house_01_W_02y.tbx
MILITARY	base_housing	M	13	17	221	1.31	S	military	2	Buildings Catalogue Curated\March Ridge\Residential\lot_military_house_01_S_01y.tbx	militaryhouses	Riverwood	lot_military_house_01_S_01y	Buildings Catalogue Curated\Riverwood\Residential\lot_military_house_01_S_01y.tbx
MILITARY	base_housing	M	13	17	221	1.31	S	military	2	Buildings Catalogue Curated\March Ridge\Residential\lot_military_house_01_S_02.tbx	militaryhouses	Riverwood	lot_military_house_01_S_02	Buildings Catalogue Curated\Riverwood\Residential\lot_military_house_01_S_02.tbx
MILITARY	base_housing	M	13	17	221	1.31	N	military	2	Buildings Catalogue Curated\March Ridge\Residential\lot_military_house_01_N_01.tbx	militaryhousen	Rosewood	lot_military_house_01_N_01	Buildings Catalogue Curated\Rosewood\Residential\lot_military_house_01_N_01.tbx
MILITARY	base_housing	M	17	13	221	1.31	W	military	2	Buildings Catalogue Curated\March Ridge\Residential\lot_military_house_01_W_01.tbx	militaryhousew	West Point	lot_military_house_01_W_01	Buildings Catalogue Curated\West Point\Residential\lot_military_house_01_W_01.tbx
MILITARY	base_housing	L	27	7	189	3.86	W		1		barracks	Loose	barracks E	Military\barracks E.tbx
MILITARY	base_housing	L	7	27	189	3.86	S		1		barracks	Loose	barracks S	Military\barracks S.tbx
MILITARY	base_housing	S	7	12	84	1.71	E	military	1		militarytentbarracks	Valley Station	lot_military_tent_barracks_01	Buildings Catalogue Curated\Valley Station\Other\lot_military_tent_barracks_01.tbx
MILITARY	base_housing	S	7	12	84	1.71	E	military	1		militarytentbarracks	Valley Station	lot_military_tent_barracks_02	Buildings Catalogue Curated\Valley Station\Other\lot_military_tent_barracks_02.tbx
MILITARY	base_housing	S	7	12	84	1.71	E	military	1		militarytentbarracks	Valley Station	lot_military_tent_barracks_03	Buildings Catalogue Curated\Valley Station\Other\lot_military_tent_barracks_03.tbx
MILITARY	base_housing	S	7	12	84	1.71	E	military	1		militarytentbarracks	Valley Station	lot_military_tent_barracks_04	Buildings Catalogue Curated\Valley Station\Other\lot_military_tent_barracks_04.tbx
MILITARY	base_housing	S	7	12	84	1.71	E	military	1		militarytentbarracks	Valley Station	lot_military_tent_barracks_05	Buildings Catalogue Curated\Valley Station\Other\lot_military_tent_barracks_05.tbx
MILITARY	base_housing	S	7	12	84	1.71	E	military	1		militarytentbarracks	Valley Station	lot_military_tent_barracks_06	Buildings Catalogue Curated\Valley Station\Other\lot_military_tent_barracks_06.tbx
MILITARY	base_housing	XS	7	5	35	1.4	N	military	1		militarytentbarracks	Valley Station	lot_military_tent_barracks_07	Buildings Catalogue Curated\Valley Station\Other\lot_military_tent_barracks_07.tbx
MILITARY	base_housing	XS	7	5	35	1.4	N	military	1		militarytentbarracks	Valley Station	lot_military_tent_barracks_08	Buildings Catalogue Curated\Valley Station\Other\lot_military_tent_barracks_08.tbx
MILITARY	base_housing	XS	5	7	35	1.4	E	military	1		militarytentbarracks	Valley Station	lot_military_tent_barracks_13	Buildings Catalogue Curated\Valley Station\Other\lot_military_tent_barracks_13.tbx
MILITARY	base_housing	XS	5	7	35	1.4	E	military	1		militarytentbarracks	Valley Station	lot_military_tent_barracks_14	Buildings Catalogue Curated\Valley Station\Other\lot_military_tent_barracks_14.tbx
MILITARY	base_housing	XS	5	7	35	1.4	E	military	1		militarytentbarracks	Valley Station	lot_military_tent_barracks_15	Buildings Catalogue Curated\Valley Station\Other\lot_military_tent_barracks_15.tbx
MILITARY	base_housing	XS	5	7	35	1.4	E	military	1		militarytentbarracks	Valley Station	lot_military_tent_barracks_16	Buildings Catalogue Curated\Valley Station\Other\lot_military_tent_barracks_16.tbx
MILITARY	base_housing	XS	5	7	35	1.4	E	military	1		militarytentbarracks	Valley Station	lot_military_tent_barracks_21	Buildings Catalogue Curated\Valley Station\Other\lot_military_tent_barracks_21.tbx
MILITARY	base_housing	XS	5	7	35	1.4	E	military	1		militarytentbarracks	Valley Station	lot_military_tent_barracks_22	Buildings Catalogue Curated\Valley Station\Other\lot_military_tent_barracks_22.tbx
MILITARY	base_housing	XS	5	7	35	1.4	E	military	1		militarytentbarracks	Valley Station	lot_military_tent_barracks_23	Buildings Catalogue Curated\Valley Station\Other\lot_military_tent_barracks_23.tbx
MILITARY	base_housing	XS	5	7	35	1.4	E	military	1		militarytentbarracks	Valley Station	lot_military_tent_barracks_24	Buildings Catalogue Curated\Valley Station\Other\lot_military_tent_barracks_24.tbx
MILITARY	base_housing	XS	4	7	28	1.75	E	military	1		militarytentbarracks	Valley Station	lot_military_tent_barracks_09	Buildings Catalogue Curated\Valley Station\Other\lot_military_tent_barracks_09.tbx
MILITARY	base_housing	XS	4	7	28	1.75	E	military	1		militarytentbarracks	Valley Station	lot_military_tent_barracks_10	Buildings Catalogue Curated\Valley Station\Other\lot_military_tent_barracks_10.tbx
MILITARY	base_housing	XS	4	7	28	1.75	E	military	1		militarytentbarracks	Valley Station	lot_military_tent_barracks_11	Buildings Catalogue Curated\Valley Station\Other\lot_military_tent_barracks_11.tbx
MILITARY	base_housing	XS	4	7	28	1.75	E	military	1		militarytentbarracks	Valley Station	lot_military_tent_barracks_12	Buildings Catalogue Curated\Valley Station\Other\lot_military_tent_barracks_12.tbx
MILITARY	base_housing	XS	4	7	28	1.75	E	military	1		militarytentbarracks	Valley Station	lot_military_tent_barracks_17	Buildings Catalogue Curated\Valley Station\Other\lot_military_tent_barracks_17.tbx
MILITARY	base_housing	XS	4	7	28	1.75	E	military	1		militarytentbarracks	Valley Station	lot_military_tent_barracks_18	Buildings Catalogue Curated\Valley Station\Other\lot_military_tent_barracks_18.tbx
MILITARY	base_housing	XS	4	7	28	1.75	E	military	1		militarytentbarracks	Valley Station	lot_military_tent_barracks_19	Buildings Catalogue Curated\Valley Station\Other\lot_military_tent_barracks_19.tbx
MILITARY	base_housing	XS	4	7	28	1.75	E	military	1		militarytentbarracks	Valley Station	lot_military_tent_barracks_20	Buildings Catalogue Curated\Valley Station\Other\lot_military_tent_barracks_20.tbx
MILITARY	military	XXL	90	90	8100	1.0	S		1		militarybaseby	Loose	military_base_by_7	Military\military_base_by_7.tbx
MILITARY	military	XXL	75	87	6525	1.16	S		1		militaryhospitalby	Loose	military_hospital_by_7	Military\military_hospital_by_7.tbx
MILITARY	military	XL	52	52	2704	1.0	S	military	1		militarytrailergroup	Valley Station	lot_military_trailergroup_01	Buildings Catalogue Curated\Valley Station\Other\lot_military_trailergroup_01.tbx
MILITARY	military	XL	41	45	1845	1.1	E		1		militaryheliportby	Loose	military_heliport_by_7_v1.0	Military\military_heliport_by_7_v1.0.tbx
MILITARY	military	XL	30	50	1500	1.67	E		1		vmpb	Loose	VMPB	Military\VMPB.tbx
MILITARY	military	XL	22	60	1320	2.73	E		1		militaryairportby	Loose	military_airport_by_7_v1.0	Military\military_airport_by_7_v1.0.tbx
MILITARY	military	XL	59	21	1239	2.81	N	plaza	1		plazamilitary	March Ridge	lot_plaza_16_military	Buildings Catalogue Curated\March Ridge\Retail and Commercial\lot_plaza_16_military.tbx
MILITARY	military	L	38	31	1178	1.23	N	plaza	1		plazamilitary	March Ridge	lot_plaza_18_military	Buildings Catalogue Curated\March Ridge\Retail and Commercial\lot_plaza_18_military.tbx
MILITARY	military	L	33	32	1056	1.03	N		1		militaryentranceby	Loose	military_entrance_by_7	Military\military_entrance_by_7.tbx
MILITARY	military	L	37	28	1036	1.32	N		1		militarytgby	Loose	military_tg1_by_7	Military\military_tg1_by_7.tbx
MILITARY	military	XL	18	57	1026	3.17	N	plaza	1		plazamilitary	March Ridge	lot_plaza_15_military	Buildings Catalogue Curated\March Ridge\Retail and Commercial\lot_plaza_15_military.tbx
MILITARY	military	XL	20	50	1000	2.5	E	plaza	1		plazamilitary	March Ridge	lot_plaza_17_military	Buildings Catalogue Curated\March Ridge\Retail and Commercial\lot_plaza_17_military.tbx
MILITARY	military	L	40	24	960	1.67	S	military	1		militarytentlandingpad	Valley Station	lot_military_tent_landingpad_01	Buildings Catalogue Curated\Valley Station\Other\lot_military_tent_landingpad_01.tbx
MILITARY	military	L	31	27	837	1.15	N		1		laward	Loose	LA_WARD	Military\LA_WARD.tbx
MILITARY	military	L	36	21	756	1.71	E		1		militaryhangarclosedeby	Loose	military_hangar_closed_e_by_7_v1.0	Military\military_hangar_closed_e_by_7_v1.0.tbx
MILITARY	military	L	21	36	756	1.71	S		1		militaryhangarclosedsby	Loose	military_hangar_closed_s_by_7_v1.0	Military\military_hangar_closed_s_by_7_v1.0.tbx
MILITARY	military	L	36	21	756	1.71	E		1		militaryhangaropeneby	Loose	military_hangar_open_e_by_7_v1.0	Military\military_hangar_open_e_by_7_v1.0.tbx
MILITARY	military	L	21	36	756	1.71	S		1		militaryhangaropensby	Loose	military_hangar_open_s_by_7_v1.0	Military\military_hangar_open_s_by_7_v1.0.tbx
MILITARY	military	L	26	25	650	1.04	E		1		qrf	Loose	QRF	Military\QRF.tbx
MILITARY	military	M	20	24	480	1.2	E		1		barmilitary	March Ridge	lot_bar_04_military	Buildings Catalogue Curated\March Ridge\Restaurants and Entertainment\lot_bar_04_military.tbx
MILITARY	military	L	30	15	450	2.0	S		1		researchanddevelopment	Loose	ResearchandDevelopment	Military\ResearchandDevelopment.tbx
MILITARY	military	M	20	20	400	1.0	W		1		egb	Loose	EGB	Military\EGB.tbx
MILITARY	military	M	20	20	400	1.0	N		1		serpenti	Loose	serpentine	Military\serpentine.tbx
MILITARY	military	M	15	24	360	1.6	E		1		militarytgby	Loose	military_tg2_by_7	Military\military_tg2_by_7.tbx
MILITARY	military	M	16	17	272	1.06	E		1		militarytgby	Loose	military_tg3_by_7	Military\military_tg3_by_7.tbx
MILITARY	military	M	21	12	252	1.75	N		1		magazi	Loose	Magazine	Military\Magazine.tbx
MILITARY	military	M	21	12	252	1.75	N		1		magazine	Loose	Magazine_2	Military\Magazine_2.tbx
MILITARY	military	M	21	12	252	1.75	N		1		magazineclosed	Loose	Magazine_3_Closed	Military\Magazine_3_Closed.tbx
MILITARY	military	M	21	12	252	1.75	N		1		magazine	Loose	Magazine_3_empty	Military\Magazine_3_empty.tbx
MILITARY	military	M	21	12	252	1.75	N		1		magazinearmyhanger	Loose	Magazine_armyhanger	Military\Magazine_armyhanger.tbx
MILITARY	military	M	21	12	252	1.75	N		1		magazinearmystorag	Loose	Magazine_armystorage	Military\Magazine_armystorage.tbx
MILITARY	military	M	24	7	168	3.43	N	military	1		militarytentmesshall	Valley Station	lot_military_tent_messhall_01	Buildings Catalogue Curated\Valley Station\Other\lot_military_tent_messhall_01.tbx
MILITARY	military	M	7	18	126	2.57	E	military	1		militarytentarmory	Valley Station	lot_military_tent_armory_01	Buildings Catalogue Curated\Valley Station\Other\lot_military_tent_armory_01.tbx
MILITARY	military	M	15	8	120	1.88	N	military	1		militarytentmedical	Valley Station	lot_military_tent_medical_01	Buildings Catalogue Curated\Valley Station\Other\lot_military_tent_medical_01.tbx
MILITARY	military	S	10	12	120	1.2	E		1		militarytentdeserteby	Loose	military_tent_desert_e_by_7_v1.0	Military\military_tent_desert_e_by_7_v1.0.tbx
MILITARY	military	S	12	10	120	1.2	S		1		militarytentdesertsby	Loose	military_tent_desert_s_by_7_v1.0	Military\military_tent_desert_s_by_7_v1.0.tbx
MILITARY	military	S	10	12	120	1.2	E		1		militarytentmarineeby	Loose	military_tent_marine_e_by_7_v1.0	Military\military_tent_marine_e_by_7_v1.0.tbx
MILITARY	military	S	12	10	120	1.2	S		1		militarytentmarinesby	Loose	military_tent_marine_s_by_7_v1.0	Military\military_tent_marine_s_by_7_v1.0.tbx
MILITARY	military	S	10	12	120	1.2	E		1		militarytenturbaneby	Loose	military_tent_urban_e_by_7_v1.0	Military\military_tent_urban_e_by_7_v1.0.tbx
MILITARY	military	S	12	10	120	1.2	S		1		militarytenturbansby	Loose	military_tent_urban_s_by_7_v1.0	Military\military_tent_urban_s_by_7_v1.0.tbx
MILITARY	military	S	10	12	120	1.2	E		1		militarytentwoodeby	Loose	military_tent_wood_e_by_7_v1.0	Military\military_tent_wood_e_by_7_v1.0.tbx
MILITARY	military	S	12	10	120	1.2	S		1		militarytentwoodsby	Loose	military_tent_wood_s_by_7_v1.0	Military\military_tent_wood_s_by_7_v1.0.tbx
MILITARY	military	S	7	13	91	1.86	E		1		militarytent	Loose	military_tent8	Military\military_tent8.tbx
MILITARY	military	S	7	13	91	1.86	E		1		militarytent	Loose	military_tent9	Military\military_tent9.tbx
MILITARY	military	S	7	12	84	1.71	E		1		militarytent	Loose	military_tent6	Military\military_tent6.tbx
MILITARY	military	S	7	12	84	1.71	E		1		militarytent	Loose	military_tent7	Military\military_tent7.tbx
MILITARY	military	M	5	15	75	3.0	E		1		ecpla	Loose	ECP_LA	Military\ECP_LA.tbx
MILITARY	military	S	13	4	52	3.25	S	military	1		militarytrailer	Valley Station	lot_military_trailer_01	Buildings Catalogue Curated\Valley Station\Other\lot_military_trailer_01.tbx
MILITARY	military	XS	7	7	49	1.0	N	military	1		militarytower	Valley Station	lot_military_tower_01	Buildings Catalogue Curated\Valley Station\Other\lot_military_tower_01.tbx
MILITARY	military	XS	7	7	49	1.0	N	military	1		militarytower	Valley Station	lot_military_tower_02	Buildings Catalogue Curated\Valley Station\Other\lot_military_tower_02.tbx
MILITARY	military	XS	7	6	42	1.17	N	military	1		militarywatchpost	Valley Station	lot_military_watchpost_01	Buildings Catalogue Curated\Valley Station\Other\lot_military_watchpost_01.tbx
MILITARY	military	XS	5	7	35	1.4	E		1		securityhut	Loose	Security_Hut	Military\Security_Hut.tbx
MILITARY	military	XS	6	5	30	1.2	S	military	1		militaryborder	Valley Station	lot_military_border_02	Buildings Catalogue Curated\Valley Station\Other\lot_military_border_02.tbx
MILITARY	military	XS	5	5	25	1.0	S		1		lawatchtower	Loose	LA_Watch_Tower	Military\LA_Watch_Tower.tbx
MILITARY	military	XS	4	5	20	1.25	S		1		watchtower	Loose	Watch_Tower	Military\Watch_Tower.tbx
MILITARY	military	XS	3	6	18	2.0	E	military	1		militarystorage	Valley Station	lot_military_storage_02	Buildings Catalogue Curated\Valley Station\Other\lot_military_storage_02.tbx
PARK_PUBLIC	park	L	27	19	513	1.42	N		1		pool	Riverwood	lot_pool_01	Buildings Catalogue Curated\Riverwood\Other\lot_pool_01.tbx
PARK_PUBLIC	park	M	16	23	368	1.44	W		1		shopcamping	Other	lot_shop_01_camping	Buildings Catalogue Curated\Other\Retail and Commercial\lot_shop_01_camping.tbx
PARK_PUBLIC	park	M	18	18	324	1.0	N		1		sportsfield	Loose	sports_field1	Recreational\sports_field1.tbx
PARK_PUBLIC	park	M	17	17	289	1.0	E	dragracing	1		dragracingfoodtrailer	Valley Station	lot_dragracing_foodtrailer	Buildings Catalogue Curated\Valley Station\Other\lot_dragracing_foodtrailer.tbx
PARK_PUBLIC	park	M	17	16	272	1.06	N		2		playgroundsmall	March Ridge	lot_playground_01_small	Buildings Catalogue Curated\March Ridge\Other\lot_playground_01_small.tbx
PARK_PUBLIC	park	M	17	16	272	1.06	N		2	Buildings Catalogue Curated\March Ridge\Other\lot_playground_01_small.tbx	playgroundsmall	West Point	lot_playground_01_small	Buildings Catalogue Curated\West Point\Other\lot_playground_01_small.tbx
PARK_PUBLIC	park	L	7	34	238	4.86	E	dragracing	1		dragracingseating	Valley Station	lot_dragracing_seating_01	Buildings Catalogue Curated\Valley Station\Other\lot_dragracing_seating_01.tbx
PARK_PUBLIC	park	L	7	34	238	4.86	E	dragracing	1		dragracingseating	Valley Station	lot_dragracing_seating_02	Buildings Catalogue Curated\Valley Station\Other\lot_dragracing_seating_02.tbx
PARK_PUBLIC	park	M	15	15	225	1.0	N	park	4		parkgazebo	Dixie	lot_park_01_gazebo	Buildings Catalogue Curated\Dixie\Other\lot_park_01_gazebo.tbx
PARK_PUBLIC	park	M	15	15	225	1.0	N	park	3		parkgazebo	Dixie	lot_park_03_gazebo	Buildings Catalogue Curated\Dixie\Other\lot_park_03_gazebo.tbx
PARK_PUBLIC	park	M	15	15	225	1.0	N	park	3	Buildings Catalogue Curated\Dixie\Other\lot_park_03_gazebo.tbx	parkgazebo	March Ridge	lot_park_03_gazebo	Buildings Catalogue Curated\March Ridge\Other\lot_park_03_gazebo.tbx
PARK_PUBLIC	park	M	15	15	225	1.0	N	park	4	Buildings Catalogue Curated\Dixie\Other\lot_park_01_gazebo.tbx	parkgazebo	Muldraugh	lot_park_01_gazebo	Buildings Catalogue Curated\Muldraugh\Other\lot_park_01_gazebo.tbx
PARK_PUBLIC	park	M	15	15	225	1.0	N	park	4	Buildings Catalogue Curated\Dixie\Other\lot_park_01_gazebo.tbx	parkgazebo	Riverwood	lot_park_01_gazebo	Buildings Catalogue Curated\Riverwood\Other\lot_park_01_gazebo.tbx
PARK_PUBLIC	park	M	15	15	225	1.0	N	park	3	Buildings Catalogue Curated\Dixie\Other\lot_park_03_gazebo.tbx	parkgazebo	Riverwood	lot_park_03_gazebo	Buildings Catalogue Curated\Riverwood\Other\lot_park_03_gazebo.tbx
PARK_PUBLIC	park	M	15	15	225	1.0	N	park	1		parkgazebo	Riverwood	lot_park_05_gazebo	Buildings Catalogue Curated\Riverwood\Other\lot_park_05_gazebo.tbx
PARK_PUBLIC	park	M	15	15	225	1.0	N	park	1		parkgazebo	Riverwood	lot_park_06_gazebo	Buildings Catalogue Curated\Riverwood\Other\lot_park_06_gazebo.tbx
PARK_PUBLIC	park	M	15	15	225	1.0	N	park	1		parkgazebo	Rosewood	lot_park_10_gazebo	Buildings Catalogue Curated\Rosewood\Other\lot_park_10_gazebo.tbx
PARK_PUBLIC	park	M	15	15	225	1.0	N	park	4	Buildings Catalogue Curated\Dixie\Other\lot_park_01_gazebo.tbx	parkgazebo	Valley Station	lot_park_01_gazebo	Buildings Catalogue Curated\Valley Station\Other\lot_park_01_gazebo.tbx
PARK_PUBLIC	park	S	12	11	132	1.09	S		1		campoffic	Loose	campoffice	Recreational\campoffice.tbx
PARK_PUBLIC	park	S	10	10	100	1.0	N	park	1		parkplayhou	Riverwood	lot_park_13_playhouse	Buildings Catalogue Curated\Riverwood\Other\lot_park_13_playhouse.tbx
PARK_PUBLIC	park	S	7	9	63	1.29	E		1		campingspot	Loose	Camping spot	Recreational\Camping spot.tbx
PARK_PUBLIC	park	S	4	10	40	2.5	E	dragracing	1		dragracingcanopy	Valley Station	lot_dragracing_canopy	Buildings Catalogue Curated\Valley Station\Other\lot_dragracing_canopy.tbx
PARK_PUBLIC	park	XS	6	6	36	1.0	N		1		busstop	Loose	bus_stop1	Outdoor City Spaces\bus_stop1.tbx
PARK_PUBLIC	park	XS	6	6	36	1.0	N		1		busstop	Loose	bus_stop2	Outdoor City Spaces\bus_stop2.tbx
PARK_PUBLIC	park	XS	6	6	36	1.0	N		1		busstop	Loose	bus_stop3	Outdoor City Spaces\bus_stop3.tbx
PARK_PUBLIC	park	XS	6	6	36	1.0	N		1		busstop	Loose	bus_stop4	Outdoor City Spaces\bus_stop4.tbx
PARK_PUBLIC	park	XS	6	5	30	1.2	N		1		busstopcitynby	Loose	bus_stop_city_n_by_7_v1.0	Outdoor City Spaces\bus_stop_city_n_by_7_v1.0.tbx
PARK_PUBLIC	park	XS	6	5	30	1.2	N		1		busstopcitysby	Loose	bus_stop_city_s_by_7_v1.0	Outdoor City Spaces\bus_stop_city_s_by_7_v1.0.tbx
PARK_PUBLIC	park	XS	6	4	24	1.5	N	dragracing	1		dragracingcanopy	Valley Station	lot_dragracing_canopy_01	Buildings Catalogue Curated\Valley Station\Other\lot_dragracing_canopy_01.tbx
PARK_PUBLIC	park	XS	6	4	24	1.5	N	dragracing	1		dragracingcanopy	Valley Station	lot_dragracing_canopy_02	Buildings Catalogue Curated\Valley Station\Other\lot_dragracing_canopy_02.tbx
PARK_PUBLIC	park	XS	4	6	24	1.5	E		1		busstopcityeby	Loose	bus_stop_city_e_by_7_v1.0	Outdoor City Spaces\bus_stop_city_e_by_7_v1.0.tbx
PARK_PUBLIC	park	XS	4	6	24	1.5	E		1		busstopcitywby	Loose	bus_stop_city_w_by_7_v1.0	Outdoor City Spaces\bus_stop_city_w_by_7_v1.0.tbx
PARK_PUBLIC	summer_camp	L	39	26	1014	1.5	E	camp	1		campdininghall	Other	lot_camp_03_dininghall	Buildings Catalogue Curated\Other\Restaurants and Entertainment\lot_camp_03_dininghall.tbx
PARK_PUBLIC	summer_camp	XL	18	47	846	2.61	S	camp	1		campbathroom	Other	lot_camp_02_bathrooms	Buildings Catalogue Curated\Other\Restaurants and Entertainment\lot_camp_02_bathrooms.tbx
PARK_PUBLIC	summer_camp	M	22	22	484	1.0	S	camp	1		campoffic	Other	lot_camp_04_offices	Buildings Catalogue Curated\Other\Restaurants and Entertainment\lot_camp_04_offices.tbx
PARK_PUBLIC	summer_camp	M	22	17	374	1.29	E	camp	1		campstag	Other	lot_camp_05_stage	Buildings Catalogue Curated\Other\Restaurants and Entertainment\lot_camp_05_stage.tbx
PARK_PUBLIC	summer_camp	M	18	17	306	1.06	S	camp	1		campcounselor	Other	lot_camp_11_counselor	Buildings Catalogue Curated\Other\Restaurants and Entertainment\lot_camp_11_counselor.tbx
PARK_PUBLIC	summer_camp	M	15	19	285	1.27	W	camp	1		campartcabi	Other	lot_camp_07_artcabin	Buildings Catalogue Curated\Other\Restaurants and Entertainment\lot_camp_07_artcabin.tbx
PARK_PUBLIC	summer_camp	M	19	15	285	1.27	S	camp	1		campartcabi	Other	lot_camp_09_artcabin	Buildings Catalogue Curated\Other\Restaurants and Entertainment\lot_camp_09_artcabin.tbx
PARK_PUBLIC	summer_camp	M	11	16	176	1.45	S	camp	1		campcabi	Other	lot_camp_01_cabin	Buildings Catalogue Curated\Other\Restaurants and Entertainment\lot_camp_01_cabin.tbx
PARK_PUBLIC	summer_camp	M	11	16	176	1.45	S	camp	1		campcabinb	Other	lot_camp_01_cabinB	Buildings Catalogue Curated\Other\Restaurants and Entertainment\lot_camp_01_cabinB.tbx
PARK_PUBLIC	summer_camp	S	10	12	120	1.2	S	camp	1		campcabi	Other	lot_camp_06_cabin	Buildings Catalogue Curated\Other\Restaurants and Entertainment\lot_camp_06_cabin.tbx
PARK_PUBLIC	summer_camp	S	9	12	108	1.33	E	camp	1		campsport	Other	lot_camp_10_sports	Buildings Catalogue Curated\Other\Restaurants and Entertainment\lot_camp_10_sports.tbx
FILLER_PROP	outbuilding	M	21	21	441	1.0	E		1		homeyardshedfl	Loose	Home_12_Yard_Shed_1FL_2B_E	Residential\Home_12_Yard_Shed_1FL_2B_E.tbx
FILLER_PROP	outbuilding	M	21	21	441	1.0	E		1		homeyardshedfl	Loose	Home_15_Yard_Shed_1FL_2B_E	Residential\Home_15_Yard_Shed_1FL_2B_E.tbx
FILLER_PROP	outbuilding	M	21	21	441	1.0	W		1		homeyardshedfl	Loose	Home_28_Yard_Shed_1FL_2B_W	Residential\Home_28_Yard_Shed_1FL_2B_W.tbx
FILLER_PROP	outbuilding	M	21	21	441	1.0	W		1		homeyardshedfl	Loose	Home_31_Yard_Shed_1FL_2B_W	Residential\Home_31_Yard_Shed_1FL_2B_W.tbx
FILLER_PROP	outbuilding	M	21	21	441	1.0	W		1		homeyardshedfl	Loose	Home_34_Yard_Shed_1FL_2B_W	Residential\Home_34_Yard_Shed_1FL_2B_W.tbx
FILLER_PROP	outbuilding	M	21	21	441	1.0	W		1		homeyardshedfl	Loose	Home_42_Yard_Shed_1FL_2B_W	Residential\Home_42_Yard_Shed_1FL_2B_W.tbx
FILLER_PROP	outbuilding	M	20	20	400	1.0	S	shed	3		shed	Dixie	lot_shed_02	Buildings Catalogue Curated\Dixie\Other\lot_shed_02.tbx
FILLER_PROP	outbuilding	M	20	20	400	1.0	S	shed	5		shed	Dixie	lot_shed_10b	Buildings Catalogue Curated\Dixie\Other\lot_shed_10b.tbx
FILLER_PROP	outbuilding	M	20	20	400	1.0	E	shed	3		shed	Dixie	lot_shed_14b	Buildings Catalogue Curated\Dixie\Other\lot_shed_14b.tbx
FILLER_PROP	outbuilding	M	20	20	400	1.0	E	shed	5		shed	March Ridge	lot_shed_14	Buildings Catalogue Curated\March Ridge\Other\lot_shed_14.tbx
FILLER_PROP	outbuilding	M	20	20	400	1.0	E	shed	3	Buildings Catalogue Curated\Dixie\Other\lot_shed_14b.tbx	shed	March Ridge	lot_shed_14b	Buildings Catalogue Curated\March Ridge\Other\lot_shed_14b.tbx
FILLER_PROP	outbuilding	M	20	20	400	1.0	S	shed	5		shedconcret	March Ridge	lot_shed_16_concrete	Buildings Catalogue Curated\March Ridge\Other\lot_shed_16_concrete.tbx
FILLER_PROP	outbuilding	M	20	20	400	1.0	S	shed	3	Buildings Catalogue Curated\Dixie\Other\lot_shed_02.tbx	shed	Muldraugh	lot_shed_02	Buildings Catalogue Curated\Muldraugh\Other\lot_shed_02.tbx
FILLER_PROP	outbuilding	M	20	20	400	1.0	E	shed	5		shed	Muldraugh	lot_shed_05	Buildings Catalogue Curated\Muldraugh\Other\lot_shed_05.tbx
FILLER_PROP	outbuilding	M	20	20	400	1.0	E	shed	4		shed	Muldraugh	lot_shed_10	Buildings Catalogue Curated\Muldraugh\Other\lot_shed_10.tbx
FILLER_PROP	outbuilding	M	20	20	400	1.0	S	shed	5	Buildings Catalogue Curated\Dixie\Other\lot_shed_10b.tbx	shed	Muldraugh	lot_shed_10b	Buildings Catalogue Curated\Muldraugh\Other\lot_shed_10b.tbx
FILLER_PROP	outbuilding	M	20	20	400	1.0	E	shed	5	Buildings Catalogue Curated\March Ridge\Other\lot_shed_14.tbx	shed	Muldraugh	lot_shed_14	Buildings Catalogue Curated\Muldraugh\Other\lot_shed_14.tbx
FILLER_PROP	outbuilding	M	20	20	400	1.0	E	shed	3	Buildings Catalogue Curated\Dixie\Other\lot_shed_14b.tbx	shed	Muldraugh	lot_shed_14b	Buildings Catalogue Curated\Muldraugh\Other\lot_shed_14b.tbx
FILLER_PROP	outbuilding	M	20	20	400	1.0	E	shed	4		shed	Muldraugh	lot_shed_15	Buildings Catalogue Curated\Muldraugh\Other\lot_shed_15.tbx
FILLER_PROP	outbuilding	M	20	20	400	1.0	S	shed	5	Buildings Catalogue Curated\March Ridge\Other\lot_shed_16_concrete.tbx	shedconcret	Muldraugh	lot_shed_16_concrete	Buildings Catalogue Curated\Muldraugh\Other\lot_shed_16_concrete.tbx
FILLER_PROP	outbuilding	M	20	20	400	1.0	E	shed	5	Buildings Catalogue Curated\Muldraugh\Other\lot_shed_05.tbx	shed	Riverwood	lot_shed_05	Buildings Catalogue Curated\Riverwood\Other\lot_shed_05.tbx
FILLER_PROP	outbuilding	M	20	20	400	1.0	E	shed	4	Buildings Catalogue Curated\Muldraugh\Other\lot_shed_10.tbx	shed	Riverwood	lot_shed_10	Buildings Catalogue Curated\Riverwood\Other\lot_shed_10.tbx
FILLER_PROP	outbuilding	M	20	20	400	1.0	S	shed	5	Buildings Catalogue Curated\Dixie\Other\lot_shed_10b.tbx	shed	Riverwood	lot_shed_10b	Buildings Catalogue Curated\Riverwood\Other\lot_shed_10b.tbx
FILLER_PROP	outbuilding	M	20	20	400	1.0	E	shed	5	Buildings Catalogue Curated\March Ridge\Other\lot_shed_14.tbx	shed	Riverwood	lot_shed_14	Buildings Catalogue Curated\Riverwood\Other\lot_shed_14.tbx
FILLER_PROP	outbuilding	M	20	20	400	1.0	E	shed	4	Buildings Catalogue Curated\Muldraugh\Other\lot_shed_15.tbx	shed	Riverwood	lot_shed_15	Buildings Catalogue Curated\Riverwood\Other\lot_shed_15.tbx
FILLER_PROP	outbuilding	M	20	20	400	1.0	S	shed	5	Buildings Catalogue Curated\March Ridge\Other\lot_shed_16_concrete.tbx	shedconcret	Riverwood	lot_shed_16_concrete	Buildings Catalogue Curated\Riverwood\Other\lot_shed_16_concrete.tbx
FILLER_PROP	outbuilding	M	20	20	400	1.0	E	shed	5	Buildings Catalogue Curated\Muldraugh\Other\lot_shed_05.tbx	shed	Rosewood	lot_shed_05	Buildings Catalogue Curated\Rosewood\Other\lot_shed_05.tbx
FILLER_PROP	outbuilding	M	20	20	400	1.0	E	shed	5	Buildings Catalogue Curated\March Ridge\Other\lot_shed_14.tbx	shed	Rosewood	lot_shed_14	Buildings Catalogue Curated\Rosewood\Other\lot_shed_14.tbx
FILLER_PROP	outbuilding	M	20	20	400	1.0	S	shed	5	Buildings Catalogue Curated\March Ridge\Other\lot_shed_16_concrete.tbx	shedconcret	Rosewood	lot_shed_16_concrete	Buildings Catalogue Curated\Rosewood\Other\lot_shed_16_concrete.tbx
FILLER_PROP	outbuilding	M	20	20	400	1.0	S	shed	3	Buildings Catalogue Curated\Dixie\Other\lot_shed_02.tbx	shed	Valley Station	lot_shed_02	Buildings Catalogue Curated\Valley Station\Other\lot_shed_02.tbx
FILLER_PROP	outbuilding	M	20	20	400	1.0	E	shed	5	Buildings Catalogue Curated\Muldraugh\Other\lot_shed_05.tbx	shed	Valley Station	lot_shed_05	Buildings Catalogue Curated\Valley Station\Other\lot_shed_05.tbx
FILLER_PROP	outbuilding	M	20	20	400	1.0	E	shed	4	Buildings Catalogue Curated\Muldraugh\Other\lot_shed_10.tbx	shed	Valley Station	lot_shed_10	Buildings Catalogue Curated\Valley Station\Other\lot_shed_10.tbx
FILLER_PROP	outbuilding	M	20	20	400	1.0	S	shed	5	Buildings Catalogue Curated\Dixie\Other\lot_shed_10b.tbx	shed	Valley Station	lot_shed_10b	Buildings Catalogue Curated\Valley Station\Other\lot_shed_10b.tbx
FILLER_PROP	outbuilding	M	20	20	400	1.0	E	shed	5	Buildings Catalogue Curated\March Ridge\Other\lot_shed_14.tbx	shed	Valley Station	lot_shed_14	Buildings Catalogue Curated\Valley Station\Other\lot_shed_14.tbx
FILLER_PROP	outbuilding	M	20	20	400	1.0	E	shed	4	Buildings Catalogue Curated\Muldraugh\Other\lot_shed_15.tbx	shed	Valley Station	lot_shed_15	Buildings Catalogue Curated\Valley Station\Other\lot_shed_15.tbx
FILLER_PROP	outbuilding	M	20	20	400	1.0	S	shed	5	Buildings Catalogue Curated\March Ridge\Other\lot_shed_16_concrete.tbx	shedconcret	Valley Station	lot_shed_16_concrete	Buildings Catalogue Curated\Valley Station\Other\lot_shed_16_concrete.tbx
FILLER_PROP	outbuilding	M	20	20	400	1.0	E	shed	5	Buildings Catalogue Curated\Muldraugh\Other\lot_shed_05.tbx	shed	West Point	lot_shed_05	Buildings Catalogue Curated\West Point\Other\lot_shed_05.tbx
FILLER_PROP	outbuilding	M	20	20	400	1.0	E	shed	4	Buildings Catalogue Curated\Muldraugh\Other\lot_shed_10.tbx	shed	West Point	lot_shed_10	Buildings Catalogue Curated\West Point\Other\lot_shed_10.tbx
FILLER_PROP	outbuilding	M	20	20	400	1.0	S	shed	5	Buildings Catalogue Curated\Dixie\Other\lot_shed_10b.tbx	shed	West Point	lot_shed_10b	Buildings Catalogue Curated\West Point\Other\lot_shed_10b.tbx
FILLER_PROP	outbuilding	M	20	20	400	1.0	E	shed	4	Buildings Catalogue Curated\Muldraugh\Other\lot_shed_15.tbx	shed	West Point	lot_shed_15	Buildings Catalogue Curated\West Point\Other\lot_shed_15.tbx
FILLER_PROP	outbuilding	M	16	16	256	1.0	N		1		ballgarag	Loose	Ball-garage	Residential\Ball-garage.tbx
FILLER_PROP	outbuilding	M	16	16	256	1.0	W		1		homeshedfl	Loose	Home_45_Shed_1FL_2B_W	Residential\Home_45_Shed_1FL_2B_W.tbx
FILLER_PROP	outbuilding	S	12	12	144	1.0	E	shed	3		shed	Dixie	lot_shed_04	Buildings Catalogue Curated\Dixie\Other\lot_shed_04.tbx
FILLER_PROP	outbuilding	S	12	12	144	1.0	S	shed	3		shedfarm	Dixie	lot_shed_06_farm	Buildings Catalogue Curated\Dixie\Other\lot_shed_06_farm.tbx
FILLER_PROP	outbuilding	S	12	12	144	1.0	S	shed	5		shedfarm	Dixie	lot_shed_10_farm	Buildings Catalogue Curated\Dixie\Other\lot_shed_10_farm.tbx
FILLER_PROP	outbuilding	S	12	12	144	1.0	S	shed	2		shedfarm	Dixie	lot_shed_18_farm	Buildings Catalogue Curated\Dixie\Other\lot_shed_18_farm.tbx
FILLER_PROP	outbuilding	S	12	12	144	1.0	S	shed	2		shedfarm	Dixie	lot_shed_20_farm	Buildings Catalogue Curated\Dixie\Other\lot_shed_20_farm.tbx
FILLER_PROP	outbuilding	S	12	12	144	1.0	E	shed	3	Buildings Catalogue Curated\Dixie\Other\lot_shed_04.tbx	shed	March Ridge	lot_shed_04	Buildings Catalogue Curated\March Ridge\Other\lot_shed_04.tbx
FILLER_PROP	outbuilding	S	12	12	144	1.0	E	shed	3		shed	March Ridge	lot_shed_13	Buildings Catalogue Curated\March Ridge\Other\lot_shed_13.tbx
FILLER_PROP	outbuilding	S	12	12	144	1.0	S	shed	5	Buildings Catalogue Curated\Dixie\Other\lot_shed_10_farm.tbx	shedfarm	Muldraugh	lot_shed_10_farm	Buildings Catalogue Curated\Muldraugh\Other\lot_shed_10_farm.tbx
FILLER_PROP	outbuilding	S	12	12	144	1.0	S	shed	1		shed	Other	lot_shed_24	Buildings Catalogue Curated\Other\Other\lot_shed_24.tbx
FILLER_PROP	outbuilding	S	12	12	144	1.0	E	shed	3	Buildings Catalogue Curated\Dixie\Other\lot_shed_04.tbx	shed	Riverwood	lot_shed_04	Buildings Catalogue Curated\Riverwood\Other\lot_shed_04.tbx
FILLER_PROP	outbuilding	S	12	12	144	1.0	S	shed	3	Buildings Catalogue Curated\Dixie\Other\lot_shed_06_farm.tbx	shedfarm	Riverwood	lot_shed_06_farm	Buildings Catalogue Curated\Riverwood\Other\lot_shed_06_farm.tbx
FILLER_PROP	outbuilding	S	12	12	144	1.0	E	shed	3	Buildings Catalogue Curated\March Ridge\Other\lot_shed_13.tbx	shed	Riverwood	lot_shed_13	Buildings Catalogue Curated\Riverwood\Other\lot_shed_13.tbx
FILLER_PROP	outbuilding	S	12	12	144	1.0	S	shed	1		shedfarm	Riverwood	lot_shed_19_farm	Buildings Catalogue Curated\Riverwood\Other\lot_shed_19_farm.tbx
FILLER_PROP	outbuilding	S	12	12	144	1.0	S	shed	2		shed	Riverwood	lot_shed_22	Buildings Catalogue Curated\Riverwood\Other\lot_shed_22.tbx
FILLER_PROP	outbuilding	S	12	12	144	1.0	S	shed	3	Buildings Catalogue Curated\Dixie\Other\lot_shed_06_farm.tbx	shedfarm	Rosewood	lot_shed_06_farm	Buildings Catalogue Curated\Rosewood\Other\lot_shed_06_farm.tbx
FILLER_PROP	outbuilding	S	12	12	144	1.0	S	shed	5	Buildings Catalogue Curated\Dixie\Other\lot_shed_10_farm.tbx	shedfarm	Rosewood	lot_shed_10_farm	Buildings Catalogue Curated\Rosewood\Other\lot_shed_10_farm.tbx
FILLER_PROP	outbuilding	S	12	12	144	1.0	S	shed	2	Buildings Catalogue Curated\Dixie\Other\lot_shed_20_farm.tbx	shedfarm	Rosewood	lot_shed_20_farm	Buildings Catalogue Curated\Rosewood\Other\lot_shed_20_farm.tbx
FILLER_PROP	outbuilding	S	12	12	144	1.0	S	shed	2	Buildings Catalogue Curated\Riverwood\Other\lot_shed_22.tbx	shed	Rosewood	lot_shed_22	Buildings Catalogue Curated\Rosewood\Other\lot_shed_22.tbx
FILLER_PROP	outbuilding	S	12	12	144	1.0	S	shed	5	Buildings Catalogue Curated\Dixie\Other\lot_shed_10_farm.tbx	shedfarm	Valley Station	lot_shed_10_farm	Buildings Catalogue Curated\Valley Station\Other\lot_shed_10_farm.tbx
FILLER_PROP	outbuilding	S	12	12	144	1.0	E	shed	1		sheddragrac	Valley Station	lot_shed_17_dragrace	Buildings Catalogue Curated\Valley Station\Other\lot_shed_17_dragrace.tbx
FILLER_PROP	outbuilding	S	12	12	144	1.0	S	shed	2	Buildings Catalogue Curated\Dixie\Other\lot_shed_18_farm.tbx	shedfarm	Valley Station	lot_shed_18_farm	Buildings Catalogue Curated\Valley Station\Other\lot_shed_18_farm.tbx
FILLER_PROP	outbuilding	S	12	12	144	1.0	S	shed	5	Buildings Catalogue Curated\Dixie\Other\lot_shed_10_farm.tbx	shedfarm	West Point	lot_shed_10_farm	Buildings Catalogue Curated\West Point\Other\lot_shed_10_farm.tbx
FILLER_PROP	outbuilding	S	12	12	144	1.0	E	shed	3	Buildings Catalogue Curated\March Ridge\Other\lot_shed_13.tbx	shed	West Point	lot_shed_13	Buildings Catalogue Curated\West Point\Other\lot_shed_13.tbx
FILLER_PROP	outbuilding	S	10	10	100	1.0	N	patio	7		patioplai	Dixie	lot_patio_02_plain	Buildings Catalogue Curated\Dixie\Other\lot_patio_02_plain.tbx
FILLER_PROP	outbuilding	S	10	10	100	1.0	N	patio	6		patioplai	Dixie	lot_patio_05_plain	Buildings Catalogue Curated\Dixie\Other\lot_patio_05_plain.tbx
FILLER_PROP	outbuilding	S	10	10	100	1.0	N	patio	5		patioplai	March Ridge	lot_patio_01_plain	Buildings Catalogue Curated\March Ridge\Other\lot_patio_01_plain.tbx
FILLER_PROP	outbuilding	S	10	10	100	1.0	N	patio	7	Buildings Catalogue Curated\Dixie\Other\lot_patio_02_plain.tbx	patioplai	March Ridge	lot_patio_02_plain	Buildings Catalogue Curated\March Ridge\Other\lot_patio_02_plain.tbx
FILLER_PROP	outbuilding	S	10	10	100	1.0	N	patio	3		patioplai	March Ridge	lot_patio_03_plain	Buildings Catalogue Curated\March Ridge\Other\lot_patio_03_plain.tbx
FILLER_PROP	outbuilding	S	10	10	100	1.0	N	patio	6		patioplai	March Ridge	lot_patio_04_plain	Buildings Catalogue Curated\March Ridge\Other\lot_patio_04_plain.tbx
FILLER_PROP	outbuilding	S	10	10	100	1.0	N	patio	6	Buildings Catalogue Curated\Dixie\Other\lot_patio_05_plain.tbx	patioplai	March Ridge	lot_patio_05_plain	Buildings Catalogue Curated\March Ridge\Other\lot_patio_05_plain.tbx
FILLER_PROP	outbuilding	S	10	10	100	1.0	N	patio	4		patioplai	March Ridge	lot_patio_06_plain	Buildings Catalogue Curated\March Ridge\Other\lot_patio_06_plain.tbx
FILLER_PROP	outbuilding	S	10	10	100	1.0	N	patio	4		patioplai	March Ridge	lot_patio_07_plain	Buildings Catalogue Curated\March Ridge\Other\lot_patio_07_plain.tbx
FILLER_PROP	outbuilding	S	10	10	100	1.0	N	patio	2		patioplai	March Ridge	lot_patio_08_plain	Buildings Catalogue Curated\March Ridge\Other\lot_patio_08_plain.tbx
FILLER_PROP	outbuilding	S	10	10	100	1.0	N	patio	2		patioplai	March Ridge	lot_patio_09_plain	Buildings Catalogue Curated\March Ridge\Other\lot_patio_09_plain.tbx
FILLER_PROP	outbuilding	S	10	10	100	1.0	N	patio	5	Buildings Catalogue Curated\March Ridge\Other\lot_patio_01_plain.tbx	patioplai	Muldraugh	lot_patio_01_plain	Buildings Catalogue Curated\Muldraugh\Other\lot_patio_01_plain.tbx
FILLER_PROP	outbuilding	S	10	10	100	1.0	N	patio	7	Buildings Catalogue Curated\Dixie\Other\lot_patio_02_plain.tbx	patioplai	Muldraugh	lot_patio_02_plain	Buildings Catalogue Curated\Muldraugh\Other\lot_patio_02_plain.tbx
FILLER_PROP	outbuilding	S	10	10	100	1.0	N	patio	3	Buildings Catalogue Curated\March Ridge\Other\lot_patio_03_plain.tbx	patioplai	Muldraugh	lot_patio_03_plain	Buildings Catalogue Curated\Muldraugh\Other\lot_patio_03_plain.tbx
FILLER_PROP	outbuilding	S	10	10	100	1.0	N	patio	6	Buildings Catalogue Curated\March Ridge\Other\lot_patio_04_plain.tbx	patioplai	Muldraugh	lot_patio_04_plain	Buildings Catalogue Curated\Muldraugh\Other\lot_patio_04_plain.tbx
FILLER_PROP	outbuilding	S	10	10	100	1.0	N	patio	6	Buildings Catalogue Curated\Dixie\Other\lot_patio_05_plain.tbx	patioplai	Muldraugh	lot_patio_05_plain	Buildings Catalogue Curated\Muldraugh\Other\lot_patio_05_plain.tbx
FILLER_PROP	outbuilding	S	10	10	100	1.0	N	patio	5	Buildings Catalogue Curated\March Ridge\Other\lot_patio_01_plain.tbx	patioplai	Riverwood	lot_patio_01_plain	Buildings Catalogue Curated\Riverwood\Other\lot_patio_01_plain.tbx
FILLER_PROP	outbuilding	S	10	10	100	1.0	N	patio	7	Buildings Catalogue Curated\Dixie\Other\lot_patio_02_plain.tbx	patioplai	Riverwood	lot_patio_02_plain	Buildings Catalogue Curated\Riverwood\Other\lot_patio_02_plain.tbx
FILLER_PROP	outbuilding	S	10	10	100	1.0	N	patio	3	Buildings Catalogue Curated\March Ridge\Other\lot_patio_03_plain.tbx	patioplai	Riverwood	lot_patio_03_plain	Buildings Catalogue Curated\Riverwood\Other\lot_patio_03_plain.tbx
FILLER_PROP	outbuilding	S	10	10	100	1.0	N	patio	6	Buildings Catalogue Curated\March Ridge\Other\lot_patio_04_plain.tbx	patioplai	Riverwood	lot_patio_04_plain	Buildings Catalogue Curated\Riverwood\Other\lot_patio_04_plain.tbx
FILLER_PROP	outbuilding	S	10	10	100	1.0	N	patio	6	Buildings Catalogue Curated\Dixie\Other\lot_patio_05_plain.tbx	patioplai	Riverwood	lot_patio_05_plain	Buildings Catalogue Curated\Riverwood\Other\lot_patio_05_plain.tbx
FILLER_PROP	outbuilding	S	10	10	100	1.0	N	patio	4	Buildings Catalogue Curated\March Ridge\Other\lot_patio_06_plain.tbx	patioplai	Riverwood	lot_patio_06_plain	Buildings Catalogue Curated\Riverwood\Other\lot_patio_06_plain.tbx
FILLER_PROP	outbuilding	S	10	10	100	1.0	N	patio	4	Buildings Catalogue Curated\March Ridge\Other\lot_patio_07_plain.tbx	patioplai	Riverwood	lot_patio_07_plain	Buildings Catalogue Curated\Riverwood\Other\lot_patio_07_plain.tbx
FILLER_PROP	outbuilding	S	10	10	100	1.0	N	patio	2	Buildings Catalogue Curated\March Ridge\Other\lot_patio_08_plain.tbx	patioplai	Riverwood	lot_patio_08_plain	Buildings Catalogue Curated\Riverwood\Other\lot_patio_08_plain.tbx
FILLER_PROP	outbuilding	S	10	10	100	1.0	N	patio	5	Buildings Catalogue Curated\March Ridge\Other\lot_patio_01_plain.tbx	patioplai	Rosewood	lot_patio_01_plain	Buildings Catalogue Curated\Rosewood\Other\lot_patio_01_plain.tbx
FILLER_PROP	outbuilding	S	10	10	100	1.0	N	patio	7	Buildings Catalogue Curated\Dixie\Other\lot_patio_02_plain.tbx	patioplai	Rosewood	lot_patio_02_plain	Buildings Catalogue Curated\Rosewood\Other\lot_patio_02_plain.tbx
FILLER_PROP	outbuilding	S	10	10	100	1.0	N	patio	6	Buildings Catalogue Curated\March Ridge\Other\lot_patio_04_plain.tbx	patioplai	Rosewood	lot_patio_04_plain	Buildings Catalogue Curated\Rosewood\Other\lot_patio_04_plain.tbx
FILLER_PROP	outbuilding	S	10	10	100	1.0	N	patio	6	Buildings Catalogue Curated\Dixie\Other\lot_patio_05_plain.tbx	patioplai	Rosewood	lot_patio_05_plain	Buildings Catalogue Curated\Rosewood\Other\lot_patio_05_plain.tbx
FILLER_PROP	outbuilding	S	10	10	100	1.0	N	patio	4	Buildings Catalogue Curated\March Ridge\Other\lot_patio_06_plain.tbx	patioplai	Rosewood	lot_patio_06_plain	Buildings Catalogue Curated\Rosewood\Other\lot_patio_06_plain.tbx
FILLER_PROP	outbuilding	S	10	10	100	1.0	N	patio	4	Buildings Catalogue Curated\March Ridge\Other\lot_patio_07_plain.tbx	patioplai	Rosewood	lot_patio_07_plain	Buildings Catalogue Curated\Rosewood\Other\lot_patio_07_plain.tbx
FILLER_PROP	outbuilding	S	10	10	100	1.0	N	patio	5	Buildings Catalogue Curated\March Ridge\Other\lot_patio_01_plain.tbx	patioplai	Valley Station	lot_patio_01_plain	Buildings Catalogue Curated\Valley Station\Other\lot_patio_01_plain.tbx
FILLER_PROP	outbuilding	S	10	10	100	1.0	N	patio	7	Buildings Catalogue Curated\Dixie\Other\lot_patio_02_plain.tbx	patioplai	Valley Station	lot_patio_02_plain	Buildings Catalogue Curated\Valley Station\Other\lot_patio_02_plain.tbx
FILLER_PROP	outbuilding	S	10	10	100	1.0	N	patio	6	Buildings Catalogue Curated\March Ridge\Other\lot_patio_04_plain.tbx	patioplai	Valley Station	lot_patio_04_plain	Buildings Catalogue Curated\Valley Station\Other\lot_patio_04_plain.tbx
FILLER_PROP	outbuilding	S	10	10	100	1.0	N	patio	4	Buildings Catalogue Curated\March Ridge\Other\lot_patio_06_plain.tbx	patioplai	Valley Station	lot_patio_06_plain	Buildings Catalogue Curated\Valley Station\Other\lot_patio_06_plain.tbx
FILLER_PROP	outbuilding	S	10	10	100	1.0	N	patio	4	Buildings Catalogue Curated\March Ridge\Other\lot_patio_07_plain.tbx	patioplai	Valley Station	lot_patio_07_plain	Buildings Catalogue Curated\Valley Station\Other\lot_patio_07_plain.tbx
FILLER_PROP	outbuilding	S	10	10	100	1.0	N	patio	2	Buildings Catalogue Curated\March Ridge\Other\lot_patio_09_plain.tbx	patioplai	Valley Station	lot_patio_09_plain	Buildings Catalogue Curated\Valley Station\Other\lot_patio_09_plain.tbx
FILLER_PROP	outbuilding	S	10	10	100	1.0	N	patio	7	Buildings Catalogue Curated\Dixie\Other\lot_patio_02_plain.tbx	patioplai	West Point	lot_patio_02_plain	Buildings Catalogue Curated\West Point\Other\lot_patio_02_plain.tbx
FILLER_PROP	outbuilding	S	10	10	100	1.0	N	patio	6	Buildings Catalogue Curated\March Ridge\Other\lot_patio_04_plain.tbx	patioplai	West Point	lot_patio_04_plain	Buildings Catalogue Curated\West Point\Other\lot_patio_04_plain.tbx
FILLER_PROP	outbuilding	S	10	10	100	1.0	N	patio	6	Buildings Catalogue Curated\Dixie\Other\lot_patio_05_plain.tbx	patioplai	West Point	lot_patio_05_plain	Buildings Catalogue Curated\West Point\Other\lot_patio_05_plain.tbx
FILLER_PROP	outbuilding	S	8	11	88	1.38	S	shed	1		shed	West Point	lot_shed_11	Buildings Catalogue Curated\West Point\Other\lot_shed_11.tbx
FILLER_PROP	outbuilding	S	8	8	64	1.0	E	house	1		housegarage	Dixie	lot_house_garage_07g	Buildings Catalogue Curated\Dixie\Residential\lot_house_garage_07g.tbx
FILLER_PROP	outbuilding	S	8	8	64	1.0	E	house	1		housegarage	Muldraugh	lot_house_garage_07b	Buildings Catalogue Curated\Muldraugh\Other\lot_house_garage_07b.tbx
FILLER_PROP	outbuilding	S	8	8	64	1.0	E	house	3		housegarage	Muldraugh	lot_house_garage_07c	Buildings Catalogue Curated\Muldraugh\Other\lot_house_garage_07c.tbx
FILLER_PROP	outbuilding	S	8	8	64	1.0	N	house	3		housegarage	Muldraugh	lot_house_garage_20	Buildings Catalogue Curated\Muldraugh\Other\lot_house_garage_20.tbx
FILLER_PROP	outbuilding	S	8	8	64	1.0	S	house	2		housegarage	Muldraugh	lot_house_garage_29	Buildings Catalogue Curated\Muldraugh\Other\lot_house_garage_29.tbx
FILLER_PROP	outbuilding	S	8	8	64	1.0	E	house	1		housegarage	Riverwood	lot_house_garage_01	Buildings Catalogue Curated\Riverwood\Residential\lot_house_garage_01.tbx
FILLER_PROP	outbuilding	S	8	8	64	1.0	E	house	3		housegarage	Riverwood	lot_house_garage_17	Buildings Catalogue Curated\Riverwood\Residential\lot_house_garage_17.tbx
FILLER_PROP	outbuilding	S	8	8	64	1.0	N	house	2		housegarage	Rosewood	lot_house_garage_04	Buildings Catalogue Curated\Rosewood\Residential\lot_house_garage_04.tbx
FILLER_PROP	outbuilding	S	8	8	64	1.0	E	house	1		housegarage	Rosewood	lot_house_garage_07	Buildings Catalogue Curated\Rosewood\Residential\lot_house_garage_07.tbx
FILLER_PROP	outbuilding	S	8	8	64	1.0	E	house	3	Buildings Catalogue Curated\Muldraugh\Other\lot_house_garage_07c.tbx	housegarage	Rosewood	lot_house_garage_07c	Buildings Catalogue Curated\Rosewood\Residential\lot_house_garage_07c.tbx
FILLER_PROP	outbuilding	S	8	8	64	1.0	N	house	1		housegarage	Rosewood	lot_house_garage_07d	Buildings Catalogue Curated\Rosewood\Residential\lot_house_garage_07d.tbx
FILLER_PROP	outbuilding	S	8	8	64	1.0	N	house	1		housegarage	Rosewood	lot_house_garage_07f	Buildings Catalogue Curated\Rosewood\Residential\lot_house_garage_07f.tbx
FILLER_PROP	outbuilding	S	8	8	64	1.0	E	house	1		housegarage	Rosewood	lot_house_garage_08	Buildings Catalogue Curated\Rosewood\Residential\lot_house_garage_08.tbx
FILLER_PROP	outbuilding	S	8	8	64	1.0	E	house	1		housegarage	Rosewood	lot_house_garage_09	Buildings Catalogue Curated\Rosewood\Residential\lot_house_garage_09.tbx
FILLER_PROP	outbuilding	S	8	8	64	1.0	E	house	1		housegarage	Rosewood	lot_house_garage_10	Buildings Catalogue Curated\Rosewood\Residential\lot_house_garage_10.tbx
FILLER_PROP	outbuilding	S	8	8	64	1.0	E	house	2		housegarage	Rosewood	lot_house_garage_12	Buildings Catalogue Curated\Rosewood\Residential\lot_house_garage_12.tbx
FILLER_PROP	outbuilding	S	8	8	64	1.0	E	house	2		housegarage	Rosewood	lot_house_garage_13_08v	Buildings Catalogue Curated\Rosewood\Residential\lot_house_garage_13_08v.tbx
FILLER_PROP	outbuilding	S	8	8	64	1.0	E	house	2		housegarage	Rosewood	lot_house_garage_14	Buildings Catalogue Curated\Rosewood\Residential\lot_house_garage_14.tbx
FILLER_PROP	outbuilding	S	8	8	64	1.0	E	house	2		housegarage	Rosewood	lot_house_garage_16	Buildings Catalogue Curated\Rosewood\Residential\lot_house_garage_16.tbx
FILLER_PROP	outbuilding	S	8	8	64	1.0	E	house	3	Buildings Catalogue Curated\Riverwood\Residential\lot_house_garage_17.tbx	housegarage	Rosewood	lot_house_garage_17	Buildings Catalogue Curated\Rosewood\Residential\lot_house_garage_17.tbx
FILLER_PROP	outbuilding	S	8	8	64	1.0	E	house	2		housegarage	Rosewood	lot_house_garage_18	Buildings Catalogue Curated\Rosewood\Residential\lot_house_garage_18.tbx
FILLER_PROP	outbuilding	S	8	8	64	1.0	N	house	3	Buildings Catalogue Curated\Muldraugh\Other\lot_house_garage_20.tbx	housegarage	Rosewood	lot_house_garage_20	Buildings Catalogue Curated\Rosewood\Residential\lot_house_garage_20.tbx
FILLER_PROP	outbuilding	S	8	8	64	1.0	N	house	2		housegarage	Rosewood	lot_house_garage_21	Buildings Catalogue Curated\Rosewood\Residential\lot_house_garage_21.tbx
FILLER_PROP	outbuilding	S	8	8	64	1.0	E	house	2		housegarage	Rosewood	lot_house_garage_26	Buildings Catalogue Curated\Rosewood\Residential\lot_house_garage_26.tbx
FILLER_PROP	outbuilding	S	8	8	64	1.0	S	house	2	Buildings Catalogue Curated\Muldraugh\Other\lot_house_garage_29.tbx	housegarage	Rosewood	lot_house_garage_29	Buildings Catalogue Curated\Rosewood\Residential\lot_house_garage_29.tbx
FILLER_PROP	outbuilding	S	8	8	64	1.0	N	house	2		housegarage	Rosewood	lot_house_garage_30	Buildings Catalogue Curated\Rosewood\Residential\lot_house_garage_30.tbx
FILLER_PROP	outbuilding	S	8	8	64	1.0	N	house	1		housegarage	Rosewood	lot_house_garage_31	Buildings Catalogue Curated\Rosewood\Residential\lot_house_garage_31.tbx
FILLER_PROP	outbuilding	S	8	8	64	1.0	E	house	3	Buildings Catalogue Curated\Muldraugh\Other\lot_house_garage_07c.tbx	housegarage	Valley Station	lot_house_garage_07c	Buildings Catalogue Curated\Valley Station\Residential\lot_house_garage_07c.tbx
FILLER_PROP	outbuilding	S	8	8	64	1.0	E	house	1		housegarage	Valley Station	lot_house_garage_07e	Buildings Catalogue Curated\Valley Station\Residential\lot_house_garage_07e.tbx
FILLER_PROP	outbuilding	S	8	8	64	1.0	N	house	2	Buildings Catalogue Curated\Rosewood\Residential\lot_house_garage_30.tbx	housegarage	Valley Station	lot_house_garage_30	Buildings Catalogue Curated\Valley Station\Residential\lot_house_garage_30.tbx
FILLER_PROP	outbuilding	S	8	8	64	1.0	N	house	2	Buildings Catalogue Curated\Rosewood\Residential\lot_house_garage_04.tbx	housegarage	West Point	lot_house_garage_04	Buildings Catalogue Curated\West Point\Residential\lot_house_garage_04.tbx
FILLER_PROP	outbuilding	S	8	8	64	1.0	E	house	1		housegarageeop	West Point	lot_house_garage_07eOpen	Buildings Catalogue Curated\West Point\Residential\lot_house_garage_07eOpen.tbx
FILLER_PROP	outbuilding	S	8	8	64	1.0	E	house	1		housegarage	West Point	lot_house_garage_11	Buildings Catalogue Curated\West Point\Residential\lot_house_garage_11.tbx
FILLER_PROP	outbuilding	S	8	8	64	1.0	E	house	2	Buildings Catalogue Curated\Rosewood\Residential\lot_house_garage_12.tbx	housegarage	West Point	lot_house_garage_12	Buildings Catalogue Curated\West Point\Residential\lot_house_garage_12.tbx
FILLER_PROP	outbuilding	S	8	8	64	1.0	E	house	2	Buildings Catalogue Curated\Rosewood\Residential\lot_house_garage_13_08v.tbx	housegarage	West Point	lot_house_garage_13_08v	Buildings Catalogue Curated\West Point\Residential\lot_house_garage_13_08v.tbx
FILLER_PROP	outbuilding	S	8	8	64	1.0	E	house	2	Buildings Catalogue Curated\Rosewood\Residential\lot_house_garage_14.tbx	housegarage	West Point	lot_house_garage_14	Buildings Catalogue Curated\West Point\Residential\lot_house_garage_14.tbx
FILLER_PROP	outbuilding	S	8	8	64	1.0	E	house	1		housegarage	West Point	lot_house_garage_15	Buildings Catalogue Curated\West Point\Residential\lot_house_garage_15.tbx
FILLER_PROP	outbuilding	S	8	8	64	1.0	E	house	2	Buildings Catalogue Curated\Rosewood\Residential\lot_house_garage_16.tbx	housegarage	West Point	lot_house_garage_16	Buildings Catalogue Curated\West Point\Residential\lot_house_garage_16.tbx
FILLER_PROP	outbuilding	S	8	8	64	1.0	E	house	3	Buildings Catalogue Curated\Riverwood\Residential\lot_house_garage_17.tbx	housegarage	West Point	lot_house_garage_17	Buildings Catalogue Curated\West Point\Residential\lot_house_garage_17.tbx
FILLER_PROP	outbuilding	S	8	8	64	1.0	E	house	2	Buildings Catalogue Curated\Rosewood\Residential\lot_house_garage_18.tbx	housegarage	West Point	lot_house_garage_18	Buildings Catalogue Curated\West Point\Residential\lot_house_garage_18.tbx
FILLER_PROP	outbuilding	S	8	8	64	1.0	E	house	1		housegarage	West Point	lot_house_garage_19	Buildings Catalogue Curated\West Point\Residential\lot_house_garage_19.tbx
FILLER_PROP	outbuilding	S	8	8	64	1.0	N	house	3	Buildings Catalogue Curated\Muldraugh\Other\lot_house_garage_20.tbx	housegarage	West Point	lot_house_garage_20	Buildings Catalogue Curated\West Point\Residential\lot_house_garage_20.tbx
FILLER_PROP	outbuilding	S	8	8	64	1.0	N	house	2	Buildings Catalogue Curated\Rosewood\Residential\lot_house_garage_21.tbx	housegarage	West Point	lot_house_garage_21	Buildings Catalogue Curated\West Point\Residential\lot_house_garage_21.tbx
FILLER_PROP	outbuilding	S	8	8	64	1.0	E	house	1		housegarage	West Point	lot_house_garage_22	Buildings Catalogue Curated\West Point\Residential\lot_house_garage_22.tbx
FILLER_PROP	outbuilding	S	8	8	64	1.0	E	house	1		housegarage	West Point	lot_house_garage_23	Buildings Catalogue Curated\West Point\Residential\lot_house_garage_23.tbx
FILLER_PROP	outbuilding	S	8	8	64	1.0	N	house	1		housegarage	West Point	lot_house_garage_24	Buildings Catalogue Curated\West Point\Residential\lot_house_garage_24.tbx
FILLER_PROP	outbuilding	S	8	8	64	1.0	S	house	1		housegarage	West Point	lot_house_garage_25	Buildings Catalogue Curated\West Point\Residential\lot_house_garage_25.tbx
FILLER_PROP	outbuilding	S	8	8	64	1.0	E	house	2	Buildings Catalogue Curated\Rosewood\Residential\lot_house_garage_26.tbx	housegarage	West Point	lot_house_garage_26	Buildings Catalogue Curated\West Point\Residential\lot_house_garage_26.tbx
FILLER_PROP	outbuilding	S	8	8	64	1.0	S	house	1		housegarage	West Point	lot_house_garage_27	Buildings Catalogue Curated\West Point\Residential\lot_house_garage_27.tbx
FILLER_PROP	outbuilding	S	8	8	64	1.0	S	house	1		housegarage	West Point	lot_house_garage_28	Buildings Catalogue Curated\West Point\Residential\lot_house_garage_28.tbx
FILLER_PROP	outbuilding	S	8	8	64	1.0	E	house	1		housegarage	Loose	lot_house_garage_06	Residential\lot_house_garage_06.tbx
FILLER_PROP	outbuilding	S	6	8	48	1.33	S	shed	1		shedtrapper	Riverwood	lot_shed_25_trapper	Buildings Catalogue Curated\Riverwood\Other\lot_shed_25_trapper.tbx
FILLER_PROP	outbuilding	XS	7	6	42	1.17	E	shed	6		shed	Dixie	lot_shed_09b	Buildings Catalogue Curated\Dixie\Other\lot_shed_09b.tbx
FILLER_PROP	outbuilding	XS	7	6	42	1.17	E	shed	6	Buildings Catalogue Curated\Dixie\Other\lot_shed_09b.tbx	shed	March Ridge	lot_shed_09b	Buildings Catalogue Curated\March Ridge\Other\lot_shed_09b.tbx
FILLER_PROP	outbuilding	XS	7	6	42	1.17	E	shed	6	Buildings Catalogue Curated\Dixie\Other\lot_shed_09b.tbx	shed	Muldraugh	lot_shed_09b	Buildings Catalogue Curated\Muldraugh\Other\lot_shed_09b.tbx
FILLER_PROP	outbuilding	XS	7	6	42	1.17	E	shed	6	Buildings Catalogue Curated\Dixie\Other\lot_shed_09b.tbx	shed	Riverwood	lot_shed_09b	Buildings Catalogue Curated\Riverwood\Other\lot_shed_09b.tbx
FILLER_PROP	outbuilding	XS	7	6	42	1.17	E	shed	6	Buildings Catalogue Curated\Dixie\Other\lot_shed_09b.tbx	shed	Rosewood	lot_shed_09b	Buildings Catalogue Curated\Rosewood\Other\lot_shed_09b.tbx
FILLER_PROP	outbuilding	XS	7	6	42	1.17	E	shed	6	Buildings Catalogue Curated\Dixie\Other\lot_shed_09b.tbx	shed	Valley Station	lot_shed_09b	Buildings Catalogue Curated\Valley Station\Other\lot_shed_09b.tbx
FILLER_PROP	outbuilding	XS	6	6	36	1.0	S	shed	3		shedponyroamo	Dixie	lot_shed_08_ponyroamo	Buildings Catalogue Curated\Dixie\Other\lot_shed_08_ponyroamo.tbx
FILLER_PROP	outbuilding	XS	6	6	36	1.0	N	shed	5		shed	Dixie	lot_shed_09	Buildings Catalogue Curated\Dixie\Other\lot_shed_09.tbx
FILLER_PROP	outbuilding	XS	6	6	36	1.0	S	shed	2		shed	Dixie	lot_shed_21	Buildings Catalogue Curated\Dixie\Other\lot_shed_21.tbx
FILLER_PROP	outbuilding	XS	6	6	36	1.0	N	shed	5	Buildings Catalogue Curated\Dixie\Other\lot_shed_09.tbx	shed	March Ridge	lot_shed_09	Buildings Catalogue Curated\March Ridge\Other\lot_shed_09.tbx
FILLER_PROP	outbuilding	XS	6	6	36	1.0	N	garage	2		garagecanopy	Muldraugh	lot_garage_canopy_01	Buildings Catalogue Curated\Muldraugh\Other\lot_garage_canopy_01.tbx
FILLER_PROP	outbuilding	XS	6	6	36	1.0	N	garage	2		garagecanopy	Muldraugh	lot_garage_canopy_02	Buildings Catalogue Curated\Muldraugh\Other\lot_garage_canopy_02.tbx
FILLER_PROP	outbuilding	XS	6	6	36	1.0	N	garage	4		garagecanopy	Muldraugh	lot_garage_canopy_03	Buildings Catalogue Curated\Muldraugh\Other\lot_garage_canopy_03.tbx
FILLER_PROP	outbuilding	XS	6	6	36	1.0	N	garage	2		garagecanopy	Muldraugh	lot_garage_canopy_04	Buildings Catalogue Curated\Muldraugh\Other\lot_garage_canopy_04.tbx
FILLER_PROP	outbuilding	XS	6	6	36	1.0	E	shed	1		shed	Muldraugh	lot_shed_01	Buildings Catalogue Curated\Muldraugh\Other\lot_shed_01.tbx
FILLER_PROP	outbuilding	XS	6	6	36	1.0	E	shed	3		shed	Muldraugh	lot_shed_03	Buildings Catalogue Curated\Muldraugh\Other\lot_shed_03.tbx
FILLER_PROP	outbuilding	XS	6	6	36	1.0	S	shed	3	Buildings Catalogue Curated\Dixie\Other\lot_shed_08_ponyroamo.tbx	shedponyroamo	Muldraugh	lot_shed_08_ponyroamo	Buildings Catalogue Curated\Muldraugh\Other\lot_shed_08_ponyroamo.tbx
FILLER_PROP	outbuilding	XS	6	6	36	1.0	S	shed	2	Buildings Catalogue Curated\Dixie\Other\lot_shed_21.tbx	shed	Muldraugh	lot_shed_21	Buildings Catalogue Curated\Muldraugh\Other\lot_shed_21.tbx
FILLER_PROP	outbuilding	XS	6	6	36	1.0	N	garage	4	Buildings Catalogue Curated\Muldraugh\Other\lot_garage_canopy_03.tbx	garagecanopy	Riverwood	lot_garage_canopy_03	Buildings Catalogue Curated\Riverwood\Other\lot_garage_canopy_03.tbx
FILLER_PROP	outbuilding	XS	6	6	36	1.0	S	shed	3	Buildings Catalogue Curated\Dixie\Other\lot_shed_08_ponyroamo.tbx	shedponyroamo	Riverwood	lot_shed_08_ponyroamo	Buildings Catalogue Curated\Riverwood\Other\lot_shed_08_ponyroamo.tbx
FILLER_PROP	outbuilding	XS	6	6	36	1.0	N	shed	5	Buildings Catalogue Curated\Dixie\Other\lot_shed_09.tbx	shed	Riverwood	lot_shed_09	Buildings Catalogue Curated\Riverwood\Other\lot_shed_09.tbx
FILLER_PROP	outbuilding	XS	6	6	36	1.0	N	shed	3		shed	Riverwood	lot_shed_12	Buildings Catalogue Curated\Riverwood\Other\lot_shed_12.tbx
FILLER_PROP	outbuilding	XS	6	6	36	1.0	N	garage	2	Buildings Catalogue Curated\Muldraugh\Other\lot_garage_canopy_01.tbx	garagecanopy	Rosewood	lot_garage_canopy_01	Buildings Catalogue Curated\Rosewood\Other\lot_garage_canopy_01.tbx
FILLER_PROP	outbuilding	XS	6	6	36	1.0	N	garage	2	Buildings Catalogue Curated\Muldraugh\Other\lot_garage_canopy_02.tbx	garagecanopy	Valley Station	lot_garage_canopy_02	Buildings Catalogue Curated\Valley Station\Other\lot_garage_canopy_02.tbx
FILLER_PROP	outbuilding	XS	6	6	36	1.0	N	garage	4	Buildings Catalogue Curated\Muldraugh\Other\lot_garage_canopy_03.tbx	garagecanopy	Valley Station	lot_garage_canopy_03	Buildings Catalogue Curated\Valley Station\Other\lot_garage_canopy_03.tbx
FILLER_PROP	outbuilding	XS	6	6	36	1.0	N	garage	2	Buildings Catalogue Curated\Muldraugh\Other\lot_garage_canopy_04.tbx	garagecanopy	Valley Station	lot_garage_canopy_04	Buildings Catalogue Curated\Valley Station\Other\lot_garage_canopy_04.tbx
FILLER_PROP	outbuilding	XS	6	6	36	1.0	E	shed	3	Buildings Catalogue Curated\Muldraugh\Other\lot_shed_03.tbx	shed	Valley Station	lot_shed_03	Buildings Catalogue Curated\Valley Station\Other\lot_shed_03.tbx
FILLER_PROP	outbuilding	XS	6	6	36	1.0	N	shed	5	Buildings Catalogue Curated\Dixie\Other\lot_shed_09.tbx	shed	Valley Station	lot_shed_09	Buildings Catalogue Curated\Valley Station\Other\lot_shed_09.tbx
FILLER_PROP	outbuilding	XS	6	6	36	1.0	N	shed	3	Buildings Catalogue Curated\Riverwood\Other\lot_shed_12.tbx	shed	Valley Station	lot_shed_12	Buildings Catalogue Curated\Valley Station\Other\lot_shed_12.tbx
FILLER_PROP	outbuilding	XS	6	6	36	1.0	N	garage	4	Buildings Catalogue Curated\Muldraugh\Other\lot_garage_canopy_03.tbx	garagecanopy	West Point	lot_garage_canopy_03	Buildings Catalogue Curated\West Point\Other\lot_garage_canopy_03.tbx
FILLER_PROP	outbuilding	XS	6	6	36	1.0	E	shed	3	Buildings Catalogue Curated\Muldraugh\Other\lot_shed_03.tbx	shed	West Point	lot_shed_03	Buildings Catalogue Curated\West Point\Other\lot_shed_03.tbx
FILLER_PROP	outbuilding	XS	6	6	36	1.0	N	shed	5	Buildings Catalogue Curated\Dixie\Other\lot_shed_09.tbx	shed	West Point	lot_shed_09	Buildings Catalogue Curated\West Point\Other\lot_shed_09.tbx
FILLER_PROP	outbuilding	XS	6	6	36	1.0	N	shed	3	Buildings Catalogue Curated\Riverwood\Other\lot_shed_12.tbx	shed	West Point	lot_shed_12	Buildings Catalogue Curated\West Point\Other\lot_shed_12.tbx
FILLER_PROP	prop	XXL	40	290	11600	7.25	E		1		goldengat	Loose	golden gate new	Special\golden gate new.tbx
FILLER_PROP	prop	XL	60	60	3600	1.0	N	electrical	1		electricalsubstatio	Other	lot_electrical_substation	Buildings Catalogue Curated\Other\Other\lot_electrical_substation.tbx
FILLER_PROP	prop	L	40	40	1600	1.0	N	electrical	1		electricalsubstation	Other	lot_electrical_substation_2	Buildings Catalogue Curated\Other\Other\lot_electrical_substation_2.tbx
FILLER_PROP	prop	L	27	26	702	1.04	N	electrical	1		electricalsubstation	Other	lot_electrical_substation3	Buildings Catalogue Curated\Other\Other\lot_electrical_substation3.tbx
FILLER_PROP	prop	M	20	13	260	1.54	S	outhouse	1		outhouse	Rosewood	lot_outhouse_05	Buildings Catalogue Curated\Rosewood\Other\lot_outhouse_05.tbx
FILLER_PROP	prop	M	13	20	260	1.54	E	outhouse	1		outhouse	Valley Station	lot_outhouse_04	Buildings Catalogue Curated\Valley Station\Other\lot_outhouse_04.tbx
FILLER_PROP	prop	S	12	12	144	1.0	E	traincar	2		traincar	Muldraugh	lot_traincar_01	Buildings Catalogue Curated\Muldraugh\Other\lot_traincar_01.tbx
FILLER_PROP	prop	S	12	12	144	1.0	E	traincar	2		traincar	Muldraugh	lot_traincar_02	Buildings Catalogue Curated\Muldraugh\Other\lot_traincar_02.tbx
FILLER_PROP	prop	S	12	12	144	1.0	E	traincar	2		traincar	Muldraugh	lot_traincar_03	Buildings Catalogue Curated\Muldraugh\Other\lot_traincar_03.tbx
FILLER_PROP	prop	S	12	12	144	1.0	E	traincar	2		traincar	Muldraugh	lot_traincar_04	Buildings Catalogue Curated\Muldraugh\Other\lot_traincar_04.tbx
FILLER_PROP	prop	S	12	12	144	1.0	E	traincar	2	Buildings Catalogue Curated\Muldraugh\Other\lot_traincar_01.tbx	traincar	Valley Station	lot_traincar_01	Buildings Catalogue Curated\Valley Station\Other\lot_traincar_01.tbx
FILLER_PROP	prop	S	12	12	144	1.0	E	traincar	2	Buildings Catalogue Curated\Muldraugh\Other\lot_traincar_02.tbx	traincar	Valley Station	lot_traincar_02	Buildings Catalogue Curated\Valley Station\Other\lot_traincar_02.tbx
FILLER_PROP	prop	S	12	12	144	1.0	E	traincar	2	Buildings Catalogue Curated\Muldraugh\Other\lot_traincar_03.tbx	traincar	Valley Station	lot_traincar_03	Buildings Catalogue Curated\Valley Station\Other\lot_traincar_03.tbx
FILLER_PROP	prop	S	12	12	144	1.0	E	traincar	2	Buildings Catalogue Curated\Muldraugh\Other\lot_traincar_04.tbx	traincar	Valley Station	lot_traincar_04	Buildings Catalogue Curated\Valley Station\Other\lot_traincar_04.tbx
FILLER_PROP	prop	S	9	9	81	1.0	N	traincar	2		traincar	Muldraugh	lot_traincar_05	Buildings Catalogue Curated\Muldraugh\Other\lot_traincar_05.tbx
FILLER_PROP	prop	S	9	9	81	1.0	N	traincar	2	Buildings Catalogue Curated\Muldraugh\Other\lot_traincar_05.tbx	traincar	Valley Station	lot_traincar_05	Buildings Catalogue Curated\Valley Station\Other\lot_traincar_05.tbx
FILLER_PROP	prop	S	8	8	64	1.0	N	billboard	3		billboardspiffo	Muldraugh	lot_billboard_01_spiffo	Buildings Catalogue Curated\Muldraugh\Other\lot_billboard_01_spiffo.tbx
FILLER_PROP	prop	S	8	8	64	1.0	N	billboard	2		billboardcitr	Muldraugh	lot_billboard_05_citr8	Buildings Catalogue Curated\Muldraugh\Other\lot_billboard_05_citr8.tbx
FILLER_PROP	prop	S	8	8	64	1.0	N	billboard	1		billboardponyroamo	Muldraugh	lot_billboard_06_ponyroamo	Buildings Catalogue Curated\Muldraugh\Other\lot_billboard_06_ponyroamo.tbx
FILLER_PROP	prop	S	8	8	64	1.0	N	billboard	3	Buildings Catalogue Curated\Muldraugh\Other\lot_billboard_01_spiffo.tbx	billboardspiffo	Rosewood	lot_billboard_01_spiffo	Buildings Catalogue Curated\Rosewood\Other\lot_billboard_01_spiffo.tbx
FILLER_PROP	prop	S	8	8	64	1.0	N	billboard	3	Buildings Catalogue Curated\Muldraugh\Other\lot_billboard_01_spiffo.tbx	billboardspiffo	Valley Station	lot_billboard_01_spiffo	Buildings Catalogue Curated\Valley Station\Other\lot_billboard_01_spiffo.tbx
FILLER_PROP	prop	S	8	8	64	1.0	N	billboard	2	Buildings Catalogue Curated\Muldraugh\Other\lot_billboard_05_citr8.tbx	billboardcitr	Valley Station	lot_billboard_05_citr8	Buildings Catalogue Curated\Valley Station\Other\lot_billboard_05_citr8.tbx
FILLER_PROP	prop	S	8	8	64	1.0	N	billboard	1		billboardjackiejay	Valley Station	lot_billboard_11_jackiejaye	Buildings Catalogue Curated\Valley Station\Other\lot_billboard_11_jackiejaye.tbx
FILLER_PROP	prop	S	8	8	64	1.0	N	billboard	1		billboardcitr	West Point	lot_billboard_04_citr8	Buildings Catalogue Curated\West Point\Other\lot_billboard_04_citr8.tbx
FILLER_PROP	prop	S	8	8	64	1.0	N	billboard	1		billboardzipp	West Point	lot_billboard_07_zippee	Buildings Catalogue Curated\West Point\Other\lot_billboard_07_zippee.tbx
FILLER_PROP	prop	XS	6	6	36	1.0	S	outhouse	3		outhousesmall	Muldraugh	lot_outhouse_small_01	Buildings Catalogue Curated\Muldraugh\Other\lot_outhouse_small_01.tbx
FILLER_PROP	prop	XS	6	6	36	1.0	E	outhouse	1		outhousesmall	Muldraugh	lot_outhouse_small_02	Buildings Catalogue Curated\Muldraugh\Other\lot_outhouse_small_02.tbx
FILLER_PROP	prop	XS	6	6	36	1.0	S	outhouse	1		outhousesmall	Muldraugh	lot_outhouse_small_03	Buildings Catalogue Curated\Muldraugh\Other\lot_outhouse_small_03.tbx
FILLER_PROP	prop	XS	6	6	36	1.0	S	outhouse	3	Buildings Catalogue Curated\Muldraugh\Other\lot_outhouse_small_01.tbx	outhousesmall	Valley Station	lot_outhouse_small_01	Buildings Catalogue Curated\Valley Station\Other\lot_outhouse_small_01.tbx
FILLER_PROP	prop	XS	6	6	36	1.0	S	outhouse	3	Buildings Catalogue Curated\Muldraugh\Other\lot_outhouse_small_01.tbx	outhousesmall	West Point	lot_outhouse_small_01	Buildings Catalogue Curated\West Point\Other\lot_outhouse_small_01.tbx
FILLER_PROP	prop	XS	9	3	27	3.0	N		1		container	Loose	container1	Misc Industry\container1.tbx
FILLER_PROP	prop	XS	9	3	27	3.0	N		1		container	Loose	container2	Misc Industry\container2.tbx
FILLER_PROP	prop	XS	9	3	27	3.0	N		1		container	Loose	container3	Misc Industry\container3.tbx
FILLER_PROP	prop	XS	5	5	25	1.0	S		6		portalet	Dixie	lot_portalet_02_S	Buildings Catalogue Curated\Dixie\Other\lot_portalet_02_S.tbx
FILLER_PROP	prop	XS	5	5	25	1.0	E		4		portalet	Muldraugh	lot_portalet_01_E	Buildings Catalogue Curated\Muldraugh\Other\lot_portalet_01_E.tbx
FILLER_PROP	prop	XS	5	5	25	1.0	S		6	Buildings Catalogue Curated\Dixie\Other\lot_portalet_02_S.tbx	portalet	Muldraugh	lot_portalet_02_S	Buildings Catalogue Curated\Muldraugh\Other\lot_portalet_02_S.tbx
FILLER_PROP	prop	XS	5	5	25	1.0	E		4	Buildings Catalogue Curated\Muldraugh\Other\lot_portalet_01_E.tbx	portalet	Riverwood	lot_portalet_01_E	Buildings Catalogue Curated\Riverwood\Other\lot_portalet_01_E.tbx
FILLER_PROP	prop	XS	5	5	25	1.0	S		6	Buildings Catalogue Curated\Dixie\Other\lot_portalet_02_S.tbx	portalet	Riverwood	lot_portalet_02_S	Buildings Catalogue Curated\Riverwood\Other\lot_portalet_02_S.tbx
FILLER_PROP	prop	XS	5	5	25	1.0	S		6	Buildings Catalogue Curated\Dixie\Other\lot_portalet_02_S.tbx	portalet	Rosewood	lot_portalet_02_S	Buildings Catalogue Curated\Rosewood\Other\lot_portalet_02_S.tbx
FILLER_PROP	prop	XS	5	5	25	1.0	N	gate	1		gate	Valley Station	lot_gate_01_N	Buildings Catalogue Curated\Valley Station\Other\lot_gate_01_N.tbx
FILLER_PROP	prop	XS	5	5	25	1.0	N	gate	1		gatenb	Valley Station	lot_gate_01_Nb	Buildings Catalogue Curated\Valley Station\Other\lot_gate_01_Nb.tbx
FILLER_PROP	prop	XS	5	5	25	1.0	N	gate	1		gatewb	Valley Station	lot_gate_01_Wb	Buildings Catalogue Curated\Valley Station\Other\lot_gate_01_Wb.tbx
FILLER_PROP	prop	XS	5	5	25	1.0	E		4	Buildings Catalogue Curated\Muldraugh\Other\lot_portalet_01_E.tbx	portalet	Valley Station	lot_portalet_01_E	Buildings Catalogue Curated\Valley Station\Other\lot_portalet_01_E.tbx
FILLER_PROP	prop	XS	5	5	25	1.0	S		6	Buildings Catalogue Curated\Dixie\Other\lot_portalet_02_S.tbx	portalet	Valley Station	lot_portalet_02_S	Buildings Catalogue Curated\Valley Station\Other\lot_portalet_02_S.tbx
FILLER_PROP	prop	XS	5	5	25	1.0	E		4	Buildings Catalogue Curated\Muldraugh\Other\lot_portalet_01_E.tbx	portalet	West Point	lot_portalet_01_E	Buildings Catalogue Curated\West Point\Other\lot_portalet_01_E.tbx
FILLER_PROP	prop	XS	5	5	25	1.0	S		6	Buildings Catalogue Curated\Dixie\Other\lot_portalet_02_S.tbx	portalet	West Point	lot_portalet_02_S	Buildings Catalogue Curated\West Point\Other\lot_portalet_02_S.tbx
FILLER_PROP	prop	XS	5	4	20	1.25	S	electrical	1		electricalhou	Other	lot_electrical_house	Buildings Catalogue Curated\Other\Other\lot_electrical_house.tbx
FILLER_PROP	prop	XS	4	5	20	1.25	E	electrical	1		electricalhouse	Other	lot_electrical_house_E	Buildings Catalogue Curated\Other\Other\lot_electrical_house_E.tbx
FILLER_PROP	prop	XS	5	4	20	1.25	N	electrical	1		electricalhouse	Other	lot_electrical_house_N	Buildings Catalogue Curated\Other\Other\lot_electrical_house_N.tbx
FILLER_PROP	prop	XS	4	5	20	1.25	E	electrical	1		electricalhousesubstation	Other	lot_electrical_house_substation_E	Buildings Catalogue Curated\Other\Other\lot_electrical_house_substation_E.tbx
FILLER_PROP	prop	XS	5	4	20	1.25	N	electrical	1		electricalhousesubstation	Other	lot_electrical_house_substation_N	Buildings Catalogue Curated\Other\Other\lot_electrical_house_substation_N.tbx
FILLER_PROP	prop	XS	5	4	20	1.25	S	electrical	1		electricalhousesubstation	Other	lot_electrical_house_substation_S	Buildings Catalogue Curated\Other\Other\lot_electrical_house_substation_S.tbx
FILLER_PROP	prop	XS	4	4	16	1.0	N		4		parksandbox	Dixie	lot_park_sandbox_02	Buildings Catalogue Curated\Dixie\Other\lot_park_sandbox_02.tbx
FILLER_PROP	prop	XS	4	4	16	1.0	N		4	Buildings Catalogue Curated\Dixie\Other\lot_park_sandbox_02.tbx	parksandbox	March Ridge	lot_park_sandbox_02	Buildings Catalogue Curated\March Ridge\Other\lot_park_sandbox_02.tbx
FILLER_PROP	prop	XS	4	4	16	1.0	N		4	Buildings Catalogue Curated\Dixie\Other\lot_park_sandbox_02.tbx	parksandbox	Riverwood	lot_park_sandbox_02	Buildings Catalogue Curated\Riverwood\Other\lot_park_sandbox_02.tbx
FILLER_PROP	prop	XS	4	4	16	1.0	N		4	Buildings Catalogue Curated\Dixie\Other\lot_park_sandbox_02.tbx	parksandbox	Rosewood	lot_park_sandbox_02	Buildings Catalogue Curated\Rosewood\Other\lot_park_sandbox_02.tbx
FILLER_PROP	prop	XS	1	10	10	10.0	E		1		advertisementlfruit	Loose	Advertisement_L_Fruit_W	Special\Advertisement_L_Fruit_W.tbx
FILLER_PROP	prop	XS	1	10	10	10.0	E		1		advertisementlspiffo	Loose	Advertisement_L_Spiffos	Special\Advertisement_L_Spiffos.tbx
FILLER_PROP	prop	XS	3	3	9	1.0	N		4		parksandbox	March Ridge	lot_park_sandbox_01	Buildings Catalogue Curated\March Ridge\Other\lot_park_sandbox_01.tbx
FILLER_PROP	prop	XS	3	3	9	1.0	N		4	Buildings Catalogue Curated\March Ridge\Other\lot_park_sandbox_01.tbx	parksandbox	Riverwood	lot_park_sandbox_01	Buildings Catalogue Curated\Riverwood\Other\lot_park_sandbox_01.tbx
FILLER_PROP	prop	XS	3	3	9	1.0	N		4	Buildings Catalogue Curated\March Ridge\Other\lot_park_sandbox_01.tbx	parksandbox	Rosewood	lot_park_sandbox_01	Buildings Catalogue Curated\Rosewood\Other\lot_park_sandbox_01.tbx
FILLER_PROP	prop	XS	3	3	9	1.0	N		4	Buildings Catalogue Curated\March Ridge\Other\lot_park_sandbox_01.tbx	parksandbox	West Point	lot_park_sandbox_01	Buildings Catalogue Curated\West Point\Other\lot_park_sandbox_01.tbx
FILLER_PROP	prop	XS	1	1	1	1.0	N		1		elecpole	Other	lot_elec_pole_NS	Buildings Catalogue Curated\Other\Other\lot_elec_pole_NS.tbx
FILLER_PROP	prop	XS	1	1	1	1.0	N		1		elecpole	Other	lot_elec_pole_WE	Buildings Catalogue Curated\Other\Other\lot_elec_pole_WE.tbx
FILLER_PROP	vehicle_static	S	9	9	81	1.0	E	truck	3		truckgeneric	Dixie	lot_truck_05_generic	Buildings Catalogue Curated\Dixie\Other\lot_truck_05_generic.tbx
FILLER_PROP	vehicle_static	S	9	9	81	1.0	N	truck	2		trucklogging	Muldraugh	lot_truck_01_logging	Buildings Catalogue Curated\Muldraugh\Other\lot_truck_01_logging.tbx
FILLER_PROP	vehicle_static	S	9	9	81	1.0	N	truck	4		trucklogging	Muldraugh	lot_truck_02_logging	Buildings Catalogue Curated\Muldraugh\Other\lot_truck_02_logging.tbx
FILLER_PROP	vehicle_static	S	9	9	81	1.0	E	truck	2		trucklogging	Muldraugh	lot_truck_03_logging	Buildings Catalogue Curated\Muldraugh\Other\lot_truck_03_logging.tbx
FILLER_PROP	vehicle_static	S	9	9	81	1.0	E	truck	2		trucklogging	Muldraugh	lot_truck_04_logging	Buildings Catalogue Curated\Muldraugh\Other\lot_truck_04_logging.tbx
FILLER_PROP	vehicle_static	S	9	9	81	1.0	E	truck	3	Buildings Catalogue Curated\Dixie\Other\lot_truck_05_generic.tbx	truckgeneric	Muldraugh	lot_truck_05_generic	Buildings Catalogue Curated\Muldraugh\Other\lot_truck_05_generic.tbx
FILLER_PROP	vehicle_static	S	9	9	81	1.0	E	truck	1		truckcitr	Muldraugh	lot_truck_06_citr-8	Buildings Catalogue Curated\Muldraugh\Other\lot_truck_06_citr-8.tbx
FILLER_PROP	vehicle_static	S	9	9	81	1.0	N	truck	4	Buildings Catalogue Curated\Muldraugh\Other\lot_truck_02_logging.tbx	trucklogging	Riverwood	lot_truck_02_logging	Buildings Catalogue Curated\Riverwood\Other\lot_truck_02_logging.tbx
FILLER_PROP	vehicle_static	S	9	9	81	1.0	E	truck	2	Buildings Catalogue Curated\Muldraugh\Other\lot_truck_04_logging.tbx	trucklogging	Riverwood	lot_truck_04_logging	Buildings Catalogue Curated\Riverwood\Other\lot_truck_04_logging.tbx
FILLER_PROP	vehicle_static	S	9	9	81	1.0	N	truck	2	Buildings Catalogue Curated\Muldraugh\Other\lot_truck_01_logging.tbx	trucklogging	Valley Station	lot_truck_01_logging	Buildings Catalogue Curated\Valley Station\Other\lot_truck_01_logging.tbx
FILLER_PROP	vehicle_static	S	9	9	81	1.0	N	truck	4	Buildings Catalogue Curated\Muldraugh\Other\lot_truck_02_logging.tbx	trucklogging	Valley Station	lot_truck_02_logging	Buildings Catalogue Curated\Valley Station\Other\lot_truck_02_logging.tbx
FILLER_PROP	vehicle_static	S	9	9	81	1.0	E	truck	2	Buildings Catalogue Curated\Muldraugh\Other\lot_truck_03_logging.tbx	trucklogging	Valley Station	lot_truck_03_logging	Buildings Catalogue Curated\Valley Station\Other\lot_truck_03_logging.tbx
FILLER_PROP	vehicle_static	S	9	9	81	1.0	N	truck	4	Buildings Catalogue Curated\Muldraugh\Other\lot_truck_02_logging.tbx	trucklogging	West Point	lot_truck_02_logging	Buildings Catalogue Curated\West Point\Other\lot_truck_02_logging.tbx
FILLER_PROP	vehicle_static	S	9	9	81	1.0	E	truck	3	Buildings Catalogue Curated\Dixie\Other\lot_truck_05_generic.tbx	truckgeneric	West Point	lot_truck_05_generic	Buildings Catalogue Curated\West Point\Other\lot_truck_05_generic.tbx
SPECIAL_LANDMARK	special	XXL	200	200	40000	1.0	E		1		infestedsurvivalistbunker	Loose	InfestedSurvivalistBunker	Special\InfestedSurvivalistBunker.tbx
SPECIAL_LANDMARK	special	XL	50	60	3000	1.2	S		1		indigosscarfacehou	Loose	Indigos_scarfacehouse	Special\Indigos_scarfacehouse.tbx
SPECIAL_LANDMARK	special	L	31	31	961	1.0	S		1		castl	Loose	Castle	Special\Castle.tbx
SPECIAL_LANDMARK	special	L	25	27	675	1.08	N		1		watower	Loose	WA_Tower	Special\WA_Tower.tbx
SPECIAL_LANDMARK	special	L	20	30	600	1.5	E		1		trainstatio	Loose	train station	Special\train station.tbx
SPECIAL_LANDMARK	special	M	23	23	529	1.0	N		1		washingtonmonument	Loose	washingtonmonumentwip	Special\washingtonmonumentwip.tbx
SPECIAL_LANDMARK	special	M	20	20	400	1.0	N		1		watower	Loose	WA_Tower_6FL	Special\WA_Tower_6FL.tbx
SPECIAL_LANDMARK	special	M	17	9	153	1.89	S		1		lighthou	Loose	lighthouse	Special\lighthouse.tbx
SPECIAL_LANDMARK	special	S	12	12	144	1.0	E		1		barn	Loose	barn1	Special\barn1.tbx
SPECIAL_LANDMARK	special	S	10	10	100	1.0	E		1		laststandcover	West Point	lot_laststand_01_cover	Buildings Catalogue Curated\West Point\Other\lot_laststand_01_cover.tbx
SPECIAL_LANDMARK	special	S	10	10	100	1.0	S		1		airtrafficandcontroltowersouth	Loose	Air_Traffic_and_Control_Tower_South	Special\Air_Traffic_and_Control_Tower_South.tbx
SPECIAL_LANDMARK	special	S	6	10	60	1.67	E		1		traincart	Loose	train_cart1	Special\train_cart1.tbx
SPECIAL_LANDMARK	special	S	6	10	60	1.67	E		1		traincart	Loose	train_cart2	Special\train_cart2.tbx
SPECIAL_LANDMARK	special	S	6	10	60	1.67	E		1		traincart	Loose	train_cart3	Special\train_cart3.tbx
SPECIAL_LANDMARK	special	S	6	10	60	1.67	E		1		traincart	Loose	train_cart4	Special\train_cart4.tbx
SPECIAL_LANDMARK	special	XS	7	7	49	1.0	N		1		highwayadverstisenorth	Loose	highway_adverstisenorth1	Special\highway_adverstisenorth1.tbx
SPECIAL_LANDMARK	special	XS	7	7	49	1.0	N		1		highwayadverstisewest	Loose	highway_adverstisewest	Special\highway_adverstisewest.tbx
SPECIAL_LANDMARK	special	XS	7	7	49	1.0	N		1		highwayadverstisewest	Loose	highway_adverstisewest1	Special\highway_adverstisewest1.tbx
SPECIAL_LANDMARK	special	XS	5	5	25	1.0	N		1		watchhouse	Loose	watchhouse1	Special\watchhouse1.tbx
SPECIAL_LANDMARK	special	XS	4	4	16	1.0	W		1		lowblind	Loose	lowblind	Special\lowblind.tbx
SPECIAL_LANDMARK	special	XS	3	3	9	1.0	N		1		ballpumphou	Loose	Ball-pumphouse	Special\Ball-pumphouse.tbx
SPECIAL_LANDMARK	special	XS	3	1	3	3.0	N		1		ballfsign	Loose	Ball-fsign1	Special\Ball-fsign1.tbx
SPECIAL_LANDMARK	special	XS	1	3	3	3.0	E		1		ballfsign	Loose	Ball-fsign2	Special\Ball-fsign2.tbx
